Matricule Bus,Type Bus,Capacité,Nom de la Ligne,Arrêts,Heure Depart,Date Depart
FNX-001,VIP 50,50,Axe Lourd (Douala-Yaoundé),Douala-Edea-Yaoundé,05:00,2026-09-22
FNX-026,VIP 50,50,Axe Lourd (Yaoundé-Douala),Yaoundé-Edea-Douala,05:00,2026-09-22
FNX-002,VIP 50,50,Axe Lourd (Douala-Yaoundé),Douala-Edea-Yaoundé,05:20,2026-09-22
FNX-027,VIP 70,70,Axe Lourd (Yaoundé-Douala),Yaoundé-Edea-Douala,05:20,2026-09-22
FNX-003,VIP 50,50,Axe Lourd (Douala-Yaoundé),Douala-Edea-Yaoundé,05:40,2026-09-22
FNX-028,VIP 50,50,Axe Lourd (Yaoundé-Douala),Yaoundé-Edea-Douala,05:40,2026-09-22
FNX-004,VIP 50,50,Axe Lourd (Douala-Yaoundé),Douala-Edea-Yaoundé,06:00,2026-09-22
FNX-029,VIP 50,50,Axe Lourd (Yaoundé-Douala),Yaoundé-Edea-Douala,06:00,2026-09-22
FNX-005,VIP 70,70,Axe Lourd (Douala-Yaoundé),Douala-Edea-Yaoundé,06:20,2026-09-22
FNX-030,VIP 70,70,Axe Lourd (Yaoundé-Douala),Yaoundé-Edea-Douala,06:20,2026-09-22
FNX-006,VIP 50,50,Axe Lourd (Douala-Yaoundé),Douala-Edea-Yaoundé,06:40,2026-09-22
FNX-031,VIP 50,50,Axe Lourd (Yaoundé-Douala),Yaoundé-Edea-Douala,06:40,2026-09-22
FNX-007,VIP 70,70,Axe Lourd (Douala-Yaoundé),Douala-Edea-Yaoundé,07:00,2026-09-22
FNX-032,VIP 50,50,Axe Lourd (Yaoundé-Douala),Yaoundé-Edea-Douala,07:00,2026-09-22
FNX-008,VIP 70,70,Axe Lourd (Douala-Yaoundé),Douala-Edea-Yaoundé,07:20,2026-09-22
FNX-033,VIP 70,70,Axe Lourd (Yaoundé-Douala),Yaoundé-Edea-Douala,07:20,2026-09-22
FNX-009,VIP 70,70,Axe Lourd (Douala-Yaoundé),Douala-Edea-Yaoundé,07:40,2026-09-22
FNX-034,VIP 70,70,Axe Lourd (Yaoundé-Douala),Yaoundé-Edea-Douala,07:40,2026-09-22
FNX-010,VIP 50,50,Axe Lourd (Douala-Yaoundé),Douala-Edea-Yaoundé,08:00,2026-09-22
FNX-035,VIP 70,70,Axe Lourd (Yaoundé-Douala),Yaoundé-Edea-Douala,08:00,2026-09-22
FNX-011,VIP 50,50,Axe Lourd (Douala-Yaoundé),Douala-Edea-Yaoundé,08:20,2026-09-22
FNX-036,VIP 70,70,Axe Lourd (Yaoundé-Douala),Yaoundé-Edea-Douala,08:20,2026-09-22
FNX-012,VIP 50,50,Axe Lourd (Douala-Yaoundé),Douala-Edea-Yaoundé,08:40,2026-09-22
FNX-037,VIP 70,70,Axe Lourd (Yaoundé-Douala),Yaoundé-Edea-Douala,08:40,2026-09-22
FNX-013,VIP 70,70,Axe Lourd (Douala-Yaoundé),Douala-Edea-Yaoundé,09:00,2026-09-22
FNX-038,VIP 50,50,Axe Lourd (Yaoundé-Douala),Yaoundé-Edea-Douala,09:00,2026-09-22
FNX-014,VIP 50,50,Axe Lourd (Douala-Yaoundé),Douala-Edea-Yaoundé,09:20,2026-09-22
FNX-039,VIP 70,70,Axe Lourd (Yaoundé-Douala),Yaoundé-Edea-Douala,09:20,2026-09-22
FNX-015,VIP 50,50,Axe Lourd (Douala-Yaoundé),Douala-Edea-Yaoundé,09:40,2026-09-22
FNX-001,VIP 50,50,Axe Lourd (Yaoundé-Douala),Yaoundé-Edea-Douala,09:40,2026-09-22
FNX-016,VIP 50,50,Axe Lourd (Douala-Yaoundé),Douala-Edea-Yaoundé,10:00,2026-09-22
FNX-002,VIP 50,50,Axe Lourd (Yaoundé-Douala),Yaoundé-Edea-Douala,10:00,2026-09-22
FNX-017,VIP 50,50,Axe Lourd (Douala-Yaoundé),Douala-Edea-Yaoundé,10:20,2026-09-22
FNX-003,VIP 50,50,Axe Lourd (Yaoundé-Douala),Yaoundé-Edea-Douala,10:20,2026-09-22
FNX-018,VIP 70,70,Axe Lourd (Douala-Yaoundé),Douala-Edea-Yaoundé,10:40,2026-09-22
FNX-004,VIP 50,50,Axe Lourd (Yaoundé-Douala),Yaoundé-Edea-Douala,10:40,2026-09-22
FNX-019,VIP 50,50,Axe Lourd (Douala-Yaoundé),Douala-Edea-Yaoundé,11:00,2026-09-22
FNX-005,VIP 70,70,Axe Lourd (Yaoundé-Douala),Yaoundé-Edea-Douala,11:00,2026-09-22
FNX-020,VIP 70,70,Axe Lourd (Douala-Yaoundé),Douala-Edea-Yaoundé,11:20,2026-09-22
FNX-006,VIP 50,50,Axe Lourd (Yaoundé-Douala),Yaoundé-Edea-Douala,11:20,2026-09-22
FNX-021,VIP 70,70,Axe Lourd (Douala-Yaoundé),Douala-Edea-Yaoundé,11:40,2026-09-22
FNX-007,VIP 70,70,Axe Lourd (Yaoundé-Douala),Yaoundé-Edea-Douala,11:40,2026-09-22
FNX-022,VIP 50,50,Axe Lourd (Douala-Yaoundé),Douala-Edea-Yaoundé,12:00,2026-09-22
FNX-008,VIP 70,70,Axe Lourd (Yaoundé-Douala),Yaoundé-Edea-Douala,12:00,2026-09-22
FNX-023,VIP 50,50,Axe Lourd (Douala-Yaoundé),Douala-Edea-Yaoundé,12:20,2026-09-22
FNX-009,VIP 70,70,Axe Lourd (Yaoundé-Douala),Yaoundé-Edea-Douala,12:20,2026-09-22
FNX-024,VIP 50,50,Axe Lourd (Douala-Yaoundé),Douala-Edea-Yaoundé,12:40,2026-09-22
FNX-010,VIP 50,50,Axe Lourd (Yaoundé-Douala),Yaoundé-Edea-Douala,12:40,2026-09-22
FNX-025,VIP 50,50,Axe Lourd (Douala-Yaoundé),Douala-Edea-Yaoundé,13:00,2026-09-22
FNX-011,VIP 50,50,Axe Lourd (Yaoundé-Douala),Yaoundé-Edea-Douala,13:00,2026-09-22
FNX-026,VIP 50,50,Axe Lourd (Douala-Yaoundé),Douala-Edea-Yaoundé,13:20,2026-09-22
FNX-012,VIP 50,50,Axe Lourd (Yaoundé-Douala),Yaoundé-Edea-Douala,13:20,2026-09-22
FNX-027,VIP 70,70,Axe Lourd (Douala-Yaoundé),Douala-Edea-Yaoundé,13:40,2026-09-22
FNX-013,VIP 70,70,Axe Lourd (Yaoundé-Douala),Yaoundé-Edea-Douala,13:40,2026-09-22
FNX-028,VIP 50,50,Axe Lourd (Douala-Yaoundé),Douala-Edea-Yaoundé,14:00,2026-09-22
FNX-014,VIP 50,50,Axe Lourd (Yaoundé-Douala),Yaoundé-Edea-Douala,14:00,2026-09-22
FNX-001,VIP 50,50,Axe Lourd (Douala-Yaoundé),Douala-Edea-Yaoundé,14:20,2026-09-22
FNX-015,VIP 50,50,Axe Lourd (Yaoundé-Douala),Yaoundé-Edea-Douala,14:20,2026-09-22
FNX-002,VIP 50,50,Axe Lourd (Douala-Yaoundé),Douala-Edea-Yaoundé,14:40,2026-09-22
FNX-016,VIP 50,50,Axe Lourd (Yaoundé-Douala),Yaoundé-Edea-Douala,14:40,2026-09-22
FNX-003,VIP 50,50,Axe Lourd (Douala-Yaoundé),Douala-Edea-Yaoundé,15:00,2026-09-22
FNX-017,VIP 50,50,Axe Lourd (Yaoundé-Douala),Yaoundé-Edea-Douala,15:00,2026-09-22
FNX-004,VIP 50,50,Axe Lourd (Douala-Yaoundé),Douala-Edea-Yaoundé,15:20,2026-09-22
FNX-018,VIP 70,70,Axe Lourd (Yaoundé-Douala),Yaoundé-Edea-Douala,15:20,2026-09-22
FNX-005,VIP 70,70,Axe Lourd (Douala-Yaoundé),Douala-Edea-Yaoundé,15:40,2026-09-22
FNX-019,VIP 50,50,Axe Lourd (Yaoundé-Douala),Yaoundé-Edea-Douala,15:40,2026-09-22
FNX-006,VIP 50,50,Axe Lourd (Douala-Yaoundé),Douala-Edea-Yaoundé,16:00,2026-09-22
FNX-020,VIP 70,70,Axe Lourd (Yaoundé-Douala),Yaoundé-Edea-Douala,16:00,2026-09-22
FNX-007,VIP 70,70,Axe Lourd (Douala-Yaoundé),Douala-Edea-Yaoundé,16:20,2026-09-22
FNX-021,VIP 70,70,Axe Lourd (Yaoundé-Douala),Yaoundé-Edea-Douala,16:20,2026-09-22
FNX-008,VIP 70,70,Axe Lourd (Douala-Yaoundé),Douala-Edea-Yaoundé,16:40,2026-09-22
FNX-022,VIP 50,50,Axe Lourd (Yaoundé-Douala),Yaoundé-Edea-Douala,16:40,2026-09-22
FNX-009,VIP 70,70,Axe Lourd (Douala-Yaoundé),Douala-Edea-Yaoundé,17:00,2026-09-22
FNX-023,VIP 50,50,Axe Lourd (Yaoundé-Douala),Yaoundé-Edea-Douala,17:00,2026-09-22
FNX-010,VIP 50,50,Axe Lourd (Douala-Yaoundé),Douala-Edea-Yaoundé,17:20,2026-09-22
FNX-024,VIP 50,50,Axe Lourd (Yaoundé-Douala),Yaoundé-Edea-Douala,17:20,2026-09-22
FNX-011,VIP 50,50,Axe Lourd (Douala-Yaoundé),Douala-Edea-Yaoundé,17:40,2026-09-22
FNX-025,VIP 50,50,Axe Lourd (Yaoundé-Douala),Yaoundé-Edea-Douala,17:40,2026-09-22
FNX-012,VIP 50,50,Axe Lourd (Douala-Yaoundé),Douala-Edea-Yaoundé,18:00,2026-09-22
FNX-026,VIP 50,50,Axe Lourd (Yaoundé-Douala),Yaoundé-Edea-Douala,18:00,2026-09-22
FNX-013,VIP 70,70,Axe Lourd (Douala-Yaoundé),Douala-Edea-Yaoundé,18:20,2026-09-22
FNX-027,VIP 70,70,Axe Lourd (Yaoundé-Douala),Yaoundé-Edea-Douala,18:20,2026-09-22
FNX-014,VIP 50,50,Axe Lourd (Douala-Yaoundé),Douala-Edea-Yaoundé,18:40,2026-09-22
FNX-028,VIP 50,50,Axe Lourd (Yaoundé-Douala),Yaoundé-Edea-Douala,18:40,2026-09-22
FNX-015,VIP 50,50,Axe Lourd (Douala-Yaoundé),Douala-Edea-Yaoundé,19:00,2026-09-22
FNX-001,VIP 50,50,Axe Lourd (Yaoundé-Douala),Yaoundé-Edea-Douala,19:00,2026-09-22
FNX-016,VIP 50,50,Axe Lourd (Douala-Yaoundé),Douala-Edea-Yaoundé,19:20,2026-09-22
FNX-002,VIP 50,50,Axe Lourd (Yaoundé-Douala),Yaoundé-Edea-Douala,19:20,2026-09-22
FNX-017,VIP 50,50,Axe Lourd (Douala-Yaoundé),Douala-Edea-Yaoundé,19:40,2026-09-22
FNX-003,VIP 50,50,Axe Lourd (Yaoundé-Douala),Yaoundé-Edea-Douala,19:40,2026-09-22
FNX-018,VIP 70,70,Axe Lourd (Douala-Yaoundé),Douala-Edea-Yaoundé,20:00,2026-09-22
FNX-004,VIP 50,50,Axe Lourd (Yaoundé-Douala),Yaoundé-Edea-Douala,20:00,2026-09-22
FNX-019,VIP 50,50,Axe Lourd (Douala-Yaoundé),Douala-Edea-Yaoundé,20:20,2026-09-22
FNX-005,VIP 70,70,Axe Lourd (Yaoundé-Douala),Yaoundé-Edea-Douala,20:20,2026-09-22
FNX-020,VIP 70,70,Axe Lourd (Douala-Yaoundé),Douala-Edea-Yaoundé,20:40,2026-09-22
FNX-006,VIP 50,50,Axe Lourd (Yaoundé-Douala),Yaoundé-Edea-Douala,20:40,2026-09-22
FNX-001,VIP 50,50,Axe Lourd (Douala-Yaoundé),Douala-Edea-Yaoundé,05:00,2026-09-23
FNX-007,VIP 70,70,Axe Lourd (Yaoundé-Douala),Yaoundé-Edea-Douala,05:00,2026-09-23
FNX-002,VIP 50,50,Axe Lourd (Douala-Yaoundé),Douala-Edea-Yaoundé,05:20,2026-09-23
FNX-008,VIP 70,70,Axe Lourd (Yaoundé-Douala),Yaoundé-Edea-Douala,05:20,2026-09-23
FNX-003,VIP 50,50,Axe Lourd (Douala-Yaoundé),Douala-Edea-Yaoundé,05:40,2026-09-23
FNX-009,VIP 70,70,Axe Lourd (Yaoundé-Douala),Yaoundé-Edea-Douala,05:40,2026-09-23
FNX-004,VIP 50,50,Axe Lourd (Douala-Yaoundé),Douala-Edea-Yaoundé,06:00,2026-09-23
FNX-010,VIP 50,50,Axe Lourd (Yaoundé-Douala),Yaoundé-Edea-Douala,06:00,2026-09-23
FNX-005,VIP 70,70,Axe Lourd (Douala-Yaoundé),Douala-Edea-Yaoundé,06:20,2026-09-23
FNX-011,VIP 50,50,Axe Lourd (Yaoundé-Douala),Yaoundé-Edea-Douala,06:20,2026-09-23
FNX-006,VIP 50,50,Axe Lourd (Douala-Yaoundé),Douala-Edea-Yaoundé,06:40,2026-09-23
FNX-012,VIP 50,50,Axe Lourd (Yaoundé-Douala),Yaoundé-Edea-Douala,06:40,2026-09-23
FNX-021,VIP 70,70,Axe Lourd (Douala-Yaoundé),Douala-Edea-Yaoundé,07:00,2026-09-23
FNX-013,VIP 70,70,Axe Lourd (Yaoundé-Douala),Yaoundé-Edea-Douala,07:00,2026-09-23
FNX-022,VIP 50,50,Axe Lourd (Douala-Yaoundé),Douala-Edea-Yaoundé,07:20,2026-09-23
FNX-014,VIP 50,50,Axe Lourd (Yaoundé-Douala),Yaoundé-Edea-Douala,07:20,2026-09-23
FNX-023,VIP 50,50,Axe Lourd (Douala-Yaoundé),Douala-Edea-Yaoundé,07:40,2026-09-23
FNX-015,VIP 50,50,Axe Lourd (Yaoundé-Douala),Yaoundé-Edea-Douala,07:40,2026-09-23
FNX-024,VIP 50,50,Axe Lourd (Douala-Yaoundé),Douala-Edea-Yaoundé,08:00,2026-09-23
FNX-016,VIP 50,50,Axe Lourd (Yaoundé-Douala),Yaoundé-Edea-Douala,08:00,2026-09-23
FNX-025,VIP 50,50,Axe Lourd (Douala-Yaoundé),Douala-Edea-Yaoundé,08:20,2026-09-23
FNX-017,VIP 50,50,Axe Lourd (Yaoundé-Douala),Yaoundé-Edea-Douala,08:20,2026-09-23
FNX-026,VIP 50,50,Axe Lourd (Douala-Yaoundé),Douala-Edea-Yaoundé,08:40,2026-09-23
FNX-018,VIP 70,70,Axe Lourd (Yaoundé-Douala),Yaoundé-Edea-Douala,08:40,2026-09-23
FNX-027,VIP 70,70,Axe Lourd (Douala-Yaoundé),Douala-Edea-Yaoundé,09:00,2026-09-23
FNX-019,VIP 50,50,Axe Lourd (Yaoundé-Douala),Yaoundé-Edea-Douala,09:00,2026-09-23
FNX-028,VIP 50,50,Axe Lourd (Douala-Yaoundé),Douala-Edea-Yaoundé,09:20,2026-09-23
FNX-020,VIP 70,70,Axe Lourd (Yaoundé-Douala),Yaoundé-Edea-Douala,09:20,2026-09-23
FNX-007,VIP 70,70,Axe Lourd (Douala-Yaoundé),Douala-Edea-Yaoundé,09:40,2026-09-23
FNX-001,VIP 50,50,Axe Lourd (Yaoundé-Douala),Yaoundé-Edea-Douala,09:40,2026-09-23
FNX-008,VIP 70,70,Axe Lourd (Douala-Yaoundé),Douala-Edea-Yaoundé,10:00,2026-09-23
FNX-002,VIP 50,50,Axe Lourd (Yaoundé-Douala),Yaoundé-Edea-Douala,10:00,2026-09-23
FNX-009,VIP 70,70,Axe Lourd (Douala-Yaoundé),Douala-Edea-Yaoundé,10:20,2026-09-23
FNX-003,VIP 50,50,Axe Lourd (Yaoundé-Douala),Yaoundé-Edea-Douala,10:20,2026-09-23
FNX-010,VIP 50,50,Axe Lourd (Douala-Yaoundé),Douala-Edea-Yaoundé,10:40,2026-09-23
FNX-004,VIP 50,50,Axe Lourd (Yaoundé-Douala),Yaoundé-Edea-Douala,10:40,2026-09-23
FNX-011,VIP 50,50,Axe Lourd (Douala-Yaoundé),Douala-Edea-Yaoundé,11:00,2026-09-23
FNX-005,VIP 70,70,Axe Lourd (Yaoundé-Douala),Yaoundé-Edea-Douala,11:00,2026-09-23
FNX-012,VIP 50,50,Axe Lourd (Douala-Yaoundé),Douala-Edea-Yaoundé,11:20,2026-09-23
FNX-006,VIP 50,50,Axe Lourd (Yaoundé-Douala),Yaoundé-Edea-Douala,11:20,2026-09-23
FNX-013,VIP 70,70,Axe Lourd (Douala-Yaoundé),Douala-Edea-Yaoundé,11:40,2026-09-23
FNX-021,VIP 70,70,Axe Lourd (Yaoundé-Douala),Yaoundé-Edea-Douala,11:40,2026-09-23
FNX-014,VIP 50,50,Axe Lourd (Douala-Yaoundé),Douala-Edea-Yaoundé,12:00,2026-09-23
FNX-022,VIP 50,50,Axe Lourd (Yaoundé-Douala),Yaoundé-Edea-Douala,12:00,2026-09-23
FNX-015,VIP 50,50,Axe Lourd (Douala-Yaoundé),Douala-Edea-Yaoundé,12:20,2026-09-23
FNX-023,VIP 50,50,Axe Lourd (Yaoundé-Douala),Yaoundé-Edea-Douala,12:20,2026-09-23
FNX-016,VIP 50,50,Axe Lourd (Douala-Yaoundé),Douala-Edea-Yaoundé,12:40,2026-09-23
FNX-024,VIP 50,50,Axe Lourd (Yaoundé-Douala),Yaoundé-Edea-Douala,12:40,2026-09-23
FNX-017,VIP 50,50,Axe Lourd (Douala-Yaoundé),Douala-Edea-Yaoundé,13:00,2026-09-23
FNX-025,VIP 50,50,Axe Lourd (Yaoundé-Douala),Yaoundé-Edea-Douala,13:00,2026-09-23
FNX-018,VIP 70,70,Axe Lourd (Douala-Yaoundé),Douala-Edea-Yaoundé,13:20,2026-09-23
FNX-026,VIP 50,50,Axe Lourd (Yaoundé-Douala),Yaoundé-Edea-Douala,13:20,2026-09-23
FNX-019,VIP 50,50,Axe Lourd (Douala-Yaoundé),Douala-Edea-Yaoundé,13:40,2026-09-23
FNX-027,VIP 70,70,Axe Lourd (Yaoundé-Douala),Yaoundé-Edea-Douala,13:40,2026-09-23
FNX-020,VIP 70,70,Axe Lourd (Douala-Yaoundé),Douala-Edea-Yaoundé,14:00,2026-09-23
FNX-028,VIP 50,50,Axe Lourd (Yaoundé-Douala),Yaoundé-Edea-Douala,14:00,2026-09-23
FNX-001,VIP 50,50,Axe Lourd (Douala-Yaoundé),Douala-Edea-Yaoundé,14:20,2026-09-23
FNX-007,VIP 70,70,Axe Lourd (Yaoundé-Douala),Yaoundé-Edea-Douala,14:20,2026-09-23
FNX-002,VIP 50,50,Axe Lourd (Douala-Yaoundé),Douala-Edea-Yaoundé,14:40,2026-09-23
FNX-008,VIP 70,70,Axe Lourd (Yaoundé-Douala),Yaoundé-Edea-Douala,14:40,2026-09-23
FNX-003,VIP 50,50,Axe Lourd (Douala-Yaoundé),Douala-Edea-Yaoundé,15:00,2026-09-23
FNX-009,VIP 70,70,Axe Lourd (Yaoundé-Douala),Yaoundé-Edea-Douala,15:00,2026-09-23
FNX-004,VIP 50,50,Axe Lourd (Douala-Yaoundé),Douala-Edea-Yaoundé,15:20,2026-09-23
FNX-010,VIP 50,50,Axe Lourd (Yaoundé-Douala),Yaoundé-Edea-Douala,15:20,2026-09-23
FNX-005,VIP 70,70,Axe Lourd (Douala-Yaoundé),Douala-Edea-Yaoundé,15:40,2026-09-23
FNX-011,VIP 50,50,Axe Lourd (Yaoundé-Douala),Yaoundé-Edea-Douala,15:40,2026-09-23
FNX-006,VIP 50,50,Axe Lourd (Douala-Yaoundé),Douala-Edea-Yaoundé,16:00,2026-09-23
FNX-012,VIP 50,50,Axe Lourd (Yaoundé-Douala),Yaoundé-Edea-Douala,16:00,2026-09-23
FNX-021,VIP 70,70,Axe Lourd (Douala-Yaoundé),Douala-Edea-Yaoundé,16:20,2026-09-23
FNX-013,VIP 70,70,Axe Lourd (Yaoundé-Douala),Yaoundé-Edea-Douala,16:20,2026-09-23
FNX-022,VIP 50,50,Axe Lourd (Douala-Yaoundé),Douala-Edea-Yaoundé,16:40,2026-09-23
FNX-014,VIP 50,50,Axe Lourd (Yaoundé-Douala),Yaoundé-Edea-Douala,16:40,2026-09-23
FNX-023,VIP 50,50,Axe Lourd (Douala-Yaoundé),Douala-Edea-Yaoundé,17:00,2026-09-23
FNX-015,VIP 50,50,Axe Lourd (Yaoundé-Douala),Yaoundé-Edea-Douala,17:00,2026-09-23
FNX-024,VIP 50,50,Axe Lourd (Douala-Yaoundé),Douala-Edea-Yaoundé,17:20,2026-09-23
FNX-016,VIP 50,50,Axe Lourd (Yaoundé-Douala),Yaoundé-Edea-Douala,17:20,2026-09-23
FNX-025,VIP 50,50,Axe Lourd (Douala-Yaoundé),Douala-Edea-Yaoundé,17:40,2026-09-23
FNX-017,VIP 50,50,Axe Lourd (Yaoundé-Douala),Yaoundé-Edea-Douala,17:40,2026-09-23
FNX-026,VIP 50,50,Axe Lourd (Douala-Yaoundé),Douala-Edea-Yaoundé,18:00,2026-09-23
FNX-018,VIP 70,70,Axe Lourd (Yaoundé-Douala),Yaoundé-Edea-Douala,18:00,2026-09-23
FNX-027,VIP 70,70,Axe Lourd (Douala-Yaoundé),Douala-Edea-Yaoundé,18:20,2026-09-23
FNX-019,VIP 50,50,Axe Lourd (Yaoundé-Douala),Yaoundé-Edea-Douala,18:20,2026-09-23
FNX-028,VIP 50,50,Axe Lourd (Douala-Yaoundé),Douala-Edea-Yaoundé,18:40,2026-09-23
FNX-020,VIP 70,70,Axe Lourd (Yaoundé-Douala),Yaoundé-Edea-Douala,18:40,2026-09-23
FNX-007,VIP 70,70,Axe Lourd (Douala-Yaoundé),Douala-Edea-Yaoundé,19:00,2026-09-23
FNX-001,VIP 50,50,Axe Lourd (Yaoundé-Douala),Yaoundé-Edea-Douala,19:00,2026-09-23
FNX-008,VIP 70,70,Axe Lourd (Douala-Yaoundé),Douala-Edea-Yaoundé,19:20,2026-09-23
FNX-002,VIP 50,50,Axe Lourd (Yaoundé-Douala),Yaoundé-Edea-Douala,19:20,2026-09-23
FNX-009,VIP 70,70,Axe Lourd (Douala-Yaoundé),Douala-Edea-Yaoundé,19:40,2026-09-23
FNX-003,VIP 50,50,Axe Lourd (Yaoundé-Douala),Yaoundé-Edea-Douala,19:40,2026-09-23
FNX-010,VIP 50,50,Axe Lourd (Douala-Yaoundé),Douala-Edea-Yaoundé,20:00,2026-09-23
FNX-004,VIP 50,50,Axe Lourd (Yaoundé-Douala),Yaoundé-Edea-Douala,20:00,2026-09-23
FNX-011,VIP 50,50,Axe Lourd (Douala-Yaoundé),Douala-Edea-Yaoundé,20:20,2026-09-23
FNX-005,VIP 70,70,Axe Lourd (Yaoundé-Douala),Yaoundé-Edea-Douala,20:20,2026-09-23
FNX-012,VIP 50,50,Axe Lourd (Douala-Yaoundé),Douala-Edea-Yaoundé,20:40,2026-09-23
FNX-006,VIP 50,50,Axe Lourd (Yaoundé-Douala),Yaoundé-Edea-Douala,20:40,2026-09-23
FNX-001,VIP 50,50,Axe Lourd (Douala-Yaoundé),Douala-Edea-Yaoundé,05:00,2026-09-24
FNX-007,VIP 70,70,Axe Lourd (Yaoundé-Douala),Yaoundé-Edea-Douala,05:00,2026-09-24
FNX-002,VIP 50,50,Axe Lourd (Douala-Yaoundé),Douala-Edea-Yaoundé,05:20,2026-09-24
FNX-008,VIP 70,70,Axe Lourd (Yaoundé-Douala),Yaoundé-Edea-Douala,05:20,2026-09-24
FNX-003,VIP 50,50,Axe Lourd (Douala-Yaoundé),Douala-Edea-Yaoundé,05:40,2026-09-24
FNX-009,VIP 70,70,Axe Lourd (Yaoundé-Douala),Yaoundé-Edea-Douala,05:40,2026-09-24
FNX-004,VIP 50,50,Axe Lourd (Douala-Yaoundé),Douala-Edea-Yaoundé,06:00,2026-09-24
FNX-010,VIP 50,50,Axe Lourd (Yaoundé-Douala),Yaoundé-Edea-Douala,06:00,2026-09-24
FNX-005,VIP 70,70,Axe Lourd (Douala-Yaoundé),Douala-Edea-Yaoundé,06:20,2026-09-24
FNX-011,VIP 50,50,Axe Lourd (Yaoundé-Douala),Yaoundé-Edea-Douala,06:20,2026-09-24
FNX-006,VIP 50,50,Axe Lourd (Douala-Yaoundé),Douala-Edea-Yaoundé,06:40,2026-09-24
FNX-012,VIP 50,50,Axe Lourd (Yaoundé-Douala),Yaoundé-Edea-Douala,06:40,2026-09-24
FNX-013,VIP 70,70,Axe Lourd (Douala-Yaoundé),Douala-Edea-Yaoundé,07:00,2026-09-24
FNX-021,VIP 70,70,Axe Lourd (Yaoundé-Douala),Yaoundé-Edea-Douala,07:00,2026-09-24
FNX-014,VIP 50,50,Axe Lourd (Douala-Yaoundé),Douala-Edea-Yaoundé,07:20,2026-09-24
FNX-022,VIP 50,50,Axe Lourd (Yaoundé-Douala),Yaoundé-Edea-Douala,07:20,2026-09-24
FNX-015,VIP 50,50,Axe Lourd (Douala-Yaoundé),Douala-Edea-Yaoundé,07:40,2026-09-24
FNX-023,VIP 50,50,Axe Lourd (Yaoundé-Douala),Yaoundé-Edea-Douala,07:40,2026-09-24
FNX-016,VIP 50,50,Axe Lourd (Douala-Yaoundé),Douala-Edea-Yaoundé,08:00,2026-09-24
FNX-024,VIP 50,50,Axe Lourd (Yaoundé-Douala),Yaoundé-Edea-Douala,08:00,2026-09-24
FNX-017,VIP 50,50,Axe Lourd (Douala-Yaoundé),Douala-Edea-Yaoundé,08:20,2026-09-24
FNX-025,VIP 50,50,Axe Lourd (Yaoundé-Douala),Yaoundé-Edea-Douala,08:20,2026-09-24
FNX-018,VIP 70,70,Axe Lourd (Douala-Yaoundé),Douala-Edea-Yaoundé,08:40,2026-09-24
FNX-026,VIP 50,50,Axe Lourd (Yaoundé-Douala),Yaoundé-Edea-Douala,08:40,2026-09-24
FNX-019,VIP 50,50,Axe Lourd (Douala-Yaoundé),Douala-Edea-Yaoundé,09:00,2026-09-24
FNX-027,VIP 70,70,Axe Lourd (Yaoundé-Douala),Yaoundé-Edea-Douala,09:00,2026-09-24
FNX-020,VIP 70,70,Axe Lourd (Douala-Yaoundé),Douala-Edea-Yaoundé,09:20,2026-09-24
FNX-028,VIP 50,50,Axe Lourd (Yaoundé-Douala),Yaoundé-Edea-Douala,09:20,2026-09-24
FNX-007,VIP 70,70,Axe Lourd (Douala-Yaoundé),Douala-Edea-Yaoundé,09:40,2026-09-24
FNX-001,VIP 50,50,Axe Lourd (Yaoundé-Douala),Yaoundé-Edea-Douala,09:40,2026-09-24
FNX-008,VIP 70,70,Axe Lourd (Douala-Yaoundé),Douala-Edea-Yaoundé,10:00,2026-09-24
FNX-002,VIP 50,50,Axe Lourd (Yaoundé-Douala),Yaoundé-Edea-Douala,10:00,2026-09-24
FNX-009,VIP 70,70,Axe Lourd (Douala-Yaoundé),Douala-Edea-Yaoundé,10:20,2026-09-24
FNX-003,VIP 50,50,Axe Lourd (Yaoundé-Douala),Yaoundé-Edea-Douala,10:20,2026-09-24
FNX-010,VIP 50,50,Axe Lourd (Douala-Yaoundé),Douala-Edea-Yaoundé,10:40,2026-09-24
FNX-004,VIP 50,50,Axe Lourd (Yaoundé-Douala),Yaoundé-Edea-Douala,10:40,2026-09-24
FNX-011,VIP 50,50,Axe Lourd (Douala-Yaoundé),Douala-Edea-Yaoundé,11:00,2026-09-24
FNX-005,VIP 70,70,Axe Lourd (Yaoundé-Douala),Yaoundé-Edea-Douala,11:00,2026-09-24
FNX-012,VIP 50,50,Axe Lourd (Douala-Yaoundé),Douala-Edea-Yaoundé,11:20,2026-09-24
FNX-006,VIP 50,50,Axe Lourd (Yaoundé-Douala),Yaoundé-Edea-Douala,11:20,2026-09-24
FNX-021,VIP 70,70,Axe Lourd (Douala-Yaoundé),Douala-Edea-Yaoundé,11:40,2026-09-24
FNX-013,VIP 70,70,Axe Lourd (Yaoundé-Douala),Yaoundé-Edea-Douala,11:40,2026-09-24
FNX-022,VIP 50,50,Axe Lourd (Douala-Yaoundé),Douala-Edea-Yaoundé,12:00,2026-09-24
FNX-014,VIP 50,50,Axe Lourd (Yaoundé-Douala),Yaoundé-Edea-Douala,12:00,2026-09-24
FNX-023,VIP 50,50,Axe Lourd (Douala-Yaoundé),Douala-Edea-Yaoundé,12:20,2026-09-24
FNX-015,VIP 50,50,Axe Lourd (Yaoundé-Douala),Yaoundé-Edea-Douala,12:20,2026-09-24
FNX-024,VIP 50,50,Axe Lourd (Douala-Yaoundé),Douala-Edea-Yaoundé,12:40,2026-09-24
FNX-016,VIP 50,50,Axe Lourd (Yaoundé-Douala),Yaoundé-Edea-Douala,12:40,2026-09-24
FNX-025,VIP 50,50,Axe Lourd (Douala-Yaoundé),Douala-Edea-Yaoundé,13:00,2026-09-24
FNX-017,VIP 50,50,Axe Lourd (Yaoundé-Douala),Yaoundé-Edea-Douala,13:00,2026-09-24
FNX-026,VIP 50,50,Axe Lourd (Douala-Yaoundé),Douala-Edea-Yaoundé,13:20,2026-09-24
FNX-018,VIP 70,70,Axe Lourd (Yaoundé-Douala),Yaoundé-Edea-Douala,13:20,2026-09-24
FNX-027,VIP 70,70,Axe Lourd (Douala-Yaoundé),Douala-Edea-Yaoundé,13:40,2026-09-24
FNX-019,VIP 50,50,Axe Lourd (Yaoundé-Douala),Yaoundé-Edea-Douala,13:40,2026-09-24
FNX-028,VIP 50,50,Axe Lourd (Douala-Yaoundé),Douala-Edea-Yaoundé,14:00,2026-09-24
FNX-020,VIP 70,70,Axe Lourd (Yaoundé-Douala),Yaoundé-Edea-Douala,14:00,2026-09-24
FNX-001,VIP 50,50,Axe Lourd (Douala-Yaoundé),Douala-Edea-Yaoundé,14:20,2026-09-24
FNX-007,VIP 70,70,Axe Lourd (Yaoundé-Douala),Yaoundé-Edea-Douala,14:20,2026-09-24
FNX-002,VIP 50,50,Axe Lourd (Douala-Yaoundé),Douala-Edea-Yaoundé,14:40,2026-09-24
FNX-008,VIP 70,70,Axe Lourd (Yaoundé-Douala),Yaoundé-Edea-Douala,14:40,2026-09-24
FNX-003,VIP 50,50,Axe Lourd (Douala-Yaoundé),Douala-Edea-Yaoundé,15:00,2026-09-24
FNX-009,VIP 70,70,Axe Lourd (Yaoundé-Douala),Yaoundé-Edea-Douala,15:00,2026-09-24
FNX-004,VIP 50,50,Axe Lourd (Douala-Yaoundé),Douala-Edea-Yaoundé,15:20,2026-09-24
FNX-010,VIP 50,50,Axe Lourd (Yaoundé-Douala),Yaoundé-Edea-Douala,15:20,2026-09-24
FNX-005,VIP 70,70,Axe Lourd (Douala-Yaoundé),Douala-Edea-Yaoundé,15:40,2026-09-24
FNX-011,VIP 50,50,Axe Lourd (Yaoundé-Douala),Yaoundé-Edea-Douala,15:40,2026-09-24
FNX-006,VIP 50,50,Axe Lourd (Douala-Yaoundé),Douala-Edea-Yaoundé,16:00,2026-09-24
FNX-012,VIP 50,50,Axe Lourd (Yaoundé-Douala),Yaoundé-Edea-Douala,16:00,2026-09-24
FNX-013,VIP 70,70,Axe Lourd (Douala-Yaoundé),Douala-Edea-Yaoundé,16:20,2026-09-24
FNX-021,VIP 70,70,Axe Lourd (Yaoundé-Douala),Yaoundé-Edea-Douala,16:20,2026-09-24
FNX-014,VIP 50,50,Axe Lourd (Douala-Yaoundé),Douala-Edea-Yaoundé,16:40,2026-09-24
FNX-022,VIP 50,50,Axe Lourd (Yaoundé-Douala),Yaoundé-Edea-Douala,16:40,2026-09-24
FNX-015,VIP 50,50,Axe Lourd (Douala-Yaoundé),Douala-Edea-Yaoundé,17:00,2026-09-24
FNX-023,VIP 50,50,Axe Lourd (Yaoundé-Douala),Yaoundé-Edea-Douala,17:00,2026-09-24
FNX-016,VIP 50,50,Axe Lourd (Douala-Yaoundé),Douala-Edea-Yaoundé,17:20,2026-09-24
FNX-024,VIP 50,50,Axe Lourd (Yaoundé-Douala),Yaoundé-Edea-Douala,17:20,2026-09-24
FNX-017,VIP 50,50,Axe Lourd (Douala-Yaoundé),Douala-Edea-Yaoundé,17:40,2026-09-24
FNX-025,VIP 50,50,Axe Lourd (Yaoundé-Douala),Yaoundé-Edea-Douala,17:40,2026-09-24
FNX-018,VIP 70,70,Axe Lourd (Douala-Yaoundé),Douala-Edea-Yaoundé,18:00,2026-09-24
FNX-026,VIP 50,50,Axe Lourd (Yaoundé-Douala),Yaoundé-Edea-Douala,18:00,2026-09-24
FNX-019,VIP 50,50,Axe Lourd (Douala-Yaoundé),Douala-Edea-Yaoundé,18:20,2026-09-24
FNX-027,VIP 70,70,Axe Lourd (Yaoundé-Douala),Yaoundé-Edea-Douala,18:20,2026-09-24
FNX-020,VIP 70,70,Axe Lourd (Douala-Yaoundé),Douala-Edea-Yaoundé,18:40,2026-09-24
FNX-028,VIP 50,50,Axe Lourd (Yaoundé-Douala),Yaoundé-Edea-Douala,18:40,2026-09-24
FNX-007,VIP 70,70,Axe Lourd (Douala-Yaoundé),Douala-Edea-Yaoundé,19:00,2026-09-24
FNX-001,VIP 50,50,Axe Lourd (Yaoundé-Douala),Yaoundé-Edea-Douala,19:00,2026-09-24
FNX-008,VIP 70,70,Axe Lourd (Douala-Yaoundé),Douala-Edea-Yaoundé,19:20,2026-09-24
FNX-002,VIP 50,50,Axe Lourd (Yaoundé-Douala),Yaoundé-Edea-Douala,19:20,2026-09-24
FNX-009,VIP 70,70,Axe Lourd (Douala-Yaoundé),Douala-Edea-Yaoundé,19:40,2026-09-24
FNX-003,VIP 50,50,Axe Lourd (Yaoundé-Douala),Yaoundé-Edea-Douala,19:40,2026-09-24
FNX-010,VIP 50,50,Axe Lourd (Douala-Yaoundé),Douala-Edea-Yaoundé,20:00,2026-09-24
FNX-004,VIP 50,50,Axe Lourd (Yaoundé-Douala),Yaoundé-Edea-Douala,20:00,2026-09-24
FNX-011,VIP 50,50,Axe Lourd (Douala-Yaoundé),Douala-Edea-Yaoundé,20:20,2026-09-24
FNX-005,VIP 70,70,Axe Lourd (Yaoundé-Douala),Yaoundé-Edea-Douala,20:20,2026-09-24
FNX-012,VIP 50,50,Axe Lourd (Douala-Yaoundé),Douala-Edea-Yaoundé,20:40,2026-09-24
FNX-006,VIP 50,50,Axe Lourd (Yaoundé-Douala),Yaoundé-Edea-Douala,20:40,2026-09-24
FNX-001,VIP 50,50,Axe Lourd (Douala-Yaoundé),Douala-Edea-Yaoundé,05:00,2026-09-25
FNX-007,VIP 70,70,Axe Lourd (Yaoundé-Douala),Yaoundé-Edea-Douala,05:00,2026-09-25
FNX-002,VIP 50,50,Axe Lourd (Douala-Yaoundé),Douala-Edea-Yaoundé,05:20,2026-09-25
FNX-008,VIP 70,70,Axe Lourd (Yaoundé-Douala),Yaoundé-Edea-Douala,05:20,2026-09-25
FNX-003,VIP 50,50,Axe Lourd (Douala-Yaoundé),Douala-Edea-Yaoundé,05:40,2026-09-25
FNX-009,VIP 70,70,Axe Lourd (Yaoundé-Douala),Yaoundé-Edea-Douala,05:40,2026-09-25
FNX-004,VIP 50,50,Axe Lourd (Douala-Yaoundé),Douala-Edea-Yaoundé,06:00,2026-09-25
FNX-010,VIP 50,50,Axe Lourd (Yaoundé-Douala),Yaoundé-Edea-Douala,06:00,2026-09-25
FNX-005,VIP 70,70,Axe Lourd (Douala-Yaoundé),Douala-Edea-Yaoundé,06:20,2026-09-25
FNX-011,VIP 50,50,Axe Lourd (Yaoundé-Douala),Yaoundé-Edea-Douala,06:20,2026-09-25
FNX-006,VIP 50,50,Axe Lourd (Douala-Yaoundé),Douala-Edea-Yaoundé,06:40,2026-09-25
FNX-012,VIP 50,50,Axe Lourd (Yaoundé-Douala),Yaoundé-Edea-Douala,06:40,2026-09-25
FNX-021,VIP 70,70,Axe Lourd (Douala-Yaoundé),Douala-Edea-Yaoundé,07:00,2026-09-25
FNX-013,VIP 70,70,Axe Lourd (Yaoundé-Douala),Yaoundé-Edea-Douala,07:00,2026-09-25
FNX-022,VIP 50,50,Axe Lourd (Douala-Yaoundé),Douala-Edea-Yaoundé,07:20,2026-09-25
FNX-014,VIP 50,50,Axe Lourd (Yaoundé-Douala),Yaoundé-Edea-Douala,07:20,2026-09-25
FNX-023,VIP 50,50,Axe Lourd (Douala-Yaoundé),Douala-Edea-Yaoundé,07:40,2026-09-25
FNX-015,VIP 50,50,Axe Lourd (Yaoundé-Douala),Yaoundé-Edea-Douala,07:40,2026-09-25
FNX-024,VIP 50,50,Axe Lourd (Douala-Yaoundé),Douala-Edea-Yaoundé,08:00,2026-09-25
FNX-016,VIP 50,50,Axe Lourd (Yaoundé-Douala),Yaoundé-Edea-Douala,08:00,2026-09-25
FNX-025,VIP 50,50,Axe Lourd (Douala-Yaoundé),Douala-Edea-Yaoundé,08:20,2026-09-25
FNX-017,VIP 50,50,Axe Lourd (Yaoundé-Douala),Yaoundé-Edea-Douala,08:20,2026-09-25
FNX-026,VIP 50,50,Axe Lourd (Douala-Yaoundé),Douala-Edea-Yaoundé,08:40,2026-09-25
FNX-018,VIP 70,70,Axe Lourd (Yaoundé-Douala),Yaoundé-Edea-Douala,08:40,2026-09-25
FNX-027,VIP 70,70,Axe Lourd (Douala-Yaoundé),Douala-Edea-Yaoundé,09:00,2026-09-25
FNX-019,VIP 50,50,Axe Lourd (Yaoundé-Douala),Yaoundé-Edea-Douala,09:00,2026-09-25
FNX-028,VIP 50,50,Axe Lourd (Douala-Yaoundé),Douala-Edea-Yaoundé,09:20,2026-09-25
FNX-020,VIP 70,70,Axe Lourd (Yaoundé-Douala),Yaoundé-Edea-Douala,09:20,2026-09-25
FNX-007,VIP 70,70,Axe Lourd (Douala-Yaoundé),Douala-Edea-Yaoundé,09:40,2026-09-25
FNX-001,VIP 50,50,Axe Lourd (Yaoundé-Douala),Yaoundé-Edea-Douala,09:40,2026-09-25
FNX-008,VIP 70,70,Axe Lourd (Douala-Yaoundé),Douala-Edea-Yaoundé,10:00,2026-09-25
FNX-002,VIP 50,50,Axe Lourd (Yaoundé-Douala),Yaoundé-Edea-Douala,10:00,2026-09-25
FNX-009,VIP 70,70,Axe Lourd (Douala-Yaoundé),Douala-Edea-Yaoundé,10:20,2026-09-25
FNX-003,VIP 50,50,Axe Lourd (Yaoundé-Douala),Yaoundé-Edea-Douala,10:20,2026-09-25
FNX-010,VIP 50,50,Axe Lourd (Douala-Yaoundé),Douala-Edea-Yaoundé,10:40,2026-09-25
FNX-004,VIP 50,50,Axe Lourd (Yaoundé-Douala),Yaoundé-Edea-Douala,10:40,2026-09-25
FNX-011,VIP 50,50,Axe Lourd (Douala-Yaoundé),Douala-Edea-Yaoundé,11:00,2026-09-25
FNX-005,VIP 70,70,Axe Lourd (Yaoundé-Douala),Yaoundé-Edea-Douala,11:00,2026-09-25
FNX-012,VIP 50,50,Axe Lourd (Douala-Yaoundé),Douala-Edea-Yaoundé,11:20,2026-09-25
FNX-006,VIP 50,50,Axe Lourd (Yaoundé-Douala),Yaoundé-Edea-Douala,11:20,2026-09-25
FNX-013,VIP 70,70,Axe Lourd (Douala-Yaoundé),Douala-Edea-Yaoundé,11:40,2026-09-25
FNX-021,VIP 70,70,Axe Lourd (Yaoundé-Douala),Yaoundé-Edea-Douala,11:40,2026-09-25
FNX-014,VIP 50,50,Axe Lourd (Douala-Yaoundé),Douala-Edea-Yaoundé,12:00,2026-09-25
FNX-022,VIP 50,50,Axe Lourd (Yaoundé-Douala),Yaoundé-Edea-Douala,12:00,2026-09-25
FNX-015,VIP 50,50,Axe Lourd (Douala-Yaoundé),Douala-Edea-Yaoundé,12:20,2026-09-25
FNX-023,VIP 50,50,Axe Lourd (Yaoundé-Douala),Yaoundé-Edea-Douala,12:20,2026-09-25
FNX-016,VIP 50,50,Axe Lourd (Douala-Yaoundé),Douala-Edea-Yaoundé,12:40,2026-09-25
FNX-024,VIP 50,50,Axe Lourd (Yaoundé-Douala),Yaoundé-Edea-Douala,12:40,2026-09-25
FNX-017,VIP 50,50,Axe Lourd (Douala-Yaoundé),Douala-Edea-Yaoundé,13:00,2026-09-25
FNX-025,VIP 50,50,Axe Lourd (Yaoundé-Douala),Yaoundé-Edea-Douala,13:00,2026-09-25
FNX-018,VIP 70,70,Axe Lourd (Douala-Yaoundé),Douala-Edea-Yaoundé,13:20,2026-09-25
FNX-026,VIP 50,50,Axe Lourd (Yaoundé-Douala),Yaoundé-Edea-Douala,13:20,2026-09-25
FNX-019,VIP 50,50,Axe Lourd (Douala-Yaoundé),Douala-Edea-Yaoundé,13:40,2026-09-25
FNX-027,VIP 70,70,Axe Lourd (Yaoundé-Douala),Yaoundé-Edea-Douala,13:40,2026-09-25
FNX-020,VIP 70,70,Axe Lourd (Douala-Yaoundé),Douala-Edea-Yaoundé,14:00,2026-09-25
FNX-028,VIP 50,50,Axe Lourd (Yaoundé-Douala),Yaoundé-Edea-Douala,14:00,2026-09-25
FNX-001,VIP 50,50,Axe Lourd (Douala-Yaoundé),Douala-Edea-Yaoundé,14:20,2026-09-25
FNX-007,VIP 70,70,Axe Lourd (Yaoundé-Douala),Yaoundé-Edea-Douala,14:20,2026-09-25
FNX-002,VIP 50,50,Axe Lourd (Douala-Yaoundé),Douala-Edea-Yaoundé,14:40,2026-09-25
FNX-008,VIP 70,70,Axe Lourd (Yaoundé-Douala),Yaoundé-Edea-Douala,14:40,2026-09-25
FNX-003,VIP 50,50,Axe Lourd (Douala-Yaoundé),Douala-Edea-Yaoundé,15:00,2026-09-25
FNX-009,VIP 70,70,Axe Lourd (Yaoundé-Douala),Yaoundé-Edea-Douala,15:00,2026-09-25
FNX-004,VIP 50,50,Axe Lourd (Douala-Yaoundé),Douala-Edea-Yaoundé,15:20,2026-09-25
FNX-010,VIP 50,50,Axe Lourd (Yaoundé-Douala),Yaoundé-Edea-Douala,15:20,2026-09-25
FNX-005,VIP 70,70,Axe Lourd (Douala-Yaoundé),Douala-Edea-Yaoundé,15:40,2026-09-25
FNX-011,VIP 50,50,Axe Lourd (Yaoundé-Douala),Yaoundé-Edea-Douala,15:40,2026-09-25
FNX-006,VIP 50,50,Axe Lourd (Douala-Yaoundé),Douala-Edea-Yaoundé,16:00,2026-09-25
FNX-012,VIP 50,50,Axe Lourd (Yaoundé-Douala),Yaoundé-Edea-Douala,16:00,2026-09-25
FNX-021,VIP 70,70,Axe Lourd (Douala-Yaoundé),Douala-Edea-Yaoundé,16:20,2026-09-25
FNX-013,VIP 70,70,Axe Lourd (Yaoundé-Douala),Yaoundé-Edea-Douala,16:20,2026-09-25
FNX-022,VIP 50,50,Axe Lourd (Douala-Yaoundé),Douala-Edea-Yaoundé,16:40,2026-09-25
FNX-014,VIP 50,50,Axe Lourd (Yaoundé-Douala),Yaoundé-Edea-Douala,16:40,2026-09-25
FNX-023,VIP 50,50,Axe Lourd (Douala-Yaoundé),Douala-Edea-Yaoundé,17:00,2026-09-25
FNX-015,VIP 50,50,Axe Lourd (Yaoundé-Douala),Yaoundé-Edea-Douala,17:00,2026-09-25
FNX-024,VIP 50,50,Axe Lourd (Douala-Yaoundé),Douala-Edea-Yaoundé,17:20,2026-09-25
FNX-016,VIP 50,50,Axe Lourd (Yaoundé-Douala),Yaoundé-Edea-Douala,17:20,2026-09-25
FNX-025,VIP 50,50,Axe Lourd (Douala-Yaoundé),Douala-Edea-Yaoundé,17:40,2026-09-25
FNX-017,VIP 50,50,Axe Lourd (Yaoundé-Douala),Yaoundé-Edea-Douala,17:40,2026-09-25
FNX-026,VIP 50,50,Axe Lourd (Douala-Yaoundé),Douala-Edea-Yaoundé,18:00,2026-09-25
FNX-018,VIP 70,70,Axe Lourd (Yaoundé-Douala),Yaoundé-Edea-Douala,18:00,2026-09-25
FNX-027,VIP 70,70,Axe Lourd (Douala-Yaoundé),Douala-Edea-Yaoundé,18:20,2026-09-25
FNX-019,VIP 50,50,Axe Lourd (Yaoundé-Douala),Yaoundé-Edea-Douala,18:20,2026-09-25
FNX-028,VIP 50,50,Axe Lourd (Douala-Yaoundé),Douala-Edea-Yaoundé,18:40,2026-09-25
FNX-020,VIP 70,70,Axe Lourd (Yaoundé-Douala),Yaoundé-Edea-Douala,18:40,2026-09-25
FNX-007,VIP 70,70,Axe Lourd (Douala-Yaoundé),Douala-Edea-Yaoundé,19:00,2026-09-25
FNX-001,VIP 50,50,Axe Lourd (Yaoundé-Douala),Yaoundé-Edea-Douala,19:00,2026-09-25
FNX-008,VIP 70,70,Axe Lourd (Douala-Yaoundé),Douala-Edea-Yaoundé,19:20,2026-09-25
FNX-002,VIP 50,50,Axe Lourd (Yaoundé-Douala),Yaoundé-Edea-Douala,19:20,2026-09-25
FNX-009,VIP 70,70,Axe Lourd (Douala-Yaoundé),Douala-Edea-Yaoundé,19:40,2026-09-25
FNX-003,VIP 50,50,Axe Lourd (Yaoundé-Douala),Yaoundé-Edea-Douala,19:40,2026-09-25
FNX-010,VIP 50,50,Axe Lourd (Douala-Yaoundé),Douala-Edea-Yaoundé,20:00,2026-09-25
FNX-004,VIP 50,50,Axe Lourd (Yaoundé-Douala),Yaoundé-Edea-Douala,20:00,2026-09-25
FNX-011,VIP 50,50,Axe Lourd (Douala-Yaoundé),Douala-Edea-Yaoundé,20:20,2026-09-25
FNX-005,VIP 70,70,Axe Lourd (Yaoundé-Douala),Yaoundé-Edea-Douala,20:20,2026-09-25
FNX-012,VIP 50,50,Axe Lourd (Douala-Yaoundé),Douala-Edea-Yaoundé,20:40,2026-09-25
FNX-006,VIP 50,50,Axe Lourd (Yaoundé-Douala),Yaoundé-Edea-Douala,20:40,2026-09-25
FNX-001,VIP 50,50,Axe Lourd (Douala-Yaoundé),Douala-Edea-Yaoundé,05:00,2026-09-26
FNX-007,VIP 70,70,Axe Lourd (Yaoundé-Douala),Yaoundé-Edea-Douala,05:00,2026-09-26
FNX-002,VIP 50,50,Axe Lourd (Douala-Yaoundé),Douala-Edea-Yaoundé,05:20,2026-09-26
FNX-008,VIP 70,70,Axe Lourd (Yaoundé-Douala),Yaoundé-Edea-Douala,05:20,2026-09-26
FNX-003,VIP 50,50,Axe Lourd (Douala-Yaoundé),Douala-Edea-Yaoundé,05:40,2026-09-26
FNX-009,VIP 70,70,Axe Lourd (Yaoundé-Douala),Yaoundé-Edea-Douala,05:40,2026-09-26
FNX-004,VIP 50,50,Axe Lourd (Douala-Yaoundé),Douala-Edea-Yaoundé,06:00,2026-09-26
FNX-010,VIP 50,50,Axe Lourd (Yaoundé-Douala),Yaoundé-Edea-Douala,06:00,2026-09-26
FNX-005,VIP 70,70,Axe Lourd (Douala-Yaoundé),Douala-Edea-Yaoundé,06:20,2026-09-26
FNX-011,VIP 50,50,Axe Lourd (Yaoundé-Douala),Yaoundé-Edea-Douala,06:20,2026-09-26
FNX-006,VIP 50,50,Axe Lourd (Douala-Yaoundé),Douala-Edea-Yaoundé,06:40,2026-09-26
FNX-012,VIP 50,50,Axe Lourd (Yaoundé-Douala),Yaoundé-Edea-Douala,06:40,2026-09-26
FNX-013,VIP 70,70,Axe Lourd (Douala-Yaoundé),Douala-Edea-Yaoundé,07:00,2026-09-26
FNX-021,VIP 70,70,Axe Lourd (Yaoundé-Douala),Yaoundé-Edea-Douala,07:00,2026-09-26
FNX-014,VIP 50,50,Axe Lourd (Douala-Yaoundé),Douala-Edea-Yaoundé,07:20,2026-09-26
FNX-022,VIP 50,50,Axe Lourd (Yaoundé-Douala),Yaoundé-Edea-Douala,07:20,2026-09-26
FNX-015,VIP 50,50,Axe Lourd (Douala-Yaoundé),Douala-Edea-Yaoundé,07:40,2026-09-26
FNX-023,VIP 50,50,Axe Lourd (Yaoundé-Douala),Yaoundé-Edea-Douala,07:40,2026-09-26
FNX-016,VIP 50,50,Axe Lourd (Douala-Yaoundé),Douala-Edea-Yaoundé,08:00,2026-09-26
FNX-024,VIP 50,50,Axe Lourd (Yaoundé-Douala),Yaoundé-Edea-Douala,08:00,2026-09-26
FNX-017,VIP 50,50,Axe Lourd (Douala-Yaoundé),Douala-Edea-Yaoundé,08:20,2026-09-26
FNX-025,VIP 50,50,Axe Lourd (Yaoundé-Douala),Yaoundé-Edea-Douala,08:20,2026-09-26
FNX-018,VIP 70,70,Axe Lourd (Douala-Yaoundé),Douala-Edea-Yaoundé,08:40,2026-09-26
FNX-026,VIP 50,50,Axe Lourd (Yaoundé-Douala),Yaoundé-Edea-Douala,08:40,2026-09-26
FNX-019,VIP 50,50,Axe Lourd (Douala-Yaoundé),Douala-Edea-Yaoundé,09:00,2026-09-26
FNX-027,VIP 70,70,Axe Lourd (Yaoundé-Douala),Yaoundé-Edea-Douala,09:00,2026-09-26
FNX-020,VIP 70,70,Axe Lourd (Douala-Yaoundé),Douala-Edea-Yaoundé,09:20,2026-09-26
FNX-028,VIP 50,50,Axe Lourd (Yaoundé-Douala),Yaoundé-Edea-Douala,09:20,2026-09-26
FNX-007,VIP 70,70,Axe Lourd (Douala-Yaoundé),Douala-Edea-Yaoundé,09:40,2026-09-26
FNX-001,VIP 50,50,Axe Lourd (Yaoundé-Douala),Yaoundé-Edea-Douala,09:40,2026-09-26
FNX-008,VIP 70,70,Axe Lourd (Douala-Yaoundé),Douala-Edea-Yaoundé,10:00,2026-09-26
FNX-002,VIP 50,50,Axe Lourd (Yaoundé-Douala),Yaoundé-Edea-Douala,10:00,2026-09-26
FNX-009,VIP 70,70,Axe Lourd (Douala-Yaoundé),Douala-Edea-Yaoundé,10:20,2026-09-26
FNX-003,VIP 50,50,Axe Lourd (Yaoundé-Douala),Yaoundé-Edea-Douala,10:20,2026-09-26
FNX-010,VIP 50,50,Axe Lourd (Douala-Yaoundé),Douala-Edea-Yaoundé,10:40,2026-09-26
FNX-004,VIP 50,50,Axe Lourd (Yaoundé-Douala),Yaoundé-Edea-Douala,10:40,2026-09-26
FNX-011,VIP 50,50,Axe Lourd (Douala-Yaoundé),Douala-Edea-Yaoundé,11:00,2026-09-26
FNX-005,VIP 70,70,Axe Lourd (Yaoundé-Douala),Yaoundé-Edea-Douala,11:00,2026-09-26
FNX-012,VIP 50,50,Axe Lourd (Douala-Yaoundé),Douala-Edea-Yaoundé,11:20,2026-09-26
FNX-006,VIP 50,50,Axe Lourd (Yaoundé-Douala),Yaoundé-Edea-Douala,11:20,2026-09-26
FNX-021,VIP 70,70,Axe Lourd (Douala-Yaoundé),Douala-Edea-Yaoundé,11:40,2026-09-26
FNX-013,VIP 70,70,Axe Lourd (Yaoundé-Douala),Yaoundé-Edea-Douala,11:40,2026-09-26
FNX-022,VIP 50,50,Axe Lourd (Douala-Yaoundé),Douala-Edea-Yaoundé,12:00,2026-09-26
FNX-014,VIP 50,50,Axe Lourd (Yaoundé-Douala),Yaoundé-Edea-Douala,12:00,2026-09-26
FNX-023,VIP 50,50,Axe Lourd (Douala-Yaoundé),Douala-Edea-Yaoundé,12:20,2026-09-26
FNX-015,VIP 50,50,Axe Lourd (Yaoundé-Douala),Yaoundé-Edea-Douala,12:20,2026-09-26
FNX-024,VIP 50,50,Axe Lourd (Douala-Yaoundé),Douala-Edea-Yaoundé,12:40,2026-09-26
FNX-016,VIP 50,50,Axe Lourd (Yaoundé-Douala),Yaoundé-Edea-Douala,12:40,2026-09-26
FNX-025,VIP 50,50,Axe Lourd (Douala-Yaoundé),Douala-Edea-Yaoundé,13:00,2026-09-26
FNX-017,VIP 50,50,Axe Lourd (Yaoundé-Douala),Yaoundé-Edea-Douala,13:00,2026-09-26
FNX-026,VIP 50,50,Axe Lourd (Douala-Yaoundé),Douala-Edea-Yaoundé,13:20,2026-09-26
FNX-018,VIP 70,70,Axe Lourd (Yaoundé-Douala),Yaoundé-Edea-Douala,13:20,2026-09-26
FNX-027,VIP 70,70,Axe Lourd (Douala-Yaoundé),Douala-Edea-Yaoundé,13:40,2026-09-26
FNX-019,VIP 50,50,Axe Lourd (Yaoundé-Douala),Yaoundé-Edea-Douala,13:40,2026-09-26
FNX-028,VIP 50,50,Axe Lourd (Douala-Yaoundé),Douala-Edea-Yaoundé,14:00,2026-09-26
FNX-020,VIP 70,70,Axe Lourd (Yaoundé-Douala),Yaoundé-Edea-Douala,14:00,2026-09-26
FNX-001,VIP 50,50,Axe Lourd (Douala-Yaoundé),Douala-Edea-Yaoundé,14:20,2026-09-26
FNX-007,VIP 70,70,Axe Lourd (Yaoundé-Douala),Yaoundé-Edea-Douala,14:20,2026-09-26
FNX-002,VIP 50,50,Axe Lourd (Douala-Yaoundé),Douala-Edea-Yaoundé,14:40,2026-09-26
FNX-008,VIP 70,70,Axe Lourd (Yaoundé-Douala),Yaoundé-Edea-Douala,14:40,2026-09-26
FNX-003,VIP 50,50,Axe Lourd (Douala-Yaoundé),Douala-Edea-Yaoundé,15:00,2026-09-26
FNX-009,VIP 70,70,Axe Lourd (Yaoundé-Douala),Yaoundé-Edea-Douala,15:00,2026-09-26
FNX-004,VIP 50,50,Axe Lourd (Douala-Yaoundé),Douala-Edea-Yaoundé,15:20,2026-09-26
FNX-010,VIP 50,50,Axe Lourd (Yaoundé-Douala),Yaoundé-Edea-Douala,15:20,2026-09-26
FNX-005,VIP 70,70,Axe Lourd (Douala-Yaoundé),Douala-Edea-Yaoundé,15:40,2026-09-26
FNX-011,VIP 50,50,Axe Lourd (Yaoundé-Douala),Yaoundé-Edea-Douala,15:40,2026-09-26
FNX-006,VIP 50,50,Axe Lourd (Douala-Yaoundé),Douala-Edea-Yaoundé,16:00,2026-09-26
FNX-012,VIP 50,50,Axe Lourd (Yaoundé-Douala),Yaoundé-Edea-Douala,16:00,2026-09-26
FNX-013,VIP 70,70,Axe Lourd (Douala-Yaoundé),Douala-Edea-Yaoundé,16:20,2026-09-26
FNX-021,VIP 70,70,Axe Lourd (Yaoundé-Douala),Yaoundé-Edea-Douala,16:20,2026-09-26
FNX-014,VIP 50,50,Axe Lourd (Douala-Yaoundé),Douala-Edea-Yaoundé,16:40,2026-09-26
FNX-022,VIP 50,50,Axe Lourd (Yaoundé-Douala),Yaoundé-Edea-Douala,16:40,2026-09-26
FNX-015,VIP 50,50,Axe Lourd (Douala-Yaoundé),Douala-Edea-Yaoundé,17:00,2026-09-26
FNX-023,VIP 50,50,Axe Lourd (Yaoundé-Douala),Yaoundé-Edea-Douala,17:00,2026-09-26
FNX-016,VIP 50,50,Axe Lourd (Douala-Yaoundé),Douala-Edea-Yaoundé,17:20,2026-09-26
FNX-024,VIP 50,50,Axe Lourd (Yaoundé-Douala),Yaoundé-Edea-Douala,17:20,2026-09-26
FNX-017,VIP 50,50,Axe Lourd (Douala-Yaoundé),Douala-Edea-Yaoundé,17:40,2026-09-26
FNX-025,VIP 50,50,Axe Lourd (Yaoundé-Douala),Yaoundé-Edea-Douala,17:40,2026-09-26
FNX-018,VIP 70,70,Axe Lourd (Douala-Yaoundé),Douala-Edea-Yaoundé,18:00,2026-09-26
FNX-026,VIP 50,50,Axe Lourd (Yaoundé-Douala),Yaoundé-Edea-Douala,18:00,2026-09-26
FNX-019,VIP 50,50,Axe Lourd (Douala-Yaoundé),Douala-Edea-Yaoundé,18:20,2026-09-26
FNX-027,VIP 70,70,Axe Lourd (Yaoundé-Douala),Yaoundé-Edea-Douala,18:20,2026-09-26
FNX-020,VIP 70,70,Axe Lourd (Douala-Yaoundé),Douala-Edea-Yaoundé,18:40,2026-09-26
FNX-028,VIP 50,50,Axe Lourd (Yaoundé-Douala),Yaoundé-Edea-Douala,18:40,2026-09-26
FNX-007,VIP 70,70,Axe Lourd (Douala-Yaoundé),Douala-Edea-Yaoundé,19:00,2026-09-26
FNX-001,VIP 50,50,Axe Lourd (Yaoundé-Douala),Yaoundé-Edea-Douala,19:00,2026-09-26
FNX-008,VIP 70,70,Axe Lourd (Douala-Yaoundé),Douala-Edea-Yaoundé,19:20,2026-09-26
FNX-002,VIP 50,50,Axe Lourd (Yaoundé-Douala),Yaoundé-Edea-Douala,19:20,2026-09-26
FNX-009,VIP 70,70,Axe Lourd (Douala-Yaoundé),Douala-Edea-Yaoundé,19:40,2026-09-26
FNX-003,VIP 50,50,Axe Lourd (Yaoundé-Douala),Yaoundé-Edea-Douala,19:40,2026-09-26
FNX-010,VIP 50,50,Axe Lourd (Douala-Yaoundé),Douala-Edea-Yaoundé,20:00,2026-09-26
FNX-004,VIP 50,50,Axe Lourd (Yaoundé-Douala),Yaoundé-Edea-Douala,20:00,2026-09-26
FNX-011,VIP 50,50,Axe Lourd (Douala-Yaoundé),Douala-Edea-Yaoundé,20:20,2026-09-26
FNX-005,VIP 70,70,Axe Lourd (Yaoundé-Douala),Yaoundé-Edea-Douala,20:20,2026-09-26
FNX-012,VIP 50,50,Axe Lourd (Douala-Yaoundé),Douala-Edea-Yaoundé,20:40,2026-09-26
FNX-006,VIP 50,50,Axe Lourd (Yaoundé-Douala),Yaoundé-Edea-Douala,20:40,2026-09-26
FNX-001,VIP 50,50,Axe Lourd (Douala-Yaoundé),Douala-Edea-Yaoundé,05:00,2026-09-27
FNX-007,VIP 70,70,Axe Lourd (Yaoundé-Douala),Yaoundé-Edea-Douala,05:00,2026-09-27
FNX-002,VIP 50,50,Axe Lourd (Douala-Yaoundé),Douala-Edea-Yaoundé,05:20,2026-09-27
FNX-008,VIP 70,70,Axe Lourd (Yaoundé-Douala),Yaoundé-Edea-Douala,05:20,2026-09-27
FNX-003,VIP 50,50,Axe Lourd (Douala-Yaoundé),Douala-Edea-Yaoundé,05:40,2026-09-27
FNX-009,VIP 70,70,Axe Lourd (Yaoundé-Douala),Yaoundé-Edea-Douala,05:40,2026-09-27
FNX-004,VIP 50,50,Axe Lourd (Douala-Yaoundé),Douala-Edea-Yaoundé,06:00,2026-09-27
FNX-010,VIP 50,50,Axe Lourd (Yaoundé-Douala),Yaoundé-Edea-Douala,06:00,2026-09-27
FNX-005,VIP 70,70,Axe Lourd (Douala-Yaoundé),Douala-Edea-Yaoundé,06:20,2026-09-27
FNX-011,VIP 50,50,Axe Lourd (Yaoundé-Douala),Yaoundé-Edea-Douala,06:20,2026-09-27
FNX-006,VIP 50,50,Axe Lourd (Douala-Yaoundé),Douala-Edea-Yaoundé,06:40,2026-09-27
FNX-012,VIP 50,50,Axe Lourd (Yaoundé-Douala),Yaoundé-Edea-Douala,06:40,2026-09-27
FNX-021,VIP 70,70,Axe Lourd (Douala-Yaoundé),Douala-Edea-Yaoundé,07:00,2026-09-27
FNX-013,VIP 70,70,Axe Lourd (Yaoundé-Douala),Yaoundé-Edea-Douala,07:00,2026-09-27
FNX-022,VIP 50,50,Axe Lourd (Douala-Yaoundé),Douala-Edea-Yaoundé,07:20,2026-09-27
FNX-014,VIP 50,50,Axe Lourd (Yaoundé-Douala),Yaoundé-Edea-Douala,07:20,2026-09-27
FNX-023,VIP 50,50,Axe Lourd (Douala-Yaoundé),Douala-Edea-Yaoundé,07:40,2026-09-27
FNX-015,VIP 50,50,Axe Lourd (Yaoundé-Douala),Yaoundé-Edea-Douala,07:40,2026-09-27
FNX-024,VIP 50,50,Axe Lourd (Douala-Yaoundé),Douala-Edea-Yaoundé,08:00,2026-09-27
FNX-016,VIP 50,50,Axe Lourd (Yaoundé-Douala),Yaoundé-Edea-Douala,08:00,2026-09-27
FNX-025,VIP 50,50,Axe Lourd (Douala-Yaoundé),Douala-Edea-Yaoundé,08:20,2026-09-27
FNX-017,VIP 50,50,Axe Lourd (Yaoundé-Douala),Yaoundé-Edea-Douala,08:20,2026-09-27
FNX-026,VIP 50,50,Axe Lourd (Douala-Yaoundé),Douala-Edea-Yaoundé,08:40,2026-09-27
FNX-018,VIP 70,70,Axe Lourd (Yaoundé-Douala),Yaoundé-Edea-Douala,08:40,2026-09-27
FNX-027,VIP 70,70,Axe Lourd (Douala-Yaoundé),Douala-Edea-Yaoundé,09:00,2026-09-27
FNX-019,VIP 50,50,Axe Lourd (Yaoundé-Douala),Yaoundé-Edea-Douala,09:00,2026-09-27
FNX-028,VIP 50,50,Axe Lourd (Douala-Yaoundé),Douala-Edea-Yaoundé,09:20,2026-09-27
FNX-020,VIP 70,70,Axe Lourd (Yaoundé-Douala),Yaoundé-Edea-Douala,09:20,2026-09-27
FNX-007,VIP 70,70,Axe Lourd (Douala-Yaoundé),Douala-Edea-Yaoundé,09:40,2026-09-27
FNX-001,VIP 50,50,Axe Lourd (Yaoundé-Douala),Yaoundé-Edea-Douala,09:40,2026-09-27
FNX-008,VIP 70,70,Axe Lourd (Douala-Yaoundé),Douala-Edea-Yaoundé,10:00,2026-09-27
FNX-002,VIP 50,50,Axe Lourd (Yaoundé-Douala),Yaoundé-Edea-Douala,10:00,2026-09-27
FNX-009,VIP 70,70,Axe Lourd (Douala-Yaoundé),Douala-Edea-Yaoundé,10:20,2026-09-27
FNX-003,VIP 50,50,Axe Lourd (Yaoundé-Douala),Yaoundé-Edea-Douala,10:20,2026-09-27
FNX-010,VIP 50,50,Axe Lourd (Douala-Yaoundé),Douala-Edea-Yaoundé,10:40,2026-09-27
FNX-004,VIP 50,50,Axe Lourd (Yaoundé-Douala),Yaoundé-Edea-Douala,10:40,2026-09-27
FNX-011,VIP 50,50,Axe Lourd (Douala-Yaoundé),Douala-Edea-Yaoundé,11:00,2026-09-27
FNX-005,VIP 70,70,Axe Lourd (Yaoundé-Douala),Yaoundé-Edea-Douala,11:00,2026-09-27
FNX-012,VIP 50,50,Axe Lourd (Douala-Yaoundé),Douala-Edea-Yaoundé,11:20,2026-09-27
FNX-006,VIP 50,50,Axe Lourd (Yaoundé-Douala),Yaoundé-Edea-Douala,11:20,2026-09-27
FNX-013,VIP 70,70,Axe Lourd (Douala-Yaoundé),Douala-Edea-Yaoundé,11:40,2026-09-27
FNX-021,VIP 70,70,Axe Lourd (Yaoundé-Douala),Yaoundé-Edea-Douala,11:40,2026-09-27
FNX-014,VIP 50,50,Axe Lourd (Douala-Yaoundé),Douala-Edea-Yaoundé,12:00,2026-09-27
FNX-022,VIP 50,50,Axe Lourd (Yaoundé-Douala),Yaoundé-Edea-Douala,12:00,2026-09-27
FNX-015,VIP 50,50,Axe Lourd (Douala-Yaoundé),Douala-Edea-Yaoundé,12:20,2026-09-27
FNX-023,VIP 50,50,Axe Lourd (Yaoundé-Douala),Yaoundé-Edea-Douala,12:20,2026-09-27
FNX-016,VIP 50,50,Axe Lourd (Douala-Yaoundé),Douala-Edea-Yaoundé,12:40,2026-09-27
FNX-024,VIP 50,50,Axe Lourd (Yaoundé-Douala),Yaoundé-Edea-Douala,12:40,2026-09-27
FNX-017,VIP 50,50,Axe Lourd (Douala-Yaoundé),Douala-Edea-Yaoundé,13:00,2026-09-27
FNX-025,VIP 50,50,Axe Lourd (Yaoundé-Douala),Yaoundé-Edea-Douala,13:00,2026-09-27
FNX-018,VIP 70,70,Axe Lourd (Douala-Yaoundé),Douala-Edea-Yaoundé,13:20,2026-09-27
FNX-026,VIP 50,50,Axe Lourd (Yaoundé-Douala),Yaoundé-Edea-Douala,13:20,2026-09-27
FNX-019,VIP 50,50,Axe Lourd (Douala-Yaoundé),Douala-Edea-Yaoundé,13:40,2026-09-27
FNX-027,VIP 70,70,Axe Lourd (Yaoundé-Douala),Yaoundé-Edea-Douala,13:40,2026-09-27
FNX-020,VIP 70,70,Axe Lourd (Douala-Yaoundé),Douala-Edea-Yaoundé,14:00,2026-09-27
FNX-028,VIP 50,50,Axe Lourd (Yaoundé-Douala),Yaoundé-Edea-Douala,14:00,2026-09-27
FNX-001,VIP 50,50,Axe Lourd (Douala-Yaoundé),Douala-Edea-Yaoundé,14:20,2026-09-27
FNX-007,VIP 70,70,Axe Lourd (Yaoundé-Douala),Yaoundé-Edea-Douala,14:20,2026-09-27
FNX-002,VIP 50,50,Axe Lourd (Douala-Yaoundé),Douala-Edea-Yaoundé,14:40,2026-09-27
FNX-008,VIP 70,70,Axe Lourd (Yaoundé-Douala),Yaoundé-Edea-Douala,14:40,2026-09-27
FNX-003,VIP 50,50,Axe Lourd (Douala-Yaoundé),Douala-Edea-Yaoundé,15:00,2026-09-27
FNX-009,VIP 70,70,Axe Lourd (Yaoundé-Douala),Yaoundé-Edea-Douala,15:00,2026-09-27
FNX-004,VIP 50,50,Axe Lourd (Douala-Yaoundé),Douala-Edea-Yaoundé,15:20,2026-09-27
FNX-010,VIP 50,50,Axe Lourd (Yaoundé-Douala),Yaoundé-Edea-Douala,15:20,2026-09-27
FNX-005,VIP 70,70,Axe Lourd (Douala-Yaoundé),Douala-Edea-Yaoundé,15:40,2026-09-27
FNX-011,VIP 50,50,Axe Lourd (Yaoundé-Douala),Yaoundé-Edea-Douala,15:40,2026-09-27
FNX-006,VIP 50,50,Axe Lourd (Douala-Yaoundé),Douala-Edea-Yaoundé,16:00,2026-09-27
FNX-012,VIP 50,50,Axe Lourd (Yaoundé-Douala),Yaoundé-Edea-Douala,16:00,2026-09-27
FNX-021,VIP 70,70,Axe Lourd (Douala-Yaoundé),Douala-Edea-Yaoundé,16:20,2026-09-27
FNX-013,VIP 70,70,Axe Lourd (Yaoundé-Douala),Yaoundé-Edea-Douala,16:20,2026-09-27
FNX-022,VIP 50,50,Axe Lourd (Douala-Yaoundé),Douala-Edea-Yaoundé,16:40,2026-09-27
FNX-014,VIP 50,50,Axe Lourd (Yaoundé-Douala),Yaoundé-Edea-Douala,16:40,2026-09-27
FNX-023,VIP 50,50,Axe Lourd (Douala-Yaoundé),Douala-Edea-Yaoundé,17:00,2026-09-27
FNX-015,VIP 50,50,Axe Lourd (Yaoundé-Douala),Yaoundé-Edea-Douala,17:00,2026-09-27
FNX-024,VIP 50,50,Axe Lourd (Douala-Yaoundé),Douala-Edea-Yaoundé,17:20,2026-09-27
FNX-016,VIP 50,50,Axe Lourd (Yaoundé-Douala),Yaoundé-Edea-Douala,17:20,2026-09-27
FNX-025,VIP 50,50,Axe Lourd (Douala-Yaoundé),Douala-Edea-Yaoundé,17:40,2026-09-27
FNX-017,VIP 50,50,Axe Lourd (Yaoundé-Douala),Yaoundé-Edea-Douala,17:40,2026-09-27
FNX-026,VIP 50,50,Axe Lourd (Douala-Yaoundé),Douala-Edea-Yaoundé,18:00,2026-09-27
FNX-018,VIP 70,70,Axe Lourd (Yaoundé-Douala),Yaoundé-Edea-Douala,18:00,2026-09-27
FNX-027,VIP 70,70,Axe Lourd (Douala-Yaoundé),Douala-Edea-Yaoundé,18:20,2026-09-27
FNX-019,VIP 50,50,Axe Lourd (Yaoundé-Douala),Yaoundé-Edea-Douala,18:20,2026-09-27
FNX-028,VIP 50,50,Axe Lourd (Douala-Yaoundé),Douala-Edea-Yaoundé,18:40,2026-09-27
FNX-020,VIP 70,70,Axe Lourd (Yaoundé-Douala),Yaoundé-Edea-Douala,18:40,2026-09-27
FNX-007,VIP 70,70,Axe Lourd (Douala-Yaoundé),Douala-Edea-Yaoundé,19:00,2026-09-27
FNX-001,VIP 50,50,Axe Lourd (Yaoundé-Douala),Yaoundé-Edea-Douala,19:00,2026-09-27
FNX-008,VIP 70,70,Axe Lourd (Douala-Yaoundé),Douala-Edea-Yaoundé,19:20,2026-09-27
FNX-002,VIP 50,50,Axe Lourd (Yaoundé-Douala),Yaoundé-Edea-Douala,19:20,2026-09-27
FNX-009,VIP 70,70,Axe Lourd (Douala-Yaoundé),Douala-Edea-Yaoundé,19:40,2026-09-27
FNX-003,VIP 50,50,Axe Lourd (Yaoundé-Douala),Yaoundé-Edea-Douala,19:40,2026-09-27
FNX-010,VIP 50,50,Axe Lourd (Douala-Yaoundé),Douala-Edea-Yaoundé,20:00,2026-09-27
FNX-004,VIP 50,50,Axe Lourd (Yaoundé-Douala),Yaoundé-Edea-Douala,20:00,2026-09-27
FNX-011,VIP 50,50,Axe Lourd (Douala-Yaoundé),Douala-Edea-Yaoundé,20:20,2026-09-27
FNX-005,VIP 70,70,Axe Lourd (Yaoundé-Douala),Yaoundé-Edea-Douala,20:20,2026-09-27
FNX-012,VIP 50,50,Axe Lourd (Douala-Yaoundé),Douala-Edea-Yaoundé,20:40,2026-09-27
FNX-006,VIP 50,50,Axe Lourd (Yaoundé-Douala),Yaoundé-Edea-Douala,20:40,2026-09-27
FNX-001,VIP 50,50,Axe Lourd (Douala-Yaoundé),Douala-Edea-Yaoundé,05:00,2026-09-28
FNX-007,VIP 70,70,Axe Lourd (Yaoundé-Douala),Yaoundé-Edea-Douala,05:00,2026-09-28
FNX-002,VIP 50,50,Axe Lourd (Douala-Yaoundé),Douala-Edea-Yaoundé,05:20,2026-09-28
FNX-008,VIP 70,70,Axe Lourd (Yaoundé-Douala),Yaoundé-Edea-Douala,05:20,2026-09-28
FNX-003,VIP 50,50,Axe Lourd (Douala-Yaoundé),Douala-Edea-Yaoundé,05:40,2026-09-28
FNX-009,VIP 70,70,Axe Lourd (Yaoundé-Douala),Yaoundé-Edea-Douala,05:40,2026-09-28
FNX-004,VIP 50,50,Axe Lourd (Douala-Yaoundé),Douala-Edea-Yaoundé,06:00,2026-09-28
FNX-010,VIP 50,50,Axe Lourd (Yaoundé-Douala),Yaoundé-Edea-Douala,06:00,2026-09-28
FNX-005,VIP 70,70,Axe Lourd (Douala-Yaoundé),Douala-Edea-Yaoundé,06:20,2026-09-28
FNX-011,VIP 50,50,Axe Lourd (Yaoundé-Douala),Yaoundé-Edea-Douala,06:20,2026-09-28
FNX-006,VIP 50,50,Axe Lourd (Douala-Yaoundé),Douala-Edea-Yaoundé,06:40,2026-09-28
FNX-012,VIP 50,50,Axe Lourd (Yaoundé-Douala),Yaoundé-Edea-Douala,06:40,2026-09-28
FNX-013,VIP 70,70,Axe Lourd (Douala-Yaoundé),Douala-Edea-Yaoundé,07:00,2026-09-28
FNX-021,VIP 70,70,Axe Lourd (Yaoundé-Douala),Yaoundé-Edea-Douala,07:00,2026-09-28
FNX-014,VIP 50,50,Axe Lourd (Douala-Yaoundé),Douala-Edea-Yaoundé,07:20,2026-09-28
FNX-022,VIP 50,50,Axe Lourd (Yaoundé-Douala),Yaoundé-Edea-Douala,07:20,2026-09-28
FNX-015,VIP 50,50,Axe Lourd (Douala-Yaoundé),Douala-Edea-Yaoundé,07:40,2026-09-28
FNX-023,VIP 50,50,Axe Lourd (Yaoundé-Douala),Yaoundé-Edea-Douala,07:40,2026-09-28
FNX-016,VIP 50,50,Axe Lourd (Douala-Yaoundé),Douala-Edea-Yaoundé,08:00,2026-09-28
FNX-024,VIP 50,50,Axe Lourd (Yaoundé-Douala),Yaoundé-Edea-Douala,08:00,2026-09-28
FNX-017,VIP 50,50,Axe Lourd (Douala-Yaoundé),Douala-Edea-Yaoundé,08:20,2026-09-28
FNX-025,VIP 50,50,Axe Lourd (Yaoundé-Douala),Yaoundé-Edea-Douala,08:20,2026-09-28
FNX-018,VIP 70,70,Axe Lourd (Douala-Yaoundé),Douala-Edea-Yaoundé,08:40,2026-09-28
FNX-026,VIP 50,50,Axe Lourd (Yaoundé-Douala),Yaoundé-Edea-Douala,08:40,2026-09-28
FNX-019,VIP 50,50,Axe Lourd (Douala-Yaoundé),Douala-Edea-Yaoundé,09:00,2026-09-28
FNX-027,VIP 70,70,Axe Lourd (Yaoundé-Douala),Yaoundé-Edea-Douala,09:00,2026-09-28
FNX-020,VIP 70,70,Axe Lourd (Douala-Yaoundé),Douala-Edea-Yaoundé,09:20,2026-09-28
FNX-028,VIP 50,50,Axe Lourd (Yaoundé-Douala),Yaoundé-Edea-Douala,09:20,2026-09-28
FNX-007,VIP 70,70,Axe Lourd (Douala-Yaoundé),Douala-Edea-Yaoundé,09:40,2026-09-28
FNX-001,VIP 50,50,Axe Lourd (Yaoundé-Douala),Yaoundé-Edea-Douala,09:40,2026-09-28
FNX-008,VIP 70,70,Axe Lourd (Douala-Yaoundé),Douala-Edea-Yaoundé,10:00,2026-09-28
FNX-002,VIP 50,50,Axe Lourd (Yaoundé-Douala),Yaoundé-Edea-Douala,10:00,2026-09-28
FNX-009,VIP 70,70,Axe Lourd (Douala-Yaoundé),Douala-Edea-Yaoundé,10:20,2026-09-28
FNX-003,VIP 50,50,Axe Lourd (Yaoundé-Douala),Yaoundé-Edea-Douala,10:20,2026-09-28
FNX-010,VIP 50,50,Axe Lourd (Douala-Yaoundé),Douala-Edea-Yaoundé,10:40,2026-09-28
FNX-004,VIP 50,50,Axe Lourd (Yaoundé-Douala),Yaoundé-Edea-Douala,10:40,2026-09-28
FNX-011,VIP 50,50,Axe Lourd (Douala-Yaoundé),Douala-Edea-Yaoundé,11:00,2026-09-28
FNX-005,VIP 70,70,Axe Lourd (Yaoundé-Douala),Yaoundé-Edea-Douala,11:00,2026-09-28
FNX-012,VIP 50,50,Axe Lourd (Douala-Yaoundé),Douala-Edea-Yaoundé,11:20,2026-09-28
FNX-006,VIP 50,50,Axe Lourd (Yaoundé-Douala),Yaoundé-Edea-Douala,11:20,2026-09-28
FNX-021,VIP 70,70,Axe Lourd (Douala-Yaoundé),Douala-Edea-Yaoundé,11:40,2026-09-28
FNX-013,VIP 70,70,Axe Lourd (Yaoundé-Douala),Yaoundé-Edea-Douala,11:40,2026-09-28
FNX-022,VIP 50,50,Axe Lourd (Douala-Yaoundé),Douala-Edea-Yaoundé,12:00,2026-09-28
FNX-014,VIP 50,50,Axe Lourd (Yaoundé-Douala),Yaoundé-Edea-Douala,12:00,2026-09-28
FNX-023,VIP 50,50,Axe Lourd (Douala-Yaoundé),Douala-Edea-Yaoundé,12:20,2026-09-28
FNX-015,VIP 50,50,Axe Lourd (Yaoundé-Douala),Yaoundé-Edea-Douala,12:20,2026-09-28
FNX-024,VIP 50,50,Axe Lourd (Douala-Yaoundé),Douala-Edea-Yaoundé,12:40,2026-09-28
FNX-016,VIP 50,50,Axe Lourd (Yaoundé-Douala),Yaoundé-Edea-Douala,12:40,2026-09-28
FNX-025,VIP 50,50,Axe Lourd (Douala-Yaoundé),Douala-Edea-Yaoundé,13:00,2026-09-28
FNX-017,VIP 50,50,Axe Lourd (Yaoundé-Douala),Yaoundé-Edea-Douala,13:00,2026-09-28
FNX-026,VIP 50,50,Axe Lourd (Douala-Yaoundé),Douala-Edea-Yaoundé,13:20,2026-09-28
FNX-018,VIP 70,70,Axe Lourd (Yaoundé-Douala),Yaoundé-Edea-Douala,13:20,2026-09-28
FNX-027,VIP 70,70,Axe Lourd (Douala-Yaoundé),Douala-Edea-Yaoundé,13:40,2026-09-28
FNX-019,VIP 50,50,Axe Lourd (Yaoundé-Douala),Yaoundé-Edea-Douala,13:40,2026-09-28
FNX-028,VIP 50,50,Axe Lourd (Douala-Yaoundé),Douala-Edea-Yaoundé,14:00,2026-09-28
FNX-020,VIP 70,70,Axe Lourd (Yaoundé-Douala),Yaoundé-Edea-Douala,14:00,2026-09-28
FNX-001,VIP 50,50,Axe Lourd (Douala-Yaoundé),Douala-Edea-Yaoundé,14:20,2026-09-28
FNX-007,VIP 70,70,Axe Lourd (Yaoundé-Douala),Yaoundé-Edea-Douala,14:20,2026-09-28
FNX-002,VIP 50,50,Axe Lourd (Douala-Yaoundé),Douala-Edea-Yaoundé,14:40,2026-09-28
FNX-008,VIP 70,70,Axe Lourd (Yaoundé-Douala),Yaoundé-Edea-Douala,14:40,2026-09-28
FNX-003,VIP 50,50,Axe Lourd (Douala-Yaoundé),Douala-Edea-Yaoundé,15:00,2026-09-28
FNX-009,VIP 70,70,Axe Lourd (Yaoundé-Douala),Yaoundé-Edea-Douala,15:00,2026-09-28
FNX-004,VIP 50,50,Axe Lourd (Douala-Yaoundé),Douala-Edea-Yaoundé,15:20,2026-09-28
FNX-010,VIP 50,50,Axe Lourd (Yaoundé-Douala),Yaoundé-Edea-Douala,15:20,2026-09-28
FNX-005,VIP 70,70,Axe Lourd (Douala-Yaoundé),Douala-Edea-Yaoundé,15:40,2026-09-28
FNX-011,VIP 50,50,Axe Lourd (Yaoundé-Douala),Yaoundé-Edea-Douala,15:40,2026-09-28
FNX-006,VIP 50,50,Axe Lourd (Douala-Yaoundé),Douala-Edea-Yaoundé,16:00,2026-09-28
FNX-012,VIP 50,50,Axe Lourd (Yaoundé-Douala),Yaoundé-Edea-Douala,16:00,2026-09-28
FNX-013,VIP 70,70,Axe Lourd (Douala-Yaoundé),Douala-Edea-Yaoundé,16:20,2026-09-28
FNX-021,VIP 70,70,Axe Lourd (Yaoundé-Douala),Yaoundé-Edea-Douala,16:20,2026-09-28
FNX-014,VIP 50,50,Axe Lourd (Douala-Yaoundé),Douala-Edea-Yaoundé,16:40,2026-09-28
FNX-022,VIP 50,50,Axe Lourd (Yaoundé-Douala),Yaoundé-Edea-Douala,16:40,2026-09-28
FNX-015,VIP 50,50,Axe Lourd (Douala-Yaoundé),Douala-Edea-Yaoundé,17:00,2026-09-28
FNX-023,VIP 50,50,Axe Lourd (Yaoundé-Douala),Yaoundé-Edea-Douala,17:00,2026-09-28
FNX-016,VIP 50,50,Axe Lourd (Douala-Yaoundé),Douala-Edea-Yaoundé,17:20,2026-09-28
FNX-024,VIP 50,50,Axe Lourd (Yaoundé-Douala),Yaoundé-Edea-Douala,17:20,2026-09-28
FNX-017,VIP 50,50,Axe Lourd (Douala-Yaoundé),Douala-Edea-Yaoundé,17:40,2026-09-28
FNX-025,VIP 50,50,Axe Lourd (Yaoundé-Douala),Yaoundé-Edea-Douala,17:40,2026-09-28
FNX-018,VIP 70,70,Axe Lourd (Douala-Yaoundé),Douala-Edea-Yaoundé,18:00,2026-09-28
FNX-026,VIP 50,50,Axe Lourd (Yaoundé-Douala),Yaoundé-Edea-Douala,18:00,2026-09-28
FNX-019,VIP 50,50,Axe Lourd (Douala-Yaoundé),Douala-Edea-Yaoundé,18:20,2026-09-28
FNX-027,VIP 70,70,Axe Lourd (Yaoundé-Douala),Yaoundé-Edea-Douala,18:20,2026-09-28
FNX-020,VIP 70,70,Axe Lourd (Douala-Yaoundé),Douala-Edea-Yaoundé,18:40,2026-09-28
FNX-028,VIP 50,50,Axe Lourd (Yaoundé-Douala),Yaoundé-Edea-Douala,18:40,2026-09-28
FNX-007,VIP 70,70,Axe Lourd (Douala-Yaoundé),Douala-Edea-Yaoundé,19:00,2026-09-28
FNX-001,VIP 50,50,Axe Lourd (Yaoundé-Douala),Yaoundé-Edea-Douala,19:00,2026-09-28
FNX-008,VIP 70,70,Axe Lourd (Douala-Yaoundé),Douala-Edea-Yaoundé,19:20,2026-09-28
FNX-002,VIP 50,50,Axe Lourd (Yaoundé-Douala),Yaoundé-Edea-Douala,19:20,2026-09-28
FNX-009,VIP 70,70,Axe Lourd (Douala-Yaoundé),Douala-Edea-Yaoundé,19:40,2026-09-28
FNX-003,VIP 50,50,Axe Lourd (Yaoundé-Douala),Yaoundé-Edea-Douala,19:40,2026-09-28
FNX-010,VIP 50,50,Axe Lourd (Douala-Yaoundé),Douala-Edea-Yaoundé,20:00,2026-09-28
FNX-004,VIP 50,50,Axe Lourd (Yaoundé-Douala),Yaoundé-Edea-Douala,20:00,2026-09-28
FNX-011,VIP 50,50,Axe Lourd (Douala-Yaoundé),Douala-Edea-Yaoundé,20:20,2026-09-28
FNX-005,VIP 70,70,Axe Lourd (Yaoundé-Douala),Yaoundé-Edea-Douala,20:20,2026-09-28
FNX-012,VIP 50,50,Axe Lourd (Douala-Yaoundé),Douala-Edea-Yaoundé,20:40,2026-09-28
FNX-006,VIP 50,50,Axe Lourd (Yaoundé-Douala),Yaoundé-Edea-Douala,20:40,2026-09-28
FNX-001,VIP 50,50,Axe Lourd (Douala-Yaoundé),Douala-Edea-Yaoundé,05:00,2026-09-29
FNX-007,VIP 70,70,Axe Lourd (Yaoundé-Douala),Yaoundé-Edea-Douala,05:00,2026-09-29
FNX-002,VIP 50,50,Axe Lourd (Douala-Yaoundé),Douala-Edea-Yaoundé,05:20,2026-09-29
FNX-008,VIP 70,70,Axe Lourd (Yaoundé-Douala),Yaoundé-Edea-Douala,05:20,2026-09-29
FNX-003,VIP 50,50,Axe Lourd (Douala-Yaoundé),Douala-Edea-Yaoundé,05:40,2026-09-29
FNX-009,VIP 70,70,Axe Lourd (Yaoundé-Douala),Yaoundé-Edea-Douala,05:40,2026-09-29
FNX-004,VIP 50,50,Axe Lourd (Douala-Yaoundé),Douala-Edea-Yaoundé,06:00,2026-09-29
FNX-010,VIP 50,50,Axe Lourd (Yaoundé-Douala),Yaoundé-Edea-Douala,06:00,2026-09-29
FNX-005,VIP 70,70,Axe Lourd (Douala-Yaoundé),Douala-Edea-Yaoundé,06:20,2026-09-29
FNX-011,VIP 50,50,Axe Lourd (Yaoundé-Douala),Yaoundé-Edea-Douala,06:20,2026-09-29
FNX-006,VIP 50,50,Axe Lourd (Douala-Yaoundé),Douala-Edea-Yaoundé,06:40,2026-09-29
FNX-012,VIP 50,50,Axe Lourd (Yaoundé-Douala),Yaoundé-Edea-Douala,06:40,2026-09-29
FNX-021,VIP 70,70,Axe Lourd (Douala-Yaoundé),Douala-Edea-Yaoundé,07:00,2026-09-29
FNX-013,VIP 70,70,Axe Lourd (Yaoundé-Douala),Yaoundé-Edea-Douala,07:00,2026-09-29
FNX-022,VIP 50,50,Axe Lourd (Douala-Yaoundé),Douala-Edea-Yaoundé,07:20,2026-09-29
FNX-014,VIP 50,50,Axe Lourd (Yaoundé-Douala),Yaoundé-Edea-Douala,07:20,2026-09-29
FNX-023,VIP 50,50,Axe Lourd (Douala-Yaoundé),Douala-Edea-Yaoundé,07:40,2026-09-29
FNX-015,VIP 50,50,Axe Lourd (Yaoundé-Douala),Yaoundé-Edea-Douala,07:40,2026-09-29
FNX-024,VIP 50,50,Axe Lourd (Douala-Yaoundé),Douala-Edea-Yaoundé,08:00,2026-09-29
FNX-016,VIP 50,50,Axe Lourd (Yaoundé-Douala),Yaoundé-Edea-Douala,08:00,2026-09-29
FNX-025,VIP 50,50,Axe Lourd (Douala-Yaoundé),Douala-Edea-Yaoundé,08:20,2026-09-29
FNX-017,VIP 50,50,Axe Lourd (Yaoundé-Douala),Yaoundé-Edea-Douala,08:20,2026-09-29
FNX-026,VIP 50,50,Axe Lourd (Douala-Yaoundé),Douala-Edea-Yaoundé,08:40,2026-09-29
FNX-018,VIP 70,70,Axe Lourd (Yaoundé-Douala),Yaoundé-Edea-Douala,08:40,2026-09-29
FNX-027,VIP 70,70,Axe Lourd (Douala-Yaoundé),Douala-Edea-Yaoundé,09:00,2026-09-29
FNX-019,VIP 50,50,Axe Lourd (Yaoundé-Douala),Yaoundé-Edea-Douala,09:00,2026-09-29
FNX-028,VIP 50,50,Axe Lourd (Douala-Yaoundé),Douala-Edea-Yaoundé,09:20,2026-09-29
FNX-020,VIP 70,70,Axe Lourd (Yaoundé-Douala),Yaoundé-Edea-Douala,09:20,2026-09-29
FNX-007,VIP 70,70,Axe Lourd (Douala-Yaoundé),Douala-Edea-Yaoundé,09:40,2026-09-29
FNX-001,VIP 50,50,Axe Lourd (Yaoundé-Douala),Yaoundé-Edea-Douala,09:40,2026-09-29
FNX-008,VIP 70,70,Axe Lourd (Douala-Yaoundé),Douala-Edea-Yaoundé,10:00,2026-09-29
FNX-002,VIP 50,50,Axe Lourd (Yaoundé-Douala),Yaoundé-Edea-Douala,10:00,2026-09-29
FNX-009,VIP 70,70,Axe Lourd (Douala-Yaoundé),Douala-Edea-Yaoundé,10:20,2026-09-29
FNX-003,VIP 50,50,Axe Lourd (Yaoundé-Douala),Yaoundé-Edea-Douala,10:20,2026-09-29
FNX-010,VIP 50,50,Axe Lourd (Douala-Yaoundé),Douala-Edea-Yaoundé,10:40,2026-09-29
FNX-004,VIP 50,50,Axe Lourd (Yaoundé-Douala),Yaoundé-Edea-Douala,10:40,2026-09-29
FNX-011,VIP 50,50,Axe Lourd (Douala-Yaoundé),Douala-Edea-Yaoundé,11:00,2026-09-29
FNX-005,VIP 70,70,Axe Lourd (Yaoundé-Douala),Yaoundé-Edea-Douala,11:00,2026-09-29
FNX-012,VIP 50,50,Axe Lourd (Douala-Yaoundé),Douala-Edea-Yaoundé,11:20,2026-09-29
FNX-006,VIP 50,50,Axe Lourd (Yaoundé-Douala),Yaoundé-Edea-Douala,11:20,2026-09-29
FNX-013,VIP 70,70,Axe Lourd (Douala-Yaoundé),Douala-Edea-Yaoundé,11:40,2026-09-29
FNX-021,VIP 70,70,Axe Lourd (Yaoundé-Douala),Yaoundé-Edea-Douala,11:40,2026-09-29
FNX-014,VIP 50,50,Axe Lourd (Douala-Yaoundé),Douala-Edea-Yaoundé,12:00,2026-09-29
FNX-022,VIP 50,50,Axe Lourd (Yaoundé-Douala),Yaoundé-Edea-Douala,12:00,2026-09-29
FNX-015,VIP 50,50,Axe Lourd (Douala-Yaoundé),Douala-Edea-Yaoundé,12:20,2026-09-29
FNX-023,VIP 50,50,Axe Lourd (Yaoundé-Douala),Yaoundé-Edea-Douala,12:20,2026-09-29
FNX-016,VIP 50,50,Axe Lourd (Douala-Yaoundé),Douala-Edea-Yaoundé,12:40,2026-09-29
FNX-024,VIP 50,50,Axe Lourd (Yaoundé-Douala),Yaoundé-Edea-Douala,12:40,2026-09-29
FNX-017,VIP 50,50,Axe Lourd (Douala-Yaoundé),Douala-Edea-Yaoundé,13:00,2026-09-29
FNX-025,VIP 50,50,Axe Lourd (Yaoundé-Douala),Yaoundé-Edea-Douala,13:00,2026-09-29
FNX-018,VIP 70,70,Axe Lourd (Douala-Yaoundé),Douala-Edea-Yaoundé,13:20,2026-09-29
FNX-026,VIP 50,50,Axe Lourd (Yaoundé-Douala),Yaoundé-Edea-Douala,13:20,2026-09-29
FNX-019,VIP 50,50,Axe Lourd (Douala-Yaoundé),Douala-Edea-Yaoundé,13:40,2026-09-29
FNX-027,VIP 70,70,Axe Lourd (Yaoundé-Douala),Yaoundé-Edea-Douala,13:40,2026-09-29
FNX-020,VIP 70,70,Axe Lourd (Douala-Yaoundé),Douala-Edea-Yaoundé,14:00,2026-09-29
FNX-028,VIP 50,50,Axe Lourd (Yaoundé-Douala),Yaoundé-Edea-Douala,14:00,2026-09-29
FNX-001,VIP 50,50,Axe Lourd (Douala-Yaoundé),Douala-Edea-Yaoundé,14:20,2026-09-29
FNX-007,VIP 70,70,Axe Lourd (Yaoundé-Douala),Yaoundé-Edea-Douala,14:20,2026-09-29
FNX-002,VIP 50,50,Axe Lourd (Douala-Yaoundé),Douala-Edea-Yaoundé,14:40,2026-09-29
FNX-008,VIP 70,70,Axe Lourd (Yaoundé-Douala),Yaoundé-Edea-Douala,14:40,2026-09-29
FNX-003,VIP 50,50,Axe Lourd (Douala-Yaoundé),Douala-Edea-Yaoundé,15:00,2026-09-29
FNX-009,VIP 70,70,Axe Lourd (Yaoundé-Douala),Yaoundé-Edea-Douala,15:00,2026-09-29
FNX-004,VIP 50,50,Axe Lourd (Douala-Yaoundé),Douala-Edea-Yaoundé,15:20,2026-09-29
FNX-010,VIP 50,50,Axe Lourd (Yaoundé-Douala),Yaoundé-Edea-Douala,15:20,2026-09-29
FNX-005,VIP 70,70,Axe Lourd (Douala-Yaoundé),Douala-Edea-Yaoundé,15:40,2026-09-29
FNX-011,VIP 50,50,Axe Lourd (Yaoundé-Douala),Yaoundé-Edea-Douala,15:40,2026-09-29
FNX-006,VIP 50,50,Axe Lourd (Douala-Yaoundé),Douala-Edea-Yaoundé,16:00,2026-09-29
FNX-012,VIP 50,50,Axe Lourd (Yaoundé-Douala),Yaoundé-Edea-Douala,16:00,2026-09-29
FNX-021,VIP 70,70,Axe Lourd (Douala-Yaoundé),Douala-Edea-Yaoundé,16:20,2026-09-29
FNX-013,VIP 70,70,Axe Lourd (Yaoundé-Douala),Yaoundé-Edea-Douala,16:20,2026-09-29
FNX-022,VIP 50,50,Axe Lourd (Douala-Yaoundé),Douala-Edea-Yaoundé,16:40,2026-09-29
FNX-014,VIP 50,50,Axe Lourd (Yaoundé-Douala),Yaoundé-Edea-Douala,16:40,2026-09-29
FNX-023,VIP 50,50,Axe Lourd (Douala-Yaoundé),Douala-Edea-Yaoundé,17:00,2026-09-29
FNX-015,VIP 50,50,Axe Lourd (Yaoundé-Douala),Yaoundé-Edea-Douala,17:00,2026-09-29
FNX-024,VIP 50,50,Axe Lourd (Douala-Yaoundé),Douala-Edea-Yaoundé,17:20,2026-09-29
FNX-016,VIP 50,50,Axe Lourd (Yaoundé-Douala),Yaoundé-Edea-Douala,17:20,2026-09-29
FNX-025,VIP 50,50,Axe Lourd (Douala-Yaoundé),Douala-Edea-Yaoundé,17:40,2026-09-29
FNX-017,VIP 50,50,Axe Lourd (Yaoundé-Douala),Yaoundé-Edea-Douala,17:40,2026-09-29
FNX-026,VIP 50,50,Axe Lourd (Douala-Yaoundé),Douala-Edea-Yaoundé,18:00,2026-09-29
FNX-018,VIP 70,70,Axe Lourd (Yaoundé-Douala),Yaoundé-Edea-Douala,18:00,2026-09-29
FNX-027,VIP 70,70,Axe Lourd (Douala-Yaoundé),Douala-Edea-Yaoundé,18:20,2026-09-29
FNX-019,VIP 50,50,Axe Lourd (Yaoundé-Douala),Yaoundé-Edea-Douala,18:20,2026-09-29
FNX-028,VIP 50,50,Axe Lourd (Douala-Yaoundé),Douala-Edea-Yaoundé,18:40,2026-09-29
FNX-020,VIP 70,70,Axe Lourd (Yaoundé-Douala),Yaoundé-Edea-Douala,18:40,2026-09-29
FNX-007,VIP 70,70,Axe Lourd (Douala-Yaoundé),Douala-Edea-Yaoundé,19:00,2026-09-29
FNX-001,VIP 50,50,Axe Lourd (Yaoundé-Douala),Yaoundé-Edea-Douala,19:00,2026-09-29
FNX-008,VIP 70,70,Axe Lourd (Douala-Yaoundé),Douala-Edea-Yaoundé,19:20,2026-09-29
FNX-002,VIP 50,50,Axe Lourd (Yaoundé-Douala),Yaoundé-Edea-Douala,19:20,2026-09-29
FNX-009,VIP 70,70,Axe Lourd (Douala-Yaoundé),Douala-Edea-Yaoundé,19:40,2026-09-29
FNX-003,VIP 50,50,Axe Lourd (Yaoundé-Douala),Yaoundé-Edea-Douala,19:40,2026-09-29
FNX-010,VIP 50,50,Axe Lourd (Douala-Yaoundé),Douala-Edea-Yaoundé,20:00,2026-09-29
FNX-004,VIP 50,50,Axe Lourd (Yaoundé-Douala),Yaoundé-Edea-Douala,20:00,2026-09-29
FNX-011,VIP 50,50,Axe Lourd (Douala-Yaoundé),Douala-Edea-Yaoundé,20:20,2026-09-29
FNX-005,VIP 70,70,Axe Lourd (Yaoundé-Douala),Yaoundé-Edea-Douala,20:20,2026-09-29
FNX-012,VIP 50,50,Axe Lourd (Douala-Yaoundé),Douala-Edea-Yaoundé,20:40,2026-09-29
FNX-006,VIP 50,50,Axe Lourd (Yaoundé-Douala),Yaoundé-Edea-Douala,20:40,2026-09-29
FNX-001,VIP 50,50,Axe Lourd (Douala-Yaoundé),Douala-Edea-Yaoundé,05:00,2026-09-30
FNX-007,VIP 70,70,Axe Lourd (Yaoundé-Douala),Yaoundé-Edea-Douala,05:00,2026-09-30
FNX-002,VIP 50,50,Axe Lourd (Douala-Yaoundé),Douala-Edea-Yaoundé,05:20,2026-09-30
FNX-008,VIP 70,70,Axe Lourd (Yaoundé-Douala),Yaoundé-Edea-Douala,05:20,2026-09-30
FNX-003,VIP 50,50,Axe Lourd (Douala-Yaoundé),Douala-Edea-Yaoundé,05:40,2026-09-30
FNX-009,VIP 70,70,Axe Lourd (Yaoundé-Douala),Yaoundé-Edea-Douala,05:40,2026-09-30
FNX-004,VIP 50,50,Axe Lourd (Douala-Yaoundé),Douala-Edea-Yaoundé,06:00,2026-09-30
FNX-010,VIP 50,50,Axe Lourd (Yaoundé-Douala),Yaoundé-Edea-Douala,06:00,2026-09-30
FNX-005,VIP 70,70,Axe Lourd (Douala-Yaoundé),Douala-Edea-Yaoundé,06:20,2026-09-30
FNX-011,VIP 50,50,Axe Lourd (Yaoundé-Douala),Yaoundé-Edea-Douala,06:20,2026-09-30
FNX-006,VIP 50,50,Axe Lourd (Douala-Yaoundé),Douala-Edea-Yaoundé,06:40,2026-09-30
FNX-012,VIP 50,50,Axe Lourd (Yaoundé-Douala),Yaoundé-Edea-Douala,06:40,2026-09-30
FNX-013,VIP 70,70,Axe Lourd (Douala-Yaoundé),Douala-Edea-Yaoundé,07:00,2026-09-30
FNX-021,VIP 70,70,Axe Lourd (Yaoundé-Douala),Yaoundé-Edea-Douala,07:00,2026-09-30
FNX-014,VIP 50,50,Axe Lourd (Douala-Yaoundé),Douala-Edea-Yaoundé,07:20,2026-09-30
FNX-022,VIP 50,50,Axe Lourd (Yaoundé-Douala),Yaoundé-Edea-Douala,07:20,2026-09-30
FNX-015,VIP 50,50,Axe Lourd (Douala-Yaoundé),Douala-Edea-Yaoundé,07:40,2026-09-30
FNX-023,VIP 50,50,Axe Lourd (Yaoundé-Douala),Yaoundé-Edea-Douala,07:40,2026-09-30
FNX-016,VIP 50,50,Axe Lourd (Douala-Yaoundé),Douala-Edea-Yaoundé,08:00,2026-09-30
FNX-024,VIP 50,50,Axe Lourd (Yaoundé-Douala),Yaoundé-Edea-Douala,08:00,2026-09-30
FNX-017,VIP 50,50,Axe Lourd (Douala-Yaoundé),Douala-Edea-Yaoundé,08:20,2026-09-30
FNX-025,VIP 50,50,Axe Lourd (Yaoundé-Douala),Yaoundé-Edea-Douala,08:20,2026-09-30
FNX-018,VIP 70,70,Axe Lourd (Douala-Yaoundé),Douala-Edea-Yaoundé,08:40,2026-09-30
FNX-026,VIP 50,50,Axe Lourd (Yaoundé-Douala),Yaoundé-Edea-Douala,08:40,2026-09-30
FNX-019,VIP 50,50,Axe Lourd (Douala-Yaoundé),Douala-Edea-Yaoundé,09:00,2026-09-30
FNX-027,VIP 70,70,Axe Lourd (Yaoundé-Douala),Yaoundé-Edea-Douala,09:00,2026-09-30
FNX-020,VIP 70,70,Axe Lourd (Douala-Yaoundé),Douala-Edea-Yaoundé,09:20,2026-09-30
FNX-028,VIP 50,50,Axe Lourd (Yaoundé-Douala),Yaoundé-Edea-Douala,09:20,2026-09-30
FNX-007,VIP 70,70,Axe Lourd (Douala-Yaoundé),Douala-Edea-Yaoundé,09:40,2026-09-30
FNX-001,VIP 50,50,Axe Lourd (Yaoundé-Douala),Yaoundé-Edea-Douala,09:40,2026-09-30
FNX-008,VIP 70,70,Axe Lourd (Douala-Yaoundé),Douala-Edea-Yaoundé,10:00,2026-09-30
FNX-002,VIP 50,50,Axe Lourd (Yaoundé-Douala),Yaoundé-Edea-Douala,10:00,2026-09-30
FNX-009,VIP 70,70,Axe Lourd (Douala-Yaoundé),Douala-Edea-Yaoundé,10:20,2026-09-30
FNX-003,VIP 50,50,Axe Lourd (Yaoundé-Douala),Yaoundé-Edea-Douala,10:20,2026-09-30
FNX-010,VIP 50,50,Axe Lourd (Douala-Yaoundé),Douala-Edea-Yaoundé,10:40,2026-09-30
FNX-004,VIP 50,50,Axe Lourd (Yaoundé-Douala),Yaoundé-Edea-Douala,10:40,2026-09-30
FNX-011,VIP 50,50,Axe Lourd (Douala-Yaoundé),Douala-Edea-Yaoundé,11:00,2026-09-30
FNX-005,VIP 70,70,Axe Lourd (Yaoundé-Douala),Yaoundé-Edea-Douala,11:00,2026-09-30
FNX-012,VIP 50,50,Axe Lourd (Douala-Yaoundé),Douala-Edea-Yaoundé,11:20,2026-09-30
FNX-006,VIP 50,50,Axe Lourd (Yaoundé-Douala),Yaoundé-Edea-Douala,11:20,2026-09-30
FNX-021,VIP 70,70,Axe Lourd (Douala-Yaoundé),Douala-Edea-Yaoundé,11:40,2026-09-30
FNX-013,VIP 70,70,Axe Lourd (Yaoundé-Douala),Yaoundé-Edea-Douala,11:40,2026-09-30
FNX-022,VIP 50,50,Axe Lourd (Douala-Yaoundé),Douala-Edea-Yaoundé,12:00,2026-09-30
FNX-014,VIP 50,50,Axe Lourd (Yaoundé-Douala),Yaoundé-Edea-Douala,12:00,2026-09-30
FNX-023,VIP 50,50,Axe Lourd (Douala-Yaoundé),Douala-Edea-Yaoundé,12:20,2026-09-30
FNX-015,VIP 50,50,Axe Lourd (Yaoundé-Douala),Yaoundé-Edea-Douala,12:20,2026-09-30
FNX-024,VIP 50,50,Axe Lourd (Douala-Yaoundé),Douala-Edea-Yaoundé,12:40,2026-09-30
FNX-016,VIP 50,50,Axe Lourd (Yaoundé-Douala),Yaoundé-Edea-Douala,12:40,2026-09-30
FNX-025,VIP 50,50,Axe Lourd (Douala-Yaoundé),Douala-Edea-Yaoundé,13:00,2026-09-30
FNX-017,VIP 50,50,Axe Lourd (Yaoundé-Douala),Yaoundé-Edea-Douala,13:00,2026-09-30
FNX-026,VIP 50,50,Axe Lourd (Douala-Yaoundé),Douala-Edea-Yaoundé,13:20,2026-09-30
FNX-018,VIP 70,70,Axe Lourd (Yaoundé-Douala),Yaoundé-Edea-Douala,13:20,2026-09-30
FNX-027,VIP 70,70,Axe Lourd (Douala-Yaoundé),Douala-Edea-Yaoundé,13:40,2026-09-30
FNX-019,VIP 50,50,Axe Lourd (Yaoundé-Douala),Yaoundé-Edea-Douala,13:40,2026-09-30
FNX-028,VIP 50,50,Axe Lourd (Douala-Yaoundé),Douala-Edea-Yaoundé,14:00,2026-09-30
FNX-020,VIP 70,70,Axe Lourd (Yaoundé-Douala),Yaoundé-Edea-Douala,14:00,2026-09-30
FNX-001,VIP 50,50,Axe Lourd (Douala-Yaoundé),Douala-Edea-Yaoundé,14:20,2026-09-30
FNX-007,VIP 70,70,Axe Lourd (Yaoundé-Douala),Yaoundé-Edea-Douala,14:20,2026-09-30
FNX-002,VIP 50,50,Axe Lourd (Douala-Yaoundé),Douala-Edea-Yaoundé,14:40,2026-09-30
FNX-008,VIP 70,70,Axe Lourd (Yaoundé-Douala),Yaoundé-Edea-Douala,14:40,2026-09-30
FNX-003,VIP 50,50,Axe Lourd (Douala-Yaoundé),Douala-Edea-Yaoundé,15:00,2026-09-30
FNX-009,VIP 70,70,Axe Lourd (Yaoundé-Douala),Yaoundé-Edea-Douala,15:00,2026-09-30
FNX-004,VIP 50,50,Axe Lourd (Douala-Yaoundé),Douala-Edea-Yaoundé,15:20,2026-09-30
FNX-010,VIP 50,50,Axe Lourd (Yaoundé-Douala),Yaoundé-Edea-Douala,15:20,2026-09-30
FNX-005,VIP 70,70,Axe Lourd (Douala-Yaoundé),Douala-Edea-Yaoundé,15:40,2026-09-30
FNX-011,VIP 50,50,Axe Lourd (Yaoundé-Douala),Yaoundé-Edea-Douala,15:40,2026-09-30
FNX-006,VIP 50,50,Axe Lourd (Douala-Yaoundé),Douala-Edea-Yaoundé,16:00,2026-09-30
FNX-012,VIP 50,50,Axe Lourd (Yaoundé-Douala),Yaoundé-Edea-Douala,16:00,2026-09-30
FNX-013,VIP 70,70,Axe Lourd (Douala-Yaoundé),Douala-Edea-Yaoundé,16:20,2026-09-30
FNX-021,VIP 70,70,Axe Lourd (Yaoundé-Douala),Yaoundé-Edea-Douala,16:20,2026-09-30
FNX-014,VIP 50,50,Axe Lourd (Douala-Yaoundé),Douala-Edea-Yaoundé,16:40,2026-09-30
FNX-022,VIP 50,50,Axe Lourd (Yaoundé-Douala),Yaoundé-Edea-Douala,16:40,2026-09-30
FNX-015,VIP 50,50,Axe Lourd (Douala-Yaoundé),Douala-Edea-Yaoundé,17:00,2026-09-30
FNX-023,VIP 50,50,Axe Lourd (Yaoundé-Douala),Yaoundé-Edea-Douala,17:00,2026-09-30
FNX-016,VIP 50,50,Axe Lourd (Douala-Yaoundé),Douala-Edea-Yaoundé,17:20,2026-09-30
FNX-024,VIP 50,50,Axe Lourd (Yaoundé-Douala),Yaoundé-Edea-Douala,17:20,2026-09-30
FNX-017,VIP 50,50,Axe Lourd (Douala-Yaoundé),Douala-Edea-Yaoundé,17:40,2026-09-30
FNX-025,VIP 50,50,Axe Lourd (Yaoundé-Douala),Yaoundé-Edea-Douala,17:40,2026-09-30
FNX-018,VIP 70,70,Axe Lourd (Douala-Yaoundé),Douala-Edea-Yaoundé,18:00,2026-09-30
FNX-026,VIP 50,50,Axe Lourd (Yaoundé-Douala),Yaoundé-Edea-Douala,18:00,2026-09-30
FNX-019,VIP 50,50,Axe Lourd (Douala-Yaoundé),Douala-Edea-Yaoundé,18:20,2026-09-30
FNX-027,VIP 70,70,Axe Lourd (Yaoundé-Douala),Yaoundé-Edea-Douala,18:20,2026-09-30
FNX-020,VIP 70,70,Axe Lourd (Douala-Yaoundé),Douala-Edea-Yaoundé,18:40,2026-09-30
FNX-028,VIP 50,50,Axe Lourd (Yaoundé-Douala),Yaoundé-Edea-Douala,18:40,2026-09-30
FNX-007,VIP 70,70,Axe Lourd (Douala-Yaoundé),Douala-Edea-Yaoundé,19:00,2026-09-30
FNX-001,VIP 50,50,Axe Lourd (Yaoundé-Douala),Yaoundé-Edea-Douala,19:00,2026-09-30
FNX-008,VIP 70,70,Axe Lourd (Douala-Yaoundé),Douala-Edea-Yaoundé,19:20,2026-09-30
FNX-002,VIP 50,50,Axe Lourd (Yaoundé-Douala),Yaoundé-Edea-Douala,19:20,2026-09-30
FNX-009,VIP 70,70,Axe Lourd (Douala-Yaoundé),Douala-Edea-Yaoundé,19:40,2026-09-30
FNX-003,VIP 50,50,Axe Lourd (Yaoundé-Douala),Yaoundé-Edea-Douala,19:40,2026-09-30
FNX-010,VIP 50,50,Axe Lourd (Douala-Yaoundé),Douala-Edea-Yaoundé,20:00,2026-09-30
FNX-004,VIP 50,50,Axe Lourd (Yaoundé-Douala),Yaoundé-Edea-Douala,20:00,2026-09-30
FNX-011,VIP 50,50,Axe Lourd (Douala-Yaoundé),Douala-Edea-Yaoundé,20:20,2026-09-30
FNX-005,VIP 70,70,Axe Lourd (Yaoundé-Douala),Yaoundé-Edea-Douala,20:20,2026-09-30
FNX-012,VIP 50,50,Axe Lourd (Douala-Yaoundé),Douala-Edea-Yaoundé,20:40,2026-09-30
FNX-006,VIP 50,50,Axe Lourd (Yaoundé-Douala),Yaoundé-Edea-Douala,20:40,2026-09-30
FNX-001,VIP 50,50,Axe Lourd (Douala-Yaoundé),Douala-Edea-Yaoundé,05:00,2026-10-01
FNX-007,VIP 70,70,Axe Lourd (Yaoundé-Douala),Yaoundé-Edea-Douala,05:00,2026-10-01
FNX-002,VIP 50,50,Axe Lourd (Douala-Yaoundé),Douala-Edea-Yaoundé,05:20,2026-10-01
FNX-008,VIP 70,70,Axe Lourd (Yaoundé-Douala),Yaoundé-Edea-Douala,05:20,2026-10-01
FNX-003,VIP 50,50,Axe Lourd (Douala-Yaoundé),Douala-Edea-Yaoundé,05:40,2026-10-01
FNX-009,VIP 70,70,Axe Lourd (Yaoundé-Douala),Yaoundé-Edea-Douala,05:40,2026-10-01
FNX-004,VIP 50,50,Axe Lourd (Douala-Yaoundé),Douala-Edea-Yaoundé,06:00,2026-10-01
FNX-010,VIP 50,50,Axe Lourd (Yaoundé-Douala),Yaoundé-Edea-Douala,06:00,2026-10-01
FNX-005,VIP 70,70,Axe Lourd (Douala-Yaoundé),Douala-Edea-Yaoundé,06:20,2026-10-01
FNX-011,VIP 50,50,Axe Lourd (Yaoundé-Douala),Yaoundé-Edea-Douala,06:20,2026-10-01
FNX-006,VIP 50,50,Axe Lourd (Douala-Yaoundé),Douala-Edea-Yaoundé,06:40,2026-10-01
FNX-012,VIP 50,50,Axe Lourd (Yaoundé-Douala),Yaoundé-Edea-Douala,06:40,2026-10-01
FNX-021,VIP 70,70,Axe Lourd (Douala-Yaoundé),Douala-Edea-Yaoundé,07:00,2026-10-01
FNX-013,VIP 70,70,Axe Lourd (Yaoundé-Douala),Yaoundé-Edea-Douala,07:00,2026-10-01
FNX-022,VIP 50,50,Axe Lourd (Douala-Yaoundé),Douala-Edea-Yaoundé,07:20,2026-10-01
FNX-014,VIP 50,50,Axe Lourd (Yaoundé-Douala),Yaoundé-Edea-Douala,07:20,2026-10-01
FNX-023,VIP 50,50,Axe Lourd (Douala-Yaoundé),Douala-Edea-Yaoundé,07:40,2026-10-01
FNX-015,VIP 50,50,Axe Lourd (Yaoundé-Douala),Yaoundé-Edea-Douala,07:40,2026-10-01
FNX-024,VIP 50,50,Axe Lourd (Douala-Yaoundé),Douala-Edea-Yaoundé,08:00,2026-10-01
FNX-016,VIP 50,50,Axe Lourd (Yaoundé-Douala),Yaoundé-Edea-Douala,08:00,2026-10-01
FNX-025,VIP 50,50,Axe Lourd (Douala-Yaoundé),Douala-Edea-Yaoundé,08:20,2026-10-01
FNX-017,VIP 50,50,Axe Lourd (Yaoundé-Douala),Yaoundé-Edea-Douala,08:20,2026-10-01
FNX-026,VIP 50,50,Axe Lourd (Douala-Yaoundé),Douala-Edea-Yaoundé,08:40,2026-10-01
FNX-018,VIP 70,70,Axe Lourd (Yaoundé-Douala),Yaoundé-Edea-Douala,08:40,2026-10-01
FNX-027,VIP 70,70,Axe Lourd (Douala-Yaoundé),Douala-Edea-Yaoundé,09:00,2026-10-01
FNX-019,VIP 50,50,Axe Lourd (Yaoundé-Douala),Yaoundé-Edea-Douala,09:00,2026-10-01
FNX-028,VIP 50,50,Axe Lourd (Douala-Yaoundé),Douala-Edea-Yaoundé,09:20,2026-10-01
FNX-020,VIP 70,70,Axe Lourd (Yaoundé-Douala),Yaoundé-Edea-Douala,09:20,2026-10-01
FNX-007,VIP 70,70,Axe Lourd (Douala-Yaoundé),Douala-Edea-Yaoundé,09:40,2026-10-01
FNX-001,VIP 50,50,Axe Lourd (Yaoundé-Douala),Yaoundé-Edea-Douala,09:40,2026-10-01
FNX-008,VIP 70,70,Axe Lourd (Douala-Yaoundé),Douala-Edea-Yaoundé,10:00,2026-10-01
FNX-002,VIP 50,50,Axe Lourd (Yaoundé-Douala),Yaoundé-Edea-Douala,10:00,2026-10-01
FNX-009,VIP 70,70,Axe Lourd (Douala-Yaoundé),Douala-Edea-Yaoundé,10:20,2026-10-01
FNX-003,VIP 50,50,Axe Lourd (Yaoundé-Douala),Yaoundé-Edea-Douala,10:20,2026-10-01
FNX-010,VIP 50,50,Axe Lourd (Douala-Yaoundé),Douala-Edea-Yaoundé,10:40,2026-10-01
FNX-004,VIP 50,50,Axe Lourd (Yaoundé-Douala),Yaoundé-Edea-Douala,10:40,2026-10-01
FNX-011,VIP 50,50,Axe Lourd (Douala-Yaoundé),Douala-Edea-Yaoundé,11:00,2026-10-01
FNX-005,VIP 70,70,Axe Lourd (Yaoundé-Douala),Yaoundé-Edea-Douala,11:00,2026-10-01
FNX-012,VIP 50,50,Axe Lourd (Douala-Yaoundé),Douala-Edea-Yaoundé,11:20,2026-10-01
FNX-006,VIP 50,50,Axe Lourd (Yaoundé-Douala),Yaoundé-Edea-Douala,11:20,2026-10-01
FNX-013,VIP 70,70,Axe Lourd (Douala-Yaoundé),Douala-Edea-Yaoundé,11:40,2026-10-01
FNX-021,VIP 70,70,Axe Lourd (Yaoundé-Douala),Yaoundé-Edea-Douala,11:40,2026-10-01
FNX-014,VIP 50,50,Axe Lourd (Douala-Yaoundé),Douala-Edea-Yaoundé,12:00,2026-10-01
FNX-022,VIP 50,50,Axe Lourd (Yaoundé-Douala),Yaoundé-Edea-Douala,12:00,2026-10-01
FNX-015,VIP 50,50,Axe Lourd (Douala-Yaoundé),Douala-Edea-Yaoundé,12:20,2026-10-01
FNX-023,VIP 50,50,Axe Lourd (Yaoundé-Douala),Yaoundé-Edea-Douala,12:20,2026-10-01
FNX-016,VIP 50,50,Axe Lourd (Douala-Yaoundé),Douala-Edea-Yaoundé,12:40,2026-10-01
FNX-024,VIP 50,50,Axe Lourd (Yaoundé-Douala),Yaoundé-Edea-Douala,12:40,2026-10-01
FNX-017,VIP 50,50,Axe Lourd (Douala-Yaoundé),Douala-Edea-Yaoundé,13:00,2026-10-01
FNX-025,VIP 50,50,Axe Lourd (Yaoundé-Douala),Yaoundé-Edea-Douala,13:00,2026-10-01
FNX-018,VIP 70,70,Axe Lourd (Douala-Yaoundé),Douala-Edea-Yaoundé,13:20,2026-10-01
FNX-026,VIP 50,50,Axe Lourd (Yaoundé-Douala),Yaoundé-Edea-Douala,13:20,2026-10-01
FNX-019,VIP 50,50,Axe Lourd (Douala-Yaoundé),Douala-Edea-Yaoundé,13:40,2026-10-01
FNX-027,VIP 70,70,Axe Lourd (Yaoundé-Douala),Yaoundé-Edea-Douala,13:40,2026-10-01
FNX-020,VIP 70,70,Axe Lourd (Douala-Yaoundé),Douala-Edea-Yaoundé,14:00,2026-10-01
FNX-028,VIP 50,50,Axe Lourd (Yaoundé-Douala),Yaoundé-Edea-Douala,14:00,2026-10-01
FNX-001,VIP 50,50,Axe Lourd (Douala-Yaoundé),Douala-Edea-Yaoundé,14:20,2026-10-01
FNX-007,VIP 70,70,Axe Lourd (Yaoundé-Douala),Yaoundé-Edea-Douala,14:20,2026-10-01
FNX-002,VIP 50,50,Axe Lourd (Douala-Yaoundé),Douala-Edea-Yaoundé,14:40,2026-10-01
FNX-008,VIP 70,70,Axe Lourd (Yaoundé-Douala),Yaoundé-Edea-Douala,14:40,2026-10-01
FNX-003,VIP 50,50,Axe Lourd (Douala-Yaoundé),Douala-Edea-Yaoundé,15:00,2026-10-01
FNX-009,VIP 70,70,Axe Lourd (Yaoundé-Douala),Yaoundé-Edea-Douala,15:00,2026-10-01
FNX-004,VIP 50,50,Axe Lourd (Douala-Yaoundé),Douala-Edea-Yaoundé,15:20,2026-10-01
FNX-010,VIP 50,50,Axe Lourd (Yaoundé-Douala),Yaoundé-Edea-Douala,15:20,2026-10-01
FNX-005,VIP 70,70,Axe Lourd (Douala-Yaoundé),Douala-Edea-Yaoundé,15:40,2026-10-01
FNX-011,VIP 50,50,Axe Lourd (Yaoundé-Douala),Yaoundé-Edea-Douala,15:40,2026-10-01
FNX-006,VIP 50,50,Axe Lourd (Douala-Yaoundé),Douala-Edea-Yaoundé,16:00,2026-10-01
FNX-012,VIP 50,50,Axe Lourd (Yaoundé-Douala),Yaoundé-Edea-Douala,16:00,2026-10-01
FNX-021,VIP 70,70,Axe Lourd (Douala-Yaoundé),Douala-Edea-Yaoundé,16:20,2026-10-01
FNX-013,VIP 70,70,Axe Lourd (Yaoundé-Douala),Yaoundé-Edea-Douala,16:20,2026-10-01
FNX-022,VIP 50,50,Axe Lourd (Douala-Yaoundé),Douala-Edea-Yaoundé,16:40,2026-10-01
FNX-014,VIP 50,50,Axe Lourd (Yaoundé-Douala),Yaoundé-Edea-Douala,16:40,2026-10-01
FNX-023,VIP 50,50,Axe Lourd (Douala-Yaoundé),Douala-Edea-Yaoundé,17:00,2026-10-01
FNX-015,VIP 50,50,Axe Lourd (Yaoundé-Douala),Yaoundé-Edea-Douala,17:00,2026-10-01
FNX-024,VIP 50,50,Axe Lourd (Douala-Yaoundé),Douala-Edea-Yaoundé,17:20,2026-10-01
FNX-016,VIP 50,50,Axe Lourd (Yaoundé-Douala),Yaoundé-Edea-Douala,17:20,2026-10-01
FNX-025,VIP 50,50,Axe Lourd (Douala-Yaoundé),Douala-Edea-Yaoundé,17:40,2026-10-01
FNX-017,VIP 50,50,Axe Lourd (Yaoundé-Douala),Yaoundé-Edea-Douala,17:40,2026-10-01
FNX-026,VIP 50,50,Axe Lourd (Douala-Yaoundé),Douala-Edea-Yaoundé,18:00,2026-10-01
FNX-018,VIP 70,70,Axe Lourd (Yaoundé-Douala),Yaoundé-Edea-Douala,18:00,2026-10-01
FNX-027,VIP 70,70,Axe Lourd (Douala-Yaoundé),Douala-Edea-Yaoundé,18:20,2026-10-01
FNX-019,VIP 50,50,Axe Lourd (Yaoundé-Douala),Yaoundé-Edea-Douala,18:20,2026-10-01
FNX-028,VIP 50,50,Axe Lourd (Douala-Yaoundé),Douala-Edea-Yaoundé,18:40,2026-10-01
FNX-020,VIP 70,70,Axe Lourd (Yaoundé-Douala),Yaoundé-Edea-Douala,18:40,2026-10-01
FNX-007,VIP 70,70,Axe Lourd (Douala-Yaoundé),Douala-Edea-Yaoundé,19:00,2026-10-01
FNX-001,VIP 50,50,Axe Lourd (Yaoundé-Douala),Yaoundé-Edea-Douala,19:00,2026-10-01
FNX-008,VIP 70,70,Axe Lourd (Douala-Yaoundé),Douala-Edea-Yaoundé,19:20,2026-10-01
FNX-002,VIP 50,50,Axe Lourd (Yaoundé-Douala),Yaoundé-Edea-Douala,19:20,2026-10-01
FNX-009,VIP 70,70,Axe Lourd (Douala-Yaoundé),Douala-Edea-Yaoundé,19:40,2026-10-01
FNX-003,VIP 50,50,Axe Lourd (Yaoundé-Douala),Yaoundé-Edea-Douala,19:40,2026-10-01
FNX-010,VIP 50,50,Axe Lourd (Douala-Yaoundé),Douala-Edea-Yaoundé,20:00,2026-10-01
FNX-004,VIP 50,50,Axe Lourd (Yaoundé-Douala),Yaoundé-Edea-Douala,20:00,2026-10-01
FNX-011,VIP 50,50,Axe Lourd (Douala-Yaoundé),Douala-Edea-Yaoundé,20:20,2026-10-01
FNX-005,VIP 70,70,Axe Lourd (Yaoundé-Douala),Yaoundé-Edea-Douala,20:20,2026-10-01
FNX-012,VIP 50,50,Axe Lourd (Douala-Yaoundé),Douala-Edea-Yaoundé,20:40,2026-10-01
FNX-006,VIP 50,50,Axe Lourd (Yaoundé-Douala),Yaoundé-Edea-Douala,20:40,2026-10-01
FNX-001,VIP 50,50,Axe Lourd (Douala-Yaoundé),Douala-Edea-Yaoundé,05:00,2026-10-02
FNX-007,VIP 70,70,Axe Lourd (Yaoundé-Douala),Yaoundé-Edea-Douala,05:00,2026-10-02
FNX-002,VIP 50,50,Axe Lourd (Douala-Yaoundé),Douala-Edea-Yaoundé,05:20,2026-10-02
FNX-008,VIP 70,70,Axe Lourd (Yaoundé-Douala),Yaoundé-Edea-Douala,05:20,2026-10-02
FNX-003,VIP 50,50,Axe Lourd (Douala-Yaoundé),Douala-Edea-Yaoundé,05:40,2026-10-02
FNX-009,VIP 70,70,Axe Lourd (Yaoundé-Douala),Yaoundé-Edea-Douala,05:40,2026-10-02
FNX-004,VIP 50,50,Axe Lourd (Douala-Yaoundé),Douala-Edea-Yaoundé,06:00,2026-10-02
FNX-010,VIP 50,50,Axe Lourd (Yaoundé-Douala),Yaoundé-Edea-Douala,06:00,2026-10-02
FNX-005,VIP 70,70,Axe Lourd (Douala-Yaoundé),Douala-Edea-Yaoundé,06:20,2026-10-02
FNX-011,VIP 50,50,Axe Lourd (Yaoundé-Douala),Yaoundé-Edea-Douala,06:20,2026-10-02
FNX-006,VIP 50,50,Axe Lourd (Douala-Yaoundé),Douala-Edea-Yaoundé,06:40,2026-10-02
FNX-012,VIP 50,50,Axe Lourd (Yaoundé-Douala),Yaoundé-Edea-Douala,06:40,2026-10-02
FNX-013,VIP 70,70,Axe Lourd (Douala-Yaoundé),Douala-Edea-Yaoundé,07:00,2026-10-02
FNX-021,VIP 70,70,Axe Lourd (Yaoundé-Douala),Yaoundé-Edea-Douala,07:00,2026-10-02
FNX-014,VIP 50,50,Axe Lourd (Douala-Yaoundé),Douala-Edea-Yaoundé,07:20,2026-10-02
FNX-022,VIP 50,50,Axe Lourd (Yaoundé-Douala),Yaoundé-Edea-Douala,07:20,2026-10-02
FNX-015,VIP 50,50,Axe Lourd (Douala-Yaoundé),Douala-Edea-Yaoundé,07:40,2026-10-02
FNX-023,VIP 50,50,Axe Lourd (Yaoundé-Douala),Yaoundé-Edea-Douala,07:40,2026-10-02
FNX-016,VIP 50,50,Axe Lourd (Douala-Yaoundé),Douala-Edea-Yaoundé,08:00,2026-10-02
FNX-024,VIP 50,50,Axe Lourd (Yaoundé-Douala),Yaoundé-Edea-Douala,08:00,2026-10-02
FNX-017,VIP 50,50,Axe Lourd (Douala-Yaoundé),Douala-Edea-Yaoundé,08:20,2026-10-02
FNX-025,VIP 50,50,Axe Lourd (Yaoundé-Douala),Yaoundé-Edea-Douala,08:20,2026-10-02
FNX-018,VIP 70,70,Axe Lourd (Douala-Yaoundé),Douala-Edea-Yaoundé,08:40,2026-10-02
FNX-026,VIP 50,50,Axe Lourd (Yaoundé-Douala),Yaoundé-Edea-Douala,08:40,2026-10-02
FNX-019,VIP 50,50,Axe Lourd (Douala-Yaoundé),Douala-Edea-Yaoundé,09:00,2026-10-02
FNX-027,VIP 70,70,Axe Lourd (Yaoundé-Douala),Yaoundé-Edea-Douala,09:00,2026-10-02
FNX-020,VIP 70,70,Axe Lourd (Douala-Yaoundé),Douala-Edea-Yaoundé,09:20,2026-10-02
FNX-028,VIP 50,50,Axe Lourd (Yaoundé-Douala),Yaoundé-Edea-Douala,09:20,2026-10-02
FNX-007,VIP 70,70,Axe Lourd (Douala-Yaoundé),Douala-Edea-Yaoundé,09:40,2026-10-02
FNX-001,VIP 50,50,Axe Lourd (Yaoundé-Douala),Yaoundé-Edea-Douala,09:40,2026-10-02
FNX-008,VIP 70,70,Axe Lourd (Douala-Yaoundé),Douala-Edea-Yaoundé,10:00,2026-10-02
FNX-002,VIP 50,50,Axe Lourd (Yaoundé-Douala),Yaoundé-Edea-Douala,10:00,2026-10-02
FNX-009,VIP 70,70,Axe Lourd (Douala-Yaoundé),Douala-Edea-Yaoundé,10:20,2026-10-02
FNX-003,VIP 50,50,Axe Lourd (Yaoundé-Douala),Yaoundé-Edea-Douala,10:20,2026-10-02
FNX-010,VIP 50,50,Axe Lourd (Douala-Yaoundé),Douala-Edea-Yaoundé,10:40,2026-10-02
FNX-004,VIP 50,50,Axe Lourd (Yaoundé-Douala),Yaoundé-Edea-Douala,10:40,2026-10-02
FNX-011,VIP 50,50,Axe Lourd (Douala-Yaoundé),Douala-Edea-Yaoundé,11:00,2026-10-02
FNX-005,VIP 70,70,Axe Lourd (Yaoundé-Douala),Yaoundé-Edea-Douala,11:00,2026-10-02
FNX-012,VIP 50,50,Axe Lourd (Douala-Yaoundé),Douala-Edea-Yaoundé,11:20,2026-10-02
FNX-006,VIP 50,50,Axe Lourd (Yaoundé-Douala),Yaoundé-Edea-Douala,11:20,2026-10-02
FNX-021,VIP 70,70,Axe Lourd (Douala-Yaoundé),Douala-Edea-Yaoundé,11:40,2026-10-02
FNX-013,VIP 70,70,Axe Lourd (Yaoundé-Douala),Yaoundé-Edea-Douala,11:40,2026-10-02
FNX-022,VIP 50,50,Axe Lourd (Douala-Yaoundé),Douala-Edea-Yaoundé,12:00,2026-10-02
FNX-014,VIP 50,50,Axe Lourd (Yaoundé-Douala),Yaoundé-Edea-Douala,12:00,2026-10-02
FNX-023,VIP 50,50,Axe Lourd (Douala-Yaoundé),Douala-Edea-Yaoundé,12:20,2026-10-02
FNX-015,VIP 50,50,Axe Lourd (Yaoundé-Douala),Yaoundé-Edea-Douala,12:20,2026-10-02
FNX-024,VIP 50,50,Axe Lourd (Douala-Yaoundé),Douala-Edea-Yaoundé,12:40,2026-10-02
FNX-016,VIP 50,50,Axe Lourd (Yaoundé-Douala),Yaoundé-Edea-Douala,12:40,2026-10-02
FNX-025,VIP 50,50,Axe Lourd (Douala-Yaoundé),Douala-Edea-Yaoundé,13:00,2026-10-02
FNX-017,VIP 50,50,Axe Lourd (Yaoundé-Douala),Yaoundé-Edea-Douala,13:00,2026-10-02
FNX-026,VIP 50,50,Axe Lourd (Douala-Yaoundé),Douala-Edea-Yaoundé,13:20,2026-10-02
FNX-018,VIP 70,70,Axe Lourd (Yaoundé-Douala),Yaoundé-Edea-Douala,13:20,2026-10-02
FNX-027,VIP 70,70,Axe Lourd (Douala-Yaoundé),Douala-Edea-Yaoundé,13:40,2026-10-02
FNX-019,VIP 50,50,Axe Lourd (Yaoundé-Douala),Yaoundé-Edea-Douala,13:40,2026-10-02
FNX-028,VIP 50,50,Axe Lourd (Douala-Yaoundé),Douala-Edea-Yaoundé,14:00,2026-10-02
FNX-020,VIP 70,70,Axe Lourd (Yaoundé-Douala),Yaoundé-Edea-Douala,14:00,2026-10-02
FNX-001,VIP 50,50,Axe Lourd (Douala-Yaoundé),Douala-Edea-Yaoundé,14:20,2026-10-02
FNX-007,VIP 70,70,Axe Lourd (Yaoundé-Douala),Yaoundé-Edea-Douala,14:20,2026-10-02
FNX-002,VIP 50,50,Axe Lourd (Douala-Yaoundé),Douala-Edea-Yaoundé,14:40,2026-10-02
FNX-008,VIP 70,70,Axe Lourd (Yaoundé-Douala),Yaoundé-Edea-Douala,14:40,2026-10-02
FNX-003,VIP 50,50,Axe Lourd (Douala-Yaoundé),Douala-Edea-Yaoundé,15:00,2026-10-02
FNX-009,VIP 70,70,Axe Lourd (Yaoundé-Douala),Yaoundé-Edea-Douala,15:00,2026-10-02
FNX-004,VIP 50,50,Axe Lourd (Douala-Yaoundé),Douala-Edea-Yaoundé,15:20,2026-10-02
FNX-010,VIP 50,50,Axe Lourd (Yaoundé-Douala),Yaoundé-Edea-Douala,15:20,2026-10-02
FNX-005,VIP 70,70,Axe Lourd (Douala-Yaoundé),Douala-Edea-Yaoundé,15:40,2026-10-02
FNX-011,VIP 50,50,Axe Lourd (Yaoundé-Douala),Yaoundé-Edea-Douala,15:40,2026-10-02
FNX-006,VIP 50,50,Axe Lourd (Douala-Yaoundé),Douala-Edea-Yaoundé,16:00,2026-10-02
FNX-012,VIP 50,50,Axe Lourd (Yaoundé-Douala),Yaoundé-Edea-Douala,16:00,2026-10-02
FNX-013,VIP 70,70,Axe Lourd (Douala-Yaoundé),Douala-Edea-Yaoundé,16:20,2026-10-02
FNX-021,VIP 70,70,Axe Lourd (Yaoundé-Douala),Yaoundé-Edea-Douala,16:20,2026-10-02
FNX-014,VIP 50,50,Axe Lourd (Douala-Yaoundé),Douala-Edea-Yaoundé,16:40,2026-10-02
FNX-022,VIP 50,50,Axe Lourd (Yaoundé-Douala),Yaoundé-Edea-Douala,16:40,2026-10-02
FNX-015,VIP 50,50,Axe Lourd (Douala-Yaoundé),Douala-Edea-Yaoundé,17:00,2026-10-02
FNX-023,VIP 50,50,Axe Lourd (Yaoundé-Douala),Yaoundé-Edea-Douala,17:00,2026-10-02
FNX-016,VIP 50,50,Axe Lourd (Douala-Yaoundé),Douala-Edea-Yaoundé,17:20,2026-10-02
FNX-024,VIP 50,50,Axe Lourd (Yaoundé-Douala),Yaoundé-Edea-Douala,17:20,2026-10-02
FNX-017,VIP 50,50,Axe Lourd (Douala-Yaoundé),Douala-Edea-Yaoundé,17:40,2026-10-02
FNX-025,VIP 50,50,Axe Lourd (Yaoundé-Douala),Yaoundé-Edea-Douala,17:40,2026-10-02
FNX-018,VIP 70,70,Axe Lourd (Douala-Yaoundé),Douala-Edea-Yaoundé,18:00,2026-10-02
FNX-026,VIP 50,50,Axe Lourd (Yaoundé-Douala),Yaoundé-Edea-Douala,18:00,2026-10-02
FNX-019,VIP 50,50,Axe Lourd (Douala-Yaoundé),Douala-Edea-Yaoundé,18:20,2026-10-02
FNX-027,VIP 70,70,Axe Lourd (Yaoundé-Douala),Yaoundé-Edea-Douala,18:20,2026-10-02
FNX-020,VIP 70,70,Axe Lourd (Douala-Yaoundé),Douala-Edea-Yaoundé,18:40,2026-10-02
FNX-028,VIP 50,50,Axe Lourd (Yaoundé-Douala),Yaoundé-Edea-Douala,18:40,2026-10-02
FNX-007,VIP 70,70,Axe Lourd (Douala-Yaoundé),Douala-Edea-Yaoundé,19:00,2026-10-02
FNX-001,VIP 50,50,Axe Lourd (Yaoundé-Douala),Yaoundé-Edea-Douala,19:00,2026-10-02
FNX-008,VIP 70,70,Axe Lourd (Douala-Yaoundé),Douala-Edea-Yaoundé,19:20,2026-10-02
FNX-002,VIP 50,50,Axe Lourd (Yaoundé-Douala),Yaoundé-Edea-Douala,19:20,2026-10-02
FNX-009,VIP 70,70,Axe Lourd (Douala-Yaoundé),Douala-Edea-Yaoundé,19:40,2026-10-02
FNX-003,VIP 50,50,Axe Lourd (Yaoundé-Douala),Yaoundé-Edea-Douala,19:40,2026-10-02
FNX-010,VIP 50,50,Axe Lourd (Douala-Yaoundé),Douala-Edea-Yaoundé,20:00,2026-10-02
FNX-004,VIP 50,50,Axe Lourd (Yaoundé-Douala),Yaoundé-Edea-Douala,20:00,2026-10-02
FNX-011,VIP 50,50,Axe Lourd (Douala-Yaoundé),Douala-Edea-Yaoundé,20:20,2026-10-02
FNX-005,VIP 70,70,Axe Lourd (Yaoundé-Douala),Yaoundé-Edea-Douala,20:20,2026-10-02
FNX-012,VIP 50,50,Axe Lourd (Douala-Yaoundé),Douala-Edea-Yaoundé,20:40,2026-10-02
FNX-006,VIP 50,50,Axe Lourd (Yaoundé-Douala),Yaoundé-Edea-Douala,20:40,2026-10-02
FNX-001,VIP 50,50,Axe Lourd (Douala-Yaoundé),Douala-Edea-Yaoundé,05:00,2026-10-03
FNX-007,VIP 70,70,Axe Lourd (Yaoundé-Douala),Yaoundé-Edea-Douala,05:00,2026-10-03
FNX-002,VIP 50,50,Axe Lourd (Douala-Yaoundé),Douala-Edea-Yaoundé,05:20,2026-10-03
FNX-008,VIP 70,70,Axe Lourd (Yaoundé-Douala),Yaoundé-Edea-Douala,05:20,2026-10-03
FNX-003,VIP 50,50,Axe Lourd (Douala-Yaoundé),Douala-Edea-Yaoundé,05:40,2026-10-03
FNX-009,VIP 70,70,Axe Lourd (Yaoundé-Douala),Yaoundé-Edea-Douala,05:40,2026-10-03
FNX-004,VIP 50,50,Axe Lourd (Douala-Yaoundé),Douala-Edea-Yaoundé,06:00,2026-10-03
FNX-010,VIP 50,50,Axe Lourd (Yaoundé-Douala),Yaoundé-Edea-Douala,06:00,2026-10-03
FNX-005,VIP 70,70,Axe Lourd (Douala-Yaoundé),Douala-Edea-Yaoundé,06:20,2026-10-03
FNX-011,VIP 50,50,Axe Lourd (Yaoundé-Douala),Yaoundé-Edea-Douala,06:20,2026-10-03
FNX-006,VIP 50,50,Axe Lourd (Douala-Yaoundé),Douala-Edea-Yaoundé,06:40,2026-10-03
FNX-012,VIP 50,50,Axe Lourd (Yaoundé-Douala),Yaoundé-Edea-Douala,06:40,2026-10-03
FNX-021,VIP 70,70,Axe Lourd (Douala-Yaoundé),Douala-Edea-Yaoundé,07:00,2026-10-03
FNX-013,VIP 70,70,Axe Lourd (Yaoundé-Douala),Yaoundé-Edea-Douala,07:00,2026-10-03
FNX-022,VIP 50,50,Axe Lourd (Douala-Yaoundé),Douala-Edea-Yaoundé,07:20,2026-10-03
FNX-014,VIP 50,50,Axe Lourd (Yaoundé-Douala),Yaoundé-Edea-Douala,07:20,2026-10-03
FNX-023,VIP 50,50,Axe Lourd (Douala-Yaoundé),Douala-Edea-Yaoundé,07:40,2026-10-03
FNX-015,VIP 50,50,Axe Lourd (Yaoundé-Douala),Yaoundé-Edea-Douala,07:40,2026-10-03
FNX-024,VIP 50,50,Axe Lourd (Douala-Yaoundé),Douala-Edea-Yaoundé,08:00,2026-10-03
FNX-016,VIP 50,50,Axe Lourd (Yaoundé-Douala),Yaoundé-Edea-Douala,08:00,2026-10-03
FNX-025,VIP 50,50,Axe Lourd (Douala-Yaoundé),Douala-Edea-Yaoundé,08:20,2026-10-03
FNX-017,VIP 50,50,Axe Lourd (Yaoundé-Douala),Yaoundé-Edea-Douala,08:20,2026-10-03
FNX-026,VIP 50,50,Axe Lourd (Douala-Yaoundé),Douala-Edea-Yaoundé,08:40,2026-10-03
FNX-018,VIP 70,70,Axe Lourd (Yaoundé-Douala),Yaoundé-Edea-Douala,08:40,2026-10-03
FNX-027,VIP 70,70,Axe Lourd (Douala-Yaoundé),Douala-Edea-Yaoundé,09:00,2026-10-03
FNX-019,VIP 50,50,Axe Lourd (Yaoundé-Douala),Yaoundé-Edea-Douala,09:00,2026-10-03
FNX-028,VIP 50,50,Axe Lourd (Douala-Yaoundé),Douala-Edea-Yaoundé,09:20,2026-10-03
FNX-020,VIP 70,70,Axe Lourd (Yaoundé-Douala),Yaoundé-Edea-Douala,09:20,2026-10-03
FNX-007,VIP 70,70,Axe Lourd (Douala-Yaoundé),Douala-Edea-Yaoundé,09:40,2026-10-03
FNX-001,VIP 50,50,Axe Lourd (Yaoundé-Douala),Yaoundé-Edea-Douala,09:40,2026-10-03
FNX-008,VIP 70,70,Axe Lourd (Douala-Yaoundé),Douala-Edea-Yaoundé,10:00,2026-10-03
FNX-002,VIP 50,50,Axe Lourd (Yaoundé-Douala),Yaoundé-Edea-Douala,10:00,2026-10-03
FNX-009,VIP 70,70,Axe Lourd (Douala-Yaoundé),Douala-Edea-Yaoundé,10:20,2026-10-03
FNX-003,VIP 50,50,Axe Lourd (Yaoundé-Douala),Yaoundé-Edea-Douala,10:20,2026-10-03
FNX-010,VIP 50,50,Axe Lourd (Douala-Yaoundé),Douala-Edea-Yaoundé,10:40,2026-10-03
FNX-004,VIP 50,50,Axe Lourd (Yaoundé-Douala),Yaoundé-Edea-Douala,10:40,2026-10-03
FNX-011,VIP 50,50,Axe Lourd (Douala-Yaoundé),Douala-Edea-Yaoundé,11:00,2026-10-03
FNX-005,VIP 70,70,Axe Lourd (Yaoundé-Douala),Yaoundé-Edea-Douala,11:00,2026-10-03
FNX-012,VIP 50,50,Axe Lourd (Douala-Yaoundé),Douala-Edea-Yaoundé,11:20,2026-10-03
FNX-006,VIP 50,50,Axe Lourd (Yaoundé-Douala),Yaoundé-Edea-Douala,11:20,2026-10-03
FNX-013,VIP 70,70,Axe Lourd (Douala-Yaoundé),Douala-Edea-Yaoundé,11:40,2026-10-03
FNX-021,VIP 70,70,Axe Lourd (Yaoundé-Douala),Yaoundé-Edea-Douala,11:40,2026-10-03
FNX-014,VIP 50,50,Axe Lourd (Douala-Yaoundé),Douala-Edea-Yaoundé,12:00,2026-10-03
FNX-022,VIP 50,50,Axe Lourd (Yaoundé-Douala),Yaoundé-Edea-Douala,12:00,2026-10-03
FNX-015,VIP 50,50,Axe Lourd (Douala-Yaoundé),Douala-Edea-Yaoundé,12:20,2026-10-03
FNX-023,VIP 50,50,Axe Lourd (Yaoundé-Douala),Yaoundé-Edea-Douala,12:20,2026-10-03
FNX-016,VIP 50,50,Axe Lourd (Douala-Yaoundé),Douala-Edea-Yaoundé,12:40,2026-10-03
FNX-024,VIP 50,50,Axe Lourd (Yaoundé-Douala),Yaoundé-Edea-Douala,12:40,2026-10-03
FNX-017,VIP 50,50,Axe Lourd (Douala-Yaoundé),Douala-Edea-Yaoundé,13:00,2026-10-03
FNX-025,VIP 50,50,Axe Lourd (Yaoundé-Douala),Yaoundé-Edea-Douala,13:00,2026-10-03
FNX-018,VIP 70,70,Axe Lourd (Douala-Yaoundé),Douala-Edea-Yaoundé,13:20,2026-10-03
FNX-026,VIP 50,50,Axe Lourd (Yaoundé-Douala),Yaoundé-Edea-Douala,13:20,2026-10-03
FNX-019,VIP 50,50,Axe Lourd (Douala-Yaoundé),Douala-Edea-Yaoundé,13:40,2026-10-03
FNX-027,VIP 70,70,Axe Lourd (Yaoundé-Douala),Yaoundé-Edea-Douala,13:40,2026-10-03
FNX-020,VIP 70,70,Axe Lourd (Douala-Yaoundé),Douala-Edea-Yaoundé,14:00,2026-10-03
FNX-028,VIP 50,50,Axe Lourd (Yaoundé-Douala),Yaoundé-Edea-Douala,14:00,2026-10-03
FNX-001,VIP 50,50,Axe Lourd (Douala-Yaoundé),Douala-Edea-Yaoundé,14:20,2026-10-03
FNX-007,VIP 70,70,Axe Lourd (Yaoundé-Douala),Yaoundé-Edea-Douala,14:20,2026-10-03
FNX-002,VIP 50,50,Axe Lourd (Douala-Yaoundé),Douala-Edea-Yaoundé,14:40,2026-10-03
FNX-008,VIP 70,70,Axe Lourd (Yaoundé-Douala),Yaoundé-Edea-Douala,14:40,2026-10-03
FNX-003,VIP 50,50,Axe Lourd (Douala-Yaoundé),Douala-Edea-Yaoundé,15:00,2026-10-03
FNX-009,VIP 70,70,Axe Lourd (Yaoundé-Douala),Yaoundé-Edea-Douala,15:00,2026-10-03
FNX-004,VIP 50,50,Axe Lourd (Douala-Yaoundé),Douala-Edea-Yaoundé,15:20,2026-10-03
FNX-010,VIP 50,50,Axe Lourd (Yaoundé-Douala),Yaoundé-Edea-Douala,15:20,2026-10-03
FNX-005,VIP 70,70,Axe Lourd (Douala-Yaoundé),Douala-Edea-Yaoundé,15:40,2026-10-03
FNX-011,VIP 50,50,Axe Lourd (Yaoundé-Douala),Yaoundé-Edea-Douala,15:40,2026-10-03
FNX-006,VIP 50,50,Axe Lourd (Douala-Yaoundé),Douala-Edea-Yaoundé,16:00,2026-10-03
FNX-012,VIP 50,50,Axe Lourd (Yaoundé-Douala),Yaoundé-Edea-Douala,16:00,2026-10-03
FNX-021,VIP 70,70,Axe Lourd (Douala-Yaoundé),Douala-Edea-Yaoundé,16:20,2026-10-03
FNX-013,VIP 70,70,Axe Lourd (Yaoundé-Douala),Yaoundé-Edea-Douala,16:20,2026-10-03
FNX-022,VIP 50,50,Axe Lourd (Douala-Yaoundé),Douala-Edea-Yaoundé,16:40,2026-10-03
FNX-014,VIP 50,50,Axe Lourd (Yaoundé-Douala),Yaoundé-Edea-Douala,16:40,2026-10-03
FNX-023,VIP 50,50,Axe Lourd (Douala-Yaoundé),Douala-Edea-Yaoundé,17:00,2026-10-03
FNX-015,VIP 50,50,Axe Lourd (Yaoundé-Douala),Yaoundé-Edea-Douala,17:00,2026-10-03
FNX-024,VIP 50,50,Axe Lourd (Douala-Yaoundé),Douala-Edea-Yaoundé,17:20,2026-10-03
FNX-016,VIP 50,50,Axe Lourd (Yaoundé-Douala),Yaoundé-Edea-Douala,17:20,2026-10-03
FNX-025,VIP 50,50,Axe Lourd (Douala-Yaoundé),Douala-Edea-Yaoundé,17:40,2026-10-03
FNX-017,VIP 50,50,Axe Lourd (Yaoundé-Douala),Yaoundé-Edea-Douala,17:40,2026-10-03
FNX-026,VIP 50,50,Axe Lourd (Douala-Yaoundé),Douala-Edea-Yaoundé,18:00,2026-10-03
FNX-018,VIP 70,70,Axe Lourd (Yaoundé-Douala),Yaoundé-Edea-Douala,18:00,2026-10-03
FNX-027,VIP 70,70,Axe Lourd (Douala-Yaoundé),Douala-Edea-Yaoundé,18:20,2026-10-03
FNX-019,VIP 50,50,Axe Lourd (Yaoundé-Douala),Yaoundé-Edea-Douala,18:20,2026-10-03
FNX-028,VIP 50,50,Axe Lourd (Douala-Yaoundé),Douala-Edea-Yaoundé,18:40,2026-10-03
FNX-020,VIP 70,70,Axe Lourd (Yaoundé-Douala),Yaoundé-Edea-Douala,18:40,2026-10-03
FNX-007,VIP 70,70,Axe Lourd (Douala-Yaoundé),Douala-Edea-Yaoundé,19:00,2026-10-03
FNX-001,VIP 50,50,Axe Lourd (Yaoundé-Douala),Yaoundé-Edea-Douala,19:00,2026-10-03
FNX-008,VIP 70,70,Axe Lourd (Douala-Yaoundé),Douala-Edea-Yaoundé,19:20,2026-10-03
FNX-002,VIP 50,50,Axe Lourd (Yaoundé-Douala),Yaoundé-Edea-Douala,19:20,2026-10-03
FNX-009,VIP 70,70,Axe Lourd (Douala-Yaoundé),Douala-Edea-Yaoundé,19:40,2026-10-03
FNX-003,VIP 50,50,Axe Lourd (Yaoundé-Douala),Yaoundé-Edea-Douala,19:40,2026-10-03
FNX-010,VIP 50,50,Axe Lourd (Douala-Yaoundé),Douala-Edea-Yaoundé,20:00,2026-10-03
FNX-004,VIP 50,50,Axe Lourd (Yaoundé-Douala),Yaoundé-Edea-Douala,20:00,2026-10-03
FNX-011,VIP 50,50,Axe Lourd (Douala-Yaoundé),Douala-Edea-Yaoundé,20:20,2026-10-03
FNX-005,VIP 70,70,Axe Lourd (Yaoundé-Douala),Yaoundé-Edea-Douala,20:20,2026-10-03
FNX-012,VIP 50,50,Axe Lourd (Douala-Yaoundé),Douala-Edea-Yaoundé,20:40,2026-10-03
FNX-006,VIP 50,50,Axe Lourd (Yaoundé-Douala),Yaoundé-Edea-Douala,20:40,2026-10-03
FNX-001,VIP 50,50,Axe Lourd (Douala-Yaoundé),Douala-Edea-Yaoundé,05:00,2026-10-04
FNX-007,VIP 70,70,Axe Lourd (Yaoundé-Douala),Yaoundé-Edea-Douala,05:00,2026-10-04
FNX-002,VIP 50,50,Axe Lourd (Douala-Yaoundé),Douala-Edea-Yaoundé,05:20,2026-10-04
FNX-008,VIP 70,70,Axe Lourd (Yaoundé-Douala),Yaoundé-Edea-Douala,05:20,2026-10-04
FNX-003,VIP 50,50,Axe Lourd (Douala-Yaoundé),Douala-Edea-Yaoundé,05:40,2026-10-04
FNX-009,VIP 70,70,Axe Lourd (Yaoundé-Douala),Yaoundé-Edea-Douala,05:40,2026-10-04
FNX-004,VIP 50,50,Axe Lourd (Douala-Yaoundé),Douala-Edea-Yaoundé,06:00,2026-10-04
FNX-010,VIP 50,50,Axe Lourd (Yaoundé-Douala),Yaoundé-Edea-Douala,06:00,2026-10-04
FNX-005,VIP 70,70,Axe Lourd (Douala-Yaoundé),Douala-Edea-Yaoundé,06:20,2026-10-04
FNX-011,VIP 50,50,Axe Lourd (Yaoundé-Douala),Yaoundé-Edea-Douala,06:20,2026-10-04
FNX-006,VIP 50,50,Axe Lourd (Douala-Yaoundé),Douala-Edea-Yaoundé,06:40,2026-10-04
FNX-012,VIP 50,50,Axe Lourd (Yaoundé-Douala),Yaoundé-Edea-Douala,06:40,2026-10-04
FNX-013,VIP 70,70,Axe Lourd (Douala-Yaoundé),Douala-Edea-Yaoundé,07:00,2026-10-04
FNX-021,VIP 70,70,Axe Lourd (Yaoundé-Douala),Yaoundé-Edea-Douala,07:00,2026-10-04
FNX-014,VIP 50,50,Axe Lourd (Douala-Yaoundé),Douala-Edea-Yaoundé,07:20,2026-10-04
FNX-022,VIP 50,50,Axe Lourd (Yaoundé-Douala),Yaoundé-Edea-Douala,07:20,2026-10-04
FNX-015,VIP 50,50,Axe Lourd (Douala-Yaoundé),Douala-Edea-Yaoundé,07:40,2026-10-04
FNX-023,VIP 50,50,Axe Lourd (Yaoundé-Douala),Yaoundé-Edea-Douala,07:40,2026-10-04
FNX-016,VIP 50,50,Axe Lourd (Douala-Yaoundé),Douala-Edea-Yaoundé,08:00,2026-10-04
FNX-024,VIP 50,50,Axe Lourd (Yaoundé-Douala),Yaoundé-Edea-Douala,08:00,2026-10-04
FNX-017,VIP 50,50,Axe Lourd (Douala-Yaoundé),Douala-Edea-Yaoundé,08:20,2026-10-04
FNX-025,VIP 50,50,Axe Lourd (Yaoundé-Douala),Yaoundé-Edea-Douala,08:20,2026-10-04
FNX-018,VIP 70,70,Axe Lourd (Douala-Yaoundé),Douala-Edea-Yaoundé,08:40,2026-10-04
FNX-026,VIP 50,50,Axe Lourd (Yaoundé-Douala),Yaoundé-Edea-Douala,08:40,2026-10-04
FNX-019,VIP 50,50,Axe Lourd (Douala-Yaoundé),Douala-Edea-Yaoundé,09:00,2026-10-04
FNX-027,VIP 70,70,Axe Lourd (Yaoundé-Douala),Yaoundé-Edea-Douala,09:00,2026-10-04
FNX-020,VIP 70,70,Axe Lourd (Douala-Yaoundé),Douala-Edea-Yaoundé,09:20,2026-10-04
FNX-028,VIP 50,50,Axe Lourd (Yaoundé-Douala),Yaoundé-Edea-Douala,09:20,2026-10-04
FNX-007,VIP 70,70,Axe Lourd (Douala-Yaoundé),Douala-Edea-Yaoundé,09:40,2026-10-04
FNX-001,VIP 50,50,Axe Lourd (Yaoundé-Douala),Yaoundé-Edea-Douala,09:40,2026-10-04
FNX-008,VIP 70,70,Axe Lourd (Douala-Yaoundé),Douala-Edea-Yaoundé,10:00,2026-10-04
FNX-002,VIP 50,50,Axe Lourd (Yaoundé-Douala),Yaoundé-Edea-Douala,10:00,2026-10-04
FNX-009,VIP 70,70,Axe Lourd (Douala-Yaoundé),Douala-Edea-Yaoundé,10:20,2026-10-04
FNX-003,VIP 50,50,Axe Lourd (Yaoundé-Douala),Yaoundé-Edea-Douala,10:20,2026-10-04
FNX-010,VIP 50,50,Axe Lourd (Douala-Yaoundé),Douala-Edea-Yaoundé,10:40,2026-10-04
FNX-004,VIP 50,50,Axe Lourd (Yaoundé-Douala),Yaoundé-Edea-Douala,10:40,2026-10-04
FNX-011,VIP 50,50,Axe Lourd (Douala-Yaoundé),Douala-Edea-Yaoundé,11:00,2026-10-04
FNX-005,VIP 70,70,Axe Lourd (Yaoundé-Douala),Yaoundé-Edea-Douala,11:00,2026-10-04
FNX-012,VIP 50,50,Axe Lourd (Douala-Yaoundé),Douala-Edea-Yaoundé,11:20,2026-10-04
FNX-006,VIP 50,50,Axe Lourd (Yaoundé-Douala),Yaoundé-Edea-Douala,11:20,2026-10-04
FNX-021,VIP 70,70,Axe Lourd (Douala-Yaoundé),Douala-Edea-Yaoundé,11:40,2026-10-04
FNX-013,VIP 70,70,Axe Lourd (Yaoundé-Douala),Yaoundé-Edea-Douala,11:40,2026-10-04
FNX-022,VIP 50,50,Axe Lourd (Douala-Yaoundé),Douala-Edea-Yaoundé,12:00,2026-10-04
FNX-014,VIP 50,50,Axe Lourd (Yaoundé-Douala),Yaoundé-Edea-Douala,12:00,2026-10-04
FNX-023,VIP 50,50,Axe Lourd (Douala-Yaoundé),Douala-Edea-Yaoundé,12:20,2026-10-04
FNX-015,VIP 50,50,Axe Lourd (Yaoundé-Douala),Yaoundé-Edea-Douala,12:20,2026-10-04
FNX-024,VIP 50,50,Axe Lourd (Douala-Yaoundé),Douala-Edea-Yaoundé,12:40,2026-10-04
FNX-016,VIP 50,50,Axe Lourd (Yaoundé-Douala),Yaoundé-Edea-Douala,12:40,2026-10-04
FNX-025,VIP 50,50,Axe Lourd (Douala-Yaoundé),Douala-Edea-Yaoundé,13:00,2026-10-04
FNX-017,VIP 50,50,Axe Lourd (Yaoundé-Douala),Yaoundé-Edea-Douala,13:00,2026-10-04
FNX-026,VIP 50,50,Axe Lourd (Douala-Yaoundé),Douala-Edea-Yaoundé,13:20,2026-10-04
FNX-018,VIP 70,70,Axe Lourd (Yaoundé-Douala),Yaoundé-Edea-Douala,13:20,2026-10-04
FNX-027,VIP 70,70,Axe Lourd (Douala-Yaoundé),Douala-Edea-Yaoundé,13:40,2026-10-04
FNX-019,VIP 50,50,Axe Lourd (Yaoundé-Douala),Yaoundé-Edea-Douala,13:40,2026-10-04
FNX-028,VIP 50,50,Axe Lourd (Douala-Yaoundé),Douala-Edea-Yaoundé,14:00,2026-10-04
FNX-020,VIP 70,70,Axe Lourd (Yaoundé-Douala),Yaoundé-Edea-Douala,14:00,2026-10-04
FNX-001,VIP 50,50,Axe Lourd (Douala-Yaoundé),Douala-Edea-Yaoundé,14:20,2026-10-04
FNX-007,VIP 70,70,Axe Lourd (Yaoundé-Douala),Yaoundé-Edea-Douala,14:20,2026-10-04
FNX-002,VIP 50,50,Axe Lourd (Douala-Yaoundé),Douala-Edea-Yaoundé,14:40,2026-10-04
FNX-008,VIP 70,70,Axe Lourd (Yaoundé-Douala),Yaoundé-Edea-Douala,14:40,2026-10-04
FNX-003,VIP 50,50,Axe Lourd (Douala-Yaoundé),Douala-Edea-Yaoundé,15:00,2026-10-04
FNX-009,VIP 70,70,Axe Lourd (Yaoundé-Douala),Yaoundé-Edea-Douala,15:00,2026-10-04
FNX-004,VIP 50,50,Axe Lourd (Douala-Yaoundé),Douala-Edea-Yaoundé,15:20,2026-10-04
FNX-010,VIP 50,50,Axe Lourd (Yaoundé-Douala),Yaoundé-Edea-Douala,15:20,2026-10-04
FNX-005,VIP 70,70,Axe Lourd (Douala-Yaoundé),Douala-Edea-Yaoundé,15:40,2026-10-04
FNX-011,VIP 50,50,Axe Lourd (Yaoundé-Douala),Yaoundé-Edea-Douala,15:40,2026-10-04
FNX-006,VIP 50,50,Axe Lourd (Douala-Yaoundé),Douala-Edea-Yaoundé,16:00,2026-10-04
FNX-012,VIP 50,50,Axe Lourd (Yaoundé-Douala),Yaoundé-Edea-Douala,16:00,2026-10-04
FNX-013,VIP 70,70,Axe Lourd (Douala-Yaoundé),Douala-Edea-Yaoundé,16:20,2026-10-04
FNX-021,VIP 70,70,Axe Lourd (Yaoundé-Douala),Yaoundé-Edea-Douala,16:20,2026-10-04
FNX-014,VIP 50,50,Axe Lourd (Douala-Yaoundé),Douala-Edea-Yaoundé,16:40,2026-10-04
FNX-022,VIP 50,50,Axe Lourd (Yaoundé-Douala),Yaoundé-Edea-Douala,16:40,2026-10-04
FNX-015,VIP 50,50,Axe Lourd (Douala-Yaoundé),Douala-Edea-Yaoundé,17:00,2026-10-04
FNX-023,VIP 50,50,Axe Lourd (Yaoundé-Douala),Yaoundé-Edea-Douala,17:00,2026-10-04
FNX-016,VIP 50,50,Axe Lourd (Douala-Yaoundé),Douala-Edea-Yaoundé,17:20,2026-10-04
FNX-024,VIP 50,50,Axe Lourd (Yaoundé-Douala),Yaoundé-Edea-Douala,17:20,2026-10-04
FNX-017,VIP 50,50,Axe Lourd (Douala-Yaoundé),Douala-Edea-Yaoundé,17:40,2026-10-04
FNX-025,VIP 50,50,Axe Lourd (Yaoundé-Douala),Yaoundé-Edea-Douala,17:40,2026-10-04
FNX-018,VIP 70,70,Axe Lourd (Douala-Yaoundé),Douala-Edea-Yaoundé,18:00,2026-10-04
FNX-026,VIP 50,50,Axe Lourd (Yaoundé-Douala),Yaoundé-Edea-Douala,18:00,2026-10-04
FNX-019,VIP 50,50,Axe Lourd (Douala-Yaoundé),Douala-Edea-Yaoundé,18:20,2026-10-04
FNX-027,VIP 70,70,Axe Lourd (Yaoundé-Douala),Yaoundé-Edea-Douala,18:20,2026-10-04
FNX-020,VIP 70,70,Axe Lourd (Douala-Yaoundé),Douala-Edea-Yaoundé,18:40,2026-10-04
FNX-028,VIP 50,50,Axe Lourd (Yaoundé-Douala),Yaoundé-Edea-Douala,18:40,2026-10-04
FNX-007,VIP 70,70,Axe Lourd (Douala-Yaoundé),Douala-Edea-Yaoundé,19:00,2026-10-04
FNX-001,VIP 50,50,Axe Lourd (Yaoundé-Douala),Yaoundé-Edea-Douala,19:00,2026-10-04
FNX-008,VIP 70,70,Axe Lourd (Douala-Yaoundé),Douala-Edea-Yaoundé,19:20,2026-10-04
FNX-002,VIP 50,50,Axe Lourd (Yaoundé-Douala),Yaoundé-Edea-Douala,19:20,2026-10-04
FNX-009,VIP 70,70,Axe Lourd (Douala-Yaoundé),Douala-Edea-Yaoundé,19:40,2026-10-04
FNX-003,VIP 50,50,Axe Lourd (Yaoundé-Douala),Yaoundé-Edea-Douala,19:40,2026-10-04
FNX-010,VIP 50,50,Axe Lourd (Douala-Yaoundé),Douala-Edea-Yaoundé,20:00,2026-10-04
FNX-004,VIP 50,50,Axe Lourd (Yaoundé-Douala),Yaoundé-Edea-Douala,20:00,2026-10-04
FNX-011,VIP 50,50,Axe Lourd (Douala-Yaoundé),Douala-Edea-Yaoundé,20:20,2026-10-04
FNX-005,VIP 70,70,Axe Lourd (Yaoundé-Douala),Yaoundé-Edea-Douala,20:20,2026-10-04
FNX-012,VIP 50,50,Axe Lourd (Douala-Yaoundé),Douala-Edea-Yaoundé,20:40,2026-10-04
FNX-006,VIP 50,50,Axe Lourd (Yaoundé-Douala),Yaoundé-Edea-Douala,20:40,2026-10-04
FNX-001,VIP 50,50,Axe Lourd (Douala-Yaoundé),Douala-Edea-Yaoundé,05:00,2026-10-05
FNX-007,VIP 70,70,Axe Lourd (Yaoundé-Douala),Yaoundé-Edea-Douala,05:00,2026-10-05
FNX-002,VIP 50,50,Axe Lourd (Douala-Yaoundé),Douala-Edea-Yaoundé,05:20,2026-10-05
FNX-008,VIP 70,70,Axe Lourd (Yaoundé-Douala),Yaoundé-Edea-Douala,05:20,2026-10-05
FNX-003,VIP 50,50,Axe Lourd (Douala-Yaoundé),Douala-Edea-Yaoundé,05:40,2026-10-05
FNX-009,VIP 70,70,Axe Lourd (Yaoundé-Douala),Yaoundé-Edea-Douala,05:40,2026-10-05
FNX-004,VIP 50,50,Axe Lourd (Douala-Yaoundé),Douala-Edea-Yaoundé,06:00,2026-10-05
FNX-010,VIP 50,50,Axe Lourd (Yaoundé-Douala),Yaoundé-Edea-Douala,06:00,2026-10-05
FNX-005,VIP 70,70,Axe Lourd (Douala-Yaoundé),Douala-Edea-Yaoundé,06:20,2026-10-05
FNX-011,VIP 50,50,Axe Lourd (Yaoundé-Douala),Yaoundé-Edea-Douala,06:20,2026-10-05
FNX-006,VIP 50,50,Axe Lourd (Douala-Yaoundé),Douala-Edea-Yaoundé,06:40,2026-10-05
FNX-012,VIP 50,50,Axe Lourd (Yaoundé-Douala),Yaoundé-Edea-Douala,06:40,2026-10-05
FNX-021,VIP 70,70,Axe Lourd (Douala-Yaoundé),Douala-Edea-Yaoundé,07:00,2026-10-05
FNX-013,VIP 70,70,Axe Lourd (Yaoundé-Douala),Yaoundé-Edea-Douala,07:00,2026-10-05
FNX-022,VIP 50,50,Axe Lourd (Douala-Yaoundé),Douala-Edea-Yaoundé,07:20,2026-10-05
FNX-014,VIP 50,50,Axe Lourd (Yaoundé-Douala),Yaoundé-Edea-Douala,07:20,2026-10-05
FNX-023,VIP 50,50,Axe Lourd (Douala-Yaoundé),Douala-Edea-Yaoundé,07:40,2026-10-05
FNX-015,VIP 50,50,Axe Lourd (Yaoundé-Douala),Yaoundé-Edea-Douala,07:40,2026-10-05
FNX-024,VIP 50,50,Axe Lourd (Douala-Yaoundé),Douala-Edea-Yaoundé,08:00,2026-10-05
FNX-016,VIP 50,50,Axe Lourd (Yaoundé-Douala),Yaoundé-Edea-Douala,08:00,2026-10-05
FNX-025,VIP 50,50,Axe Lourd (Douala-Yaoundé),Douala-Edea-Yaoundé,08:20,2026-10-05
FNX-017,VIP 50,50,Axe Lourd (Yaoundé-Douala),Yaoundé-Edea-Douala,08:20,2026-10-05
FNX-026,VIP 50,50,Axe Lourd (Douala-Yaoundé),Douala-Edea-Yaoundé,08:40,2026-10-05
FNX-018,VIP 70,70,Axe Lourd (Yaoundé-Douala),Yaoundé-Edea-Douala,08:40,2026-10-05
FNX-027,VIP 70,70,Axe Lourd (Douala-Yaoundé),Douala-Edea-Yaoundé,09:00,2026-10-05
FNX-019,VIP 50,50,Axe Lourd (Yaoundé-Douala),Yaoundé-Edea-Douala,09:00,2026-10-05
FNX-028,VIP 50,50,Axe Lourd (Douala-Yaoundé),Douala-Edea-Yaoundé,09:20,2026-10-05
FNX-020,VIP 70,70,Axe Lourd (Yaoundé-Douala),Yaoundé-Edea-Douala,09:20,2026-10-05
FNX-007,VIP 70,70,Axe Lourd (Douala-Yaoundé),Douala-Edea-Yaoundé,09:40,2026-10-05
FNX-001,VIP 50,50,Axe Lourd (Yaoundé-Douala),Yaoundé-Edea-Douala,09:40,2026-10-05
FNX-008,VIP 70,70,Axe Lourd (Douala-Yaoundé),Douala-Edea-Yaoundé,10:00,2026-10-05
FNX-002,VIP 50,50,Axe Lourd (Yaoundé-Douala),Yaoundé-Edea-Douala,10:00,2026-10-05
FNX-009,VIP 70,70,Axe Lourd (Douala-Yaoundé),Douala-Edea-Yaoundé,10:20,2026-10-05
FNX-003,VIP 50,50,Axe Lourd (Yaoundé-Douala),Yaoundé-Edea-Douala,10:20,2026-10-05
FNX-010,VIP 50,50,Axe Lourd (Douala-Yaoundé),Douala-Edea-Yaoundé,10:40,2026-10-05
FNX-004,VIP 50,50,Axe Lourd (Yaoundé-Douala),Yaoundé-Edea-Douala,10:40,2026-10-05
FNX-011,VIP 50,50,Axe Lourd (Douala-Yaoundé),Douala-Edea-Yaoundé,11:00,2026-10-05
FNX-005,VIP 70,70,Axe Lourd (Yaoundé-Douala),Yaoundé-Edea-Douala,11:00,2026-10-05
FNX-012,VIP 50,50,Axe Lourd (Douala-Yaoundé),Douala-Edea-Yaoundé,11:20,2026-10-05
FNX-006,VIP 50,50,Axe Lourd (Yaoundé-Douala),Yaoundé-Edea-Douala,11:20,2026-10-05
FNX-013,VIP 70,70,Axe Lourd (Douala-Yaoundé),Douala-Edea-Yaoundé,11:40,2026-10-05
FNX-021,VIP 70,70,Axe Lourd (Yaoundé-Douala),Yaoundé-Edea-Douala,11:40,2026-10-05
FNX-014,VIP 50,50,Axe Lourd (Douala-Yaoundé),Douala-Edea-Yaoundé,12:00,2026-10-05
FNX-022,VIP 50,50,Axe Lourd (Yaoundé-Douala),Yaoundé-Edea-Douala,12:00,2026-10-05
FNX-015,VIP 50,50,Axe Lourd (Douala-Yaoundé),Douala-Edea-Yaoundé,12:20,2026-10-05
FNX-023,VIP 50,50,Axe Lourd (Yaoundé-Douala),Yaoundé-Edea-Douala,12:20,2026-10-05
FNX-016,VIP 50,50,Axe Lourd (Douala-Yaoundé),Douala-Edea-Yaoundé,12:40,2026-10-05
FNX-024,VIP 50,50,Axe Lourd (Yaoundé-Douala),Yaoundé-Edea-Douala,12:40,2026-10-05
FNX-017,VIP 50,50,Axe Lourd (Douala-Yaoundé),Douala-Edea-Yaoundé,13:00,2026-10-05
FNX-025,VIP 50,50,Axe Lourd (Yaoundé-Douala),Yaoundé-Edea-Douala,13:00,2026-10-05
FNX-018,VIP 70,70,Axe Lourd (Douala-Yaoundé),Douala-Edea-Yaoundé,13:20,2026-10-05
FNX-026,VIP 50,50,Axe Lourd (Yaoundé-Douala),Yaoundé-Edea-Douala,13:20,2026-10-05
FNX-019,VIP 50,50,Axe Lourd (Douala-Yaoundé),Douala-Edea-Yaoundé,13:40,2026-10-05
FNX-027,VIP 70,70,Axe Lourd (Yaoundé-Douala),Yaoundé-Edea-Douala,13:40,2026-10-05
FNX-020,VIP 70,70,Axe Lourd (Douala-Yaoundé),Douala-Edea-Yaoundé,14:00,2026-10-05
FNX-028,VIP 50,50,Axe Lourd (Yaoundé-Douala),Yaoundé-Edea-Douala,14:00,2026-10-05
FNX-001,VIP 50,50,Axe Lourd (Douala-Yaoundé),Douala-Edea-Yaoundé,14:20,2026-10-05
FNX-007,VIP 70,70,Axe Lourd (Yaoundé-Douala),Yaoundé-Edea-Douala,14:20,2026-10-05
FNX-002,VIP 50,50,Axe Lourd (Douala-Yaoundé),Douala-Edea-Yaoundé,14:40,2026-10-05
FNX-008,VIP 70,70,Axe Lourd (Yaoundé-Douala),Yaoundé-Edea-Douala,14:40,2026-10-05
FNX-003,VIP 50,50,Axe Lourd (Douala-Yaoundé),Douala-Edea-Yaoundé,15:00,2026-10-05
FNX-009,VIP 70,70,Axe Lourd (Yaoundé-Douala),Yaoundé-Edea-Douala,15:00,2026-10-05
FNX-004,VIP 50,50,Axe Lourd (Douala-Yaoundé),Douala-Edea-Yaoundé,15:20,2026-10-05
FNX-010,VIP 50,50,Axe Lourd (Yaoundé-Douala),Yaoundé-Edea-Douala,15:20,2026-10-05
FNX-005,VIP 70,70,Axe Lourd (Douala-Yaoundé),Douala-Edea-Yaoundé,15:40,2026-10-05
FNX-011,VIP 50,50,Axe Lourd (Yaoundé-Douala),Yaoundé-Edea-Douala,15:40,2026-10-05
FNX-006,VIP 50,50,Axe Lourd (Douala-Yaoundé),Douala-Edea-Yaoundé,16:00,2026-10-05
FNX-012,VIP 50,50,Axe Lourd (Yaoundé-Douala),Yaoundé-Edea-Douala,16:00,2026-10-05
FNX-021,VIP 70,70,Axe Lourd (Douala-Yaoundé),Douala-Edea-Yaoundé,16:20,2026-10-05
FNX-013,VIP 70,70,Axe Lourd (Yaoundé-Douala),Yaoundé-Edea-Douala,16:20,2026-10-05
FNX-022,VIP 50,50,Axe Lourd (Douala-Yaoundé),Douala-Edea-Yaoundé,16:40,2026-10-05
FNX-014,VIP 50,50,Axe Lourd (Yaoundé-Douala),Yaoundé-Edea-Douala,16:40,2026-10-05
FNX-023,VIP 50,50,Axe Lourd (Douala-Yaoundé),Douala-Edea-Yaoundé,17:00,2026-10-05
FNX-015,VIP 50,50,Axe Lourd (Yaoundé-Douala),Yaoundé-Edea-Douala,17:00,2026-10-05
FNX-024,VIP 50,50,Axe Lourd (Douala-Yaoundé),Douala-Edea-Yaoundé,17:20,2026-10-05
FNX-016,VIP 50,50,Axe Lourd (Yaoundé-Douala),Yaoundé-Edea-Douala,17:20,2026-10-05
FNX-025,VIP 50,50,Axe Lourd (Douala-Yaoundé),Douala-Edea-Yaoundé,17:40,2026-10-05
FNX-017,VIP 50,50,Axe Lourd (Yaoundé-Douala),Yaoundé-Edea-Douala,17:40,2026-10-05
FNX-026,VIP 50,50,Axe Lourd (Douala-Yaoundé),Douala-Edea-Yaoundé,18:00,2026-10-05
FNX-018,VIP 70,70,Axe Lourd (Yaoundé-Douala),Yaoundé-Edea-Douala,18:00,2026-10-05
FNX-027,VIP 70,70,Axe Lourd (Douala-Yaoundé),Douala-Edea-Yaoundé,18:20,2026-10-05
FNX-019,VIP 50,50,Axe Lourd (Yaoundé-Douala),Yaoundé-Edea-Douala,18:20,2026-10-05
FNX-028,VIP 50,50,Axe Lourd (Douala-Yaoundé),Douala-Edea-Yaoundé,18:40,2026-10-05
FNX-020,VIP 70,70,Axe Lourd (Yaoundé-Douala),Yaoundé-Edea-Douala,18:40,2026-10-05
FNX-007,VIP 70,70,Axe Lourd (Douala-Yaoundé),Douala-Edea-Yaoundé,19:00,2026-10-05
FNX-001,VIP 50,50,Axe Lourd (Yaoundé-Douala),Yaoundé-Edea-Douala,19:00,2026-10-05
FNX-008,VIP 70,70,Axe Lourd (Douala-Yaoundé),Douala-Edea-Yaoundé,19:20,2026-10-05
FNX-002,VIP 50,50,Axe Lourd (Yaoundé-Douala),Yaoundé-Edea-Douala,19:20,2026-10-05
FNX-009,VIP 70,70,Axe Lourd (Douala-Yaoundé),Douala-Edea-Yaoundé,19:40,2026-10-05
FNX-003,VIP 50,50,Axe Lourd (Yaoundé-Douala),Yaoundé-Edea-Douala,19:40,2026-10-05
FNX-010,VIP 50,50,Axe Lourd (Douala-Yaoundé),Douala-Edea-Yaoundé,20:00,2026-10-05
FNX-004,VIP 50,50,Axe Lourd (Yaoundé-Douala),Yaoundé-Edea-Douala,20:00,2026-10-05
FNX-011,VIP 50,50,Axe Lourd (Douala-Yaoundé),Douala-Edea-Yaoundé,20:20,2026-10-05
FNX-005,VIP 70,70,Axe Lourd (Yaoundé-Douala),Yaoundé-Edea-Douala,20:20,2026-10-05
FNX-012,VIP 50,50,Axe Lourd (Douala-Yaoundé),Douala-Edea-Yaoundé,20:40,2026-10-05
FNX-006,VIP 50,50,Axe Lourd (Yaoundé-Douala),Yaoundé-Edea-Douala,20:40,2026-10-05
FNX-001,VIP 50,50,Axe Lourd (Douala-Yaoundé),Douala-Edea-Yaoundé,05:00,2026-10-06
FNX-007,VIP 70,70,Axe Lourd (Yaoundé-Douala),Yaoundé-Edea-Douala,05:00,2026-10-06
FNX-002,VIP 50,50,Axe Lourd (Douala-Yaoundé),Douala-Edea-Yaoundé,05:20,2026-10-06
FNX-008,VIP 70,70,Axe Lourd (Yaoundé-Douala),Yaoundé-Edea-Douala,05:20,2026-10-06
FNX-003,VIP 50,50,Axe Lourd (Douala-Yaoundé),Douala-Edea-Yaoundé,05:40,2026-10-06
FNX-009,VIP 70,70,Axe Lourd (Yaoundé-Douala),Yaoundé-Edea-Douala,05:40,2026-10-06
FNX-004,VIP 50,50,Axe Lourd (Douala-Yaoundé),Douala-Edea-Yaoundé,06:00,2026-10-06
FNX-010,VIP 50,50,Axe Lourd (Yaoundé-Douala),Yaoundé-Edea-Douala,06:00,2026-10-06
FNX-005,VIP 70,70,Axe Lourd (Douala-Yaoundé),Douala-Edea-Yaoundé,06:20,2026-10-06
FNX-011,VIP 50,50,Axe Lourd (Yaoundé-Douala),Yaoundé-Edea-Douala,06:20,2026-10-06
FNX-006,VIP 50,50,Axe Lourd (Douala-Yaoundé),Douala-Edea-Yaoundé,06:40,2026-10-06
FNX-012,VIP 50,50,Axe Lourd (Yaoundé-Douala),Yaoundé-Edea-Douala,06:40,2026-10-06
FNX-013,VIP 70,70,Axe Lourd (Douala-Yaoundé),Douala-Edea-Yaoundé,07:00,2026-10-06
FNX-021,VIP 70,70,Axe Lourd (Yaoundé-Douala),Yaoundé-Edea-Douala,07:00,2026-10-06
FNX-014,VIP 50,50,Axe Lourd (Douala-Yaoundé),Douala-Edea-Yaoundé,07:20,2026-10-06
FNX-022,VIP 50,50,Axe Lourd (Yaoundé-Douala),Yaoundé-Edea-Douala,07:20,2026-10-06
FNX-015,VIP 50,50,Axe Lourd (Douala-Yaoundé),Douala-Edea-Yaoundé,07:40,2026-10-06
FNX-023,VIP 50,50,Axe Lourd (Yaoundé-Douala),Yaoundé-Edea-Douala,07:40,2026-10-06
FNX-016,VIP 50,50,Axe Lourd (Douala-Yaoundé),Douala-Edea-Yaoundé,08:00,2026-10-06
FNX-024,VIP 50,50,Axe Lourd (Yaoundé-Douala),Yaoundé-Edea-Douala,08:00,2026-10-06
FNX-017,VIP 50,50,Axe Lourd (Douala-Yaoundé),Douala-Edea-Yaoundé,08:20,2026-10-06
FNX-025,VIP 50,50,Axe Lourd (Yaoundé-Douala),Yaoundé-Edea-Douala,08:20,2026-10-06
FNX-018,VIP 70,70,Axe Lourd (Douala-Yaoundé),Douala-Edea-Yaoundé,08:40,2026-10-06
FNX-026,VIP 50,50,Axe Lourd (Yaoundé-Douala),Yaoundé-Edea-Douala,08:40,2026-10-06
FNX-019,VIP 50,50,Axe Lourd (Douala-Yaoundé),Douala-Edea-Yaoundé,09:00,2026-10-06
FNX-027,VIP 70,70,Axe Lourd (Yaoundé-Douala),Yaoundé-Edea-Douala,09:00,2026-10-06
FNX-020,VIP 70,70,Axe Lourd (Douala-Yaoundé),Douala-Edea-Yaoundé,09:20,2026-10-06
FNX-028,VIP 50,50,Axe Lourd (Yaoundé-Douala),Yaoundé-Edea-Douala,09:20,2026-10-06
FNX-007,VIP 70,70,Axe Lourd (Douala-Yaoundé),Douala-Edea-Yaoundé,09:40,2026-10-06
FNX-001,VIP 50,50,Axe Lourd (Yaoundé-Douala),Yaoundé-Edea-Douala,09:40,2026-10-06
FNX-008,VIP 70,70,Axe Lourd (Douala-Yaoundé),Douala-Edea-Yaoundé,10:00,2026-10-06
FNX-002,VIP 50,50,Axe Lourd (Yaoundé-Douala),Yaoundé-Edea-Douala,10:00,2026-10-06
FNX-009,VIP 70,70,Axe Lourd (Douala-Yaoundé),Douala-Edea-Yaoundé,10:20,2026-10-06
FNX-003,VIP 50,50,Axe Lourd (Yaoundé-Douala),Yaoundé-Edea-Douala,10:20,2026-10-06
FNX-010,VIP 50,50,Axe Lourd (Douala-Yaoundé),Douala-Edea-Yaoundé,10:40,2026-10-06
FNX-004,VIP 50,50,Axe Lourd (Yaoundé-Douala),Yaoundé-Edea-Douala,10:40,2026-10-06
FNX-011,VIP 50,50,Axe Lourd (Douala-Yaoundé),Douala-Edea-Yaoundé,11:00,2026-10-06
FNX-005,VIP 70,70,Axe Lourd (Yaoundé-Douala),Yaoundé-Edea-Douala,11:00,2026-10-06
FNX-012,VIP 50,50,Axe Lourd (Douala-Yaoundé),Douala-Edea-Yaoundé,11:20,2026-10-06
FNX-006,VIP 50,50,Axe Lourd (Yaoundé-Douala),Yaoundé-Edea-Douala,11:20,2026-10-06
FNX-021,VIP 70,70,Axe Lourd (Douala-Yaoundé),Douala-Edea-Yaoundé,11:40,2026-10-06
FNX-013,VIP 70,70,Axe Lourd (Yaoundé-Douala),Yaoundé-Edea-Douala,11:40,2026-10-06
FNX-022,VIP 50,50,Axe Lourd (Douala-Yaoundé),Douala-Edea-Yaoundé,12:00,2026-10-06
FNX-014,VIP 50,50,Axe Lourd (Yaoundé-Douala),Yaoundé-Edea-Douala,12:00,2026-10-06
FNX-023,VIP 50,50,Axe Lourd (Douala-Yaoundé),Douala-Edea-Yaoundé,12:20,2026-10-06
FNX-015,VIP 50,50,Axe Lourd (Yaoundé-Douala),Yaoundé-Edea-Douala,12:20,2026-10-06
FNX-024,VIP 50,50,Axe Lourd (Douala-Yaoundé),Douala-Edea-Yaoundé,12:40,2026-10-06
FNX-016,VIP 50,50,Axe Lourd (Yaoundé-Douala),Yaoundé-Edea-Douala,12:40,2026-10-06
FNX-025,VIP 50,50,Axe Lourd (Douala-Yaoundé),Douala-Edea-Yaoundé,13:00,2026-10-06
FNX-017,VIP 50,50,Axe Lourd (Yaoundé-Douala),Yaoundé-Edea-Douala,13:00,2026-10-06
FNX-026,VIP 50,50,Axe Lourd (Douala-Yaoundé),Douala-Edea-Yaoundé,13:20,2026-10-06
FNX-018,VIP 70,70,Axe Lourd (Yaoundé-Douala),Yaoundé-Edea-Douala,13:20,2026-10-06
FNX-027,VIP 70,70,Axe Lourd (Douala-Yaoundé),Douala-Edea-Yaoundé,13:40,2026-10-06
FNX-019,VIP 50,50,Axe Lourd (Yaoundé-Douala),Yaoundé-Edea-Douala,13:40,2026-10-06
FNX-028,VIP 50,50,Axe Lourd (Douala-Yaoundé),Douala-Edea-Yaoundé,14:00,2026-10-06
FNX-020,VIP 70,70,Axe Lourd (Yaoundé-Douala),Yaoundé-Edea-Douala,14:00,2026-10-06
FNX-001,VIP 50,50,Axe Lourd (Douala-Yaoundé),Douala-Edea-Yaoundé,14:20,2026-10-06
FNX-007,VIP 70,70,Axe Lourd (Yaoundé-Douala),Yaoundé-Edea-Douala,14:20,2026-10-06
FNX-002,VIP 50,50,Axe Lourd (Douala-Yaoundé),Douala-Edea-Yaoundé,14:40,2026-10-06
FNX-008,VIP 70,70,Axe Lourd (Yaoundé-Douala),Yaoundé-Edea-Douala,14:40,2026-10-06
FNX-003,VIP 50,50,Axe Lourd (Douala-Yaoundé),Douala-Edea-Yaoundé,15:00,2026-10-06
FNX-009,VIP 70,70,Axe Lourd (Yaoundé-Douala),Yaoundé-Edea-Douala,15:00,2026-10-06
FNX-004,VIP 50,50,Axe Lourd (Douala-Yaoundé),Douala-Edea-Yaoundé,15:20,2026-10-06
FNX-010,VIP 50,50,Axe Lourd (Yaoundé-Douala),Yaoundé-Edea-Douala,15:20,2026-10-06
FNX-005,VIP 70,70,Axe Lourd (Douala-Yaoundé),Douala-Edea-Yaoundé,15:40,2026-10-06
FNX-011,VIP 50,50,Axe Lourd (Yaoundé-Douala),Yaoundé-Edea-Douala,15:40,2026-10-06
FNX-006,VIP 50,50,Axe Lourd (Douala-Yaoundé),Douala-Edea-Yaoundé,16:00,2026-10-06
FNX-012,VIP 50,50,Axe Lourd (Yaoundé-Douala),Yaoundé-Edea-Douala,16:00,2026-10-06
FNX-013,VIP 70,70,Axe Lourd (Douala-Yaoundé),Douala-Edea-Yaoundé,16:20,2026-10-06
FNX-021,VIP 70,70,Axe Lourd (Yaoundé-Douala),Yaoundé-Edea-Douala,16:20,2026-10-06
FNX-014,VIP 50,50,Axe Lourd (Douala-Yaoundé),Douala-Edea-Yaoundé,16:40,2026-10-06
FNX-022,VIP 50,50,Axe Lourd (Yaoundé-Douala),Yaoundé-Edea-Douala,16:40,2026-10-06
FNX-015,VIP 50,50,Axe Lourd (Douala-Yaoundé),Douala-Edea-Yaoundé,17:00,2026-10-06
FNX-023,VIP 50,50,Axe Lourd (Yaoundé-Douala),Yaoundé-Edea-Douala,17:00,2026-10-06
FNX-016,VIP 50,50,Axe Lourd (Douala-Yaoundé),Douala-Edea-Yaoundé,17:20,2026-10-06
FNX-024,VIP 50,50,Axe Lourd (Yaoundé-Douala),Yaoundé-Edea-Douala,17:20,2026-10-06
FNX-017,VIP 50,50,Axe Lourd (Douala-Yaoundé),Douala-Edea-Yaoundé,17:40,2026-10-06
FNX-025,VIP 50,50,Axe Lourd (Yaoundé-Douala),Yaoundé-Edea-Douala,17:40,2026-10-06
FNX-018,VIP 70,70,Axe Lourd (Douala-Yaoundé),Douala-Edea-Yaoundé,18:00,2026-10-06
FNX-026,VIP 50,50,Axe Lourd (Yaoundé-Douala),Yaoundé-Edea-Douala,18:00,2026-10-06
FNX-019,VIP 50,50,Axe Lourd (Douala-Yaoundé),Douala-Edea-Yaoundé,18:20,2026-10-06
FNX-027,VIP 70,70,Axe Lourd (Yaoundé-Douala),Yaoundé-Edea-Douala,18:20,2026-10-06
FNX-020,VIP 70,70,Axe Lourd (Douala-Yaoundé),Douala-Edea-Yaoundé,18:40,2026-10-06
FNX-028,VIP 50,50,Axe Lourd (Yaoundé-Douala),Yaoundé-Edea-Douala,18:40,2026-10-06
FNX-007,VIP 70,70,Axe Lourd (Douala-Yaoundé),Douala-Edea-Yaoundé,19:00,2026-10-06
FNX-001,VIP 50,50,Axe Lourd (Yaoundé-Douala),Yaoundé-Edea-Douala,19:00,2026-10-06
FNX-008,VIP 70,70,Axe Lourd (Douala-Yaoundé),Douala-Edea-Yaoundé,19:20,2026-10-06
FNX-002,VIP 50,50,Axe Lourd (Yaoundé-Douala),Yaoundé-Edea-Douala,19:20,2026-10-06
FNX-009,VIP 70,70,Axe Lourd (Douala-Yaoundé),Douala-Edea-Yaoundé,19:40,2026-10-06
FNX-003,VIP 50,50,Axe Lourd (Yaoundé-Douala),Yaoundé-Edea-Douala,19:40,2026-10-06
FNX-010,VIP 50,50,Axe Lourd (Douala-Yaoundé),Douala-Edea-Yaoundé,20:00,2026-10-06
FNX-004,VIP 50,50,Axe Lourd (Yaoundé-Douala),Yaoundé-Edea-Douala,20:00,2026-10-06
FNX-011,VIP 50,50,Axe Lourd (Douala-Yaoundé),Douala-Edea-Yaoundé,20:20,2026-10-06
FNX-005,VIP 70,70,Axe Lourd (Yaoundé-Douala),Yaoundé-Edea-Douala,20:20,2026-10-06
FNX-012,VIP 50,50,Axe Lourd (Douala-Yaoundé),Douala-Edea-Yaoundé,20:40,2026-10-06
FNX-006,VIP 50,50,Axe Lourd (Yaoundé-Douala),Yaoundé-Edea-Douala,20:40,2026-10-06
FNX-001,VIP 50,50,Axe Lourd (Douala-Yaoundé),Douala-Edea-Yaoundé,05:00,2026-10-07
FNX-007,VIP 70,70,Axe Lourd (Yaoundé-Douala),Yaoundé-Edea-Douala,05:00,2026-10-07
FNX-002,VIP 50,50,Axe Lourd (Douala-Yaoundé),Douala-Edea-Yaoundé,05:20,2026-10-07
FNX-008,VIP 70,70,Axe Lourd (Yaoundé-Douala),Yaoundé-Edea-Douala,05:20,2026-10-07
FNX-003,VIP 50,50,Axe Lourd (Douala-Yaoundé),Douala-Edea-Yaoundé,05:40,2026-10-07
FNX-009,VIP 70,70,Axe Lourd (Yaoundé-Douala),Yaoundé-Edea-Douala,05:40,2026-10-07
FNX-004,VIP 50,50,Axe Lourd (Douala-Yaoundé),Douala-Edea-Yaoundé,06:00,2026-10-07
FNX-010,VIP 50,50,Axe Lourd (Yaoundé-Douala),Yaoundé-Edea-Douala,06:00,2026-10-07
FNX-005,VIP 70,70,Axe Lourd (Douala-Yaoundé),Douala-Edea-Yaoundé,06:20,2026-10-07
FNX-011,VIP 50,50,Axe Lourd (Yaoundé-Douala),Yaoundé-Edea-Douala,06:20,2026-10-07
FNX-006,VIP 50,50,Axe Lourd (Douala-Yaoundé),Douala-Edea-Yaoundé,06:40,2026-10-07
FNX-012,VIP 50,50,Axe Lourd (Yaoundé-Douala),Yaoundé-Edea-Douala,06:40,2026-10-07
FNX-021,VIP 70,70,Axe Lourd (Douala-Yaoundé),Douala-Edea-Yaoundé,07:00,2026-10-07
FNX-013,VIP 70,70,Axe Lourd (Yaoundé-Douala),Yaoundé-Edea-Douala,07:00,2026-10-07
FNX-022,VIP 50,50,Axe Lourd (Douala-Yaoundé),Douala-Edea-Yaoundé,07:20,2026-10-07
FNX-014,VIP 50,50,Axe Lourd (Yaoundé-Douala),Yaoundé-Edea-Douala,07:20,2026-10-07
FNX-023,VIP 50,50,Axe Lourd (Douala-Yaoundé),Douala-Edea-Yaoundé,07:40,2026-10-07
FNX-015,VIP 50,50,Axe Lourd (Yaoundé-Douala),Yaoundé-Edea-Douala,07:40,2026-10-07
FNX-024,VIP 50,50,Axe Lourd (Douala-Yaoundé),Douala-Edea-Yaoundé,08:00,2026-10-07
FNX-016,VIP 50,50,Axe Lourd (Yaoundé-Douala),Yaoundé-Edea-Douala,08:00,2026-10-07
FNX-025,VIP 50,50,Axe Lourd (Douala-Yaoundé),Douala-Edea-Yaoundé,08:20,2026-10-07
FNX-017,VIP 50,50,Axe Lourd (Yaoundé-Douala),Yaoundé-Edea-Douala,08:20,2026-10-07
FNX-026,VIP 50,50,Axe Lourd (Douala-Yaoundé),Douala-Edea-Yaoundé,08:40,2026-10-07
FNX-018,VIP 70,70,Axe Lourd (Yaoundé-Douala),Yaoundé-Edea-Douala,08:40,2026-10-07
FNX-027,VIP 70,70,Axe Lourd (Douala-Yaoundé),Douala-Edea-Yaoundé,09:00,2026-10-07
FNX-019,VIP 50,50,Axe Lourd (Yaoundé-Douala),Yaoundé-Edea-Douala,09:00,2026-10-07
FNX-028,VIP 50,50,Axe Lourd (Douala-Yaoundé),Douala-Edea-Yaoundé,09:20,2026-10-07
FNX-020,VIP 70,70,Axe Lourd (Yaoundé-Douala),Yaoundé-Edea-Douala,09:20,2026-10-07
FNX-007,VIP 70,70,Axe Lourd (Douala-Yaoundé),Douala-Edea-Yaoundé,09:40,2026-10-07
FNX-001,VIP 50,50,Axe Lourd (Yaoundé-Douala),Yaoundé-Edea-Douala,09:40,2026-10-07
FNX-008,VIP 70,70,Axe Lourd (Douala-Yaoundé),Douala-Edea-Yaoundé,10:00,2026-10-07
FNX-002,VIP 50,50,Axe Lourd (Yaoundé-Douala),Yaoundé-Edea-Douala,10:00,2026-10-07
FNX-009,VIP 70,70,Axe Lourd (Douala-Yaoundé),Douala-Edea-Yaoundé,10:20,2026-10-07
FNX-003,VIP 50,50,Axe Lourd (Yaoundé-Douala),Yaoundé-Edea-Douala,10:20,2026-10-07
FNX-010,VIP 50,50,Axe Lourd (Douala-Yaoundé),Douala-Edea-Yaoundé,10:40,2026-10-07
FNX-004,VIP 50,50,Axe Lourd (Yaoundé-Douala),Yaoundé-Edea-Douala,10:40,2026-10-07
FNX-011,VIP 50,50,Axe Lourd (Douala-Yaoundé),Douala-Edea-Yaoundé,11:00,2026-10-07
FNX-005,VIP 70,70,Axe Lourd (Yaoundé-Douala),Yaoundé-Edea-Douala,11:00,2026-10-07
FNX-012,VIP 50,50,Axe Lourd (Douala-Yaoundé),Douala-Edea-Yaoundé,11:20,2026-10-07
FNX-006,VIP 50,50,Axe Lourd (Yaoundé-Douala),Yaoundé-Edea-Douala,11:20,2026-10-07
FNX-013,VIP 70,70,Axe Lourd (Douala-Yaoundé),Douala-Edea-Yaoundé,11:40,2026-10-07
FNX-021,VIP 70,70,Axe Lourd (Yaoundé-Douala),Yaoundé-Edea-Douala,11:40,2026-10-07
FNX-014,VIP 50,50,Axe Lourd (Douala-Yaoundé),Douala-Edea-Yaoundé,12:00,2026-10-07
FNX-022,VIP 50,50,Axe Lourd (Yaoundé-Douala),Yaoundé-Edea-Douala,12:00,2026-10-07
FNX-015,VIP 50,50,Axe Lourd (Douala-Yaoundé),Douala-Edea-Yaoundé,12:20,2026-10-07
FNX-023,VIP 50,50,Axe Lourd (Yaoundé-Douala),Yaoundé-Edea-Douala,12:20,2026-10-07
FNX-016,VIP 50,50,Axe Lourd (Douala-Yaoundé),Douala-Edea-Yaoundé,12:40,2026-10-07
FNX-024,VIP 50,50,Axe Lourd (Yaoundé-Douala),Yaoundé-Edea-Douala,12:40,2026-10-07
FNX-017,VIP 50,50,Axe Lourd (Douala-Yaoundé),Douala-Edea-Yaoundé,13:00,2026-10-07
FNX-025,VIP 50,50,Axe Lourd (Yaoundé-Douala),Yaoundé-Edea-Douala,13:00,2026-10-07
FNX-018,VIP 70,70,Axe Lourd (Douala-Yaoundé),Douala-Edea-Yaoundé,13:20,2026-10-07
FNX-026,VIP 50,50,Axe Lourd (Yaoundé-Douala),Yaoundé-Edea-Douala,13:20,2026-10-07
FNX-019,VIP 50,50,Axe Lourd (Douala-Yaoundé),Douala-Edea-Yaoundé,13:40,2026-10-07
FNX-027,VIP 70,70,Axe Lourd (Yaoundé-Douala),Yaoundé-Edea-Douala,13:40,2026-10-07
FNX-020,VIP 70,70,Axe Lourd (Douala-Yaoundé),Douala-Edea-Yaoundé,14:00,2026-10-07
FNX-028,VIP 50,50,Axe Lourd (Yaoundé-Douala),Yaoundé-Edea-Douala,14:00,2026-10-07
FNX-001,VIP 50,50,Axe Lourd (Douala-Yaoundé),Douala-Edea-Yaoundé,14:20,2026-10-07
FNX-007,VIP 70,70,Axe Lourd (Yaoundé-Douala),Yaoundé-Edea-Douala,14:20,2026-10-07
FNX-002,VIP 50,50,Axe Lourd (Douala-Yaoundé),Douala-Edea-Yaoundé,14:40,2026-10-07
FNX-008,VIP 70,70,Axe Lourd (Yaoundé-Douala),Yaoundé-Edea-Douala,14:40,2026-10-07
FNX-003,VIP 50,50,Axe Lourd (Douala-Yaoundé),Douala-Edea-Yaoundé,15:00,2026-10-07
FNX-009,VIP 70,70,Axe Lourd (Yaoundé-Douala),Yaoundé-Edea-Douala,15:00,2026-10-07
FNX-004,VIP 50,50,Axe Lourd (Douala-Yaoundé),Douala-Edea-Yaoundé,15:20,2026-10-07
FNX-010,VIP 50,50,Axe Lourd (Yaoundé-Douala),Yaoundé-Edea-Douala,15:20,2026-10-07
FNX-005,VIP 70,70,Axe Lourd (Douala-Yaoundé),Douala-Edea-Yaoundé,15:40,2026-10-07
FNX-011,VIP 50,50,Axe Lourd (Yaoundé-Douala),Yaoundé-Edea-Douala,15:40,2026-10-07
FNX-006,VIP 50,50,Axe Lourd (Douala-Yaoundé),Douala-Edea-Yaoundé,16:00,2026-10-07
FNX-012,VIP 50,50,Axe Lourd (Yaoundé-Douala),Yaoundé-Edea-Douala,16:00,2026-10-07
FNX-021,VIP 70,70,Axe Lourd (Douala-Yaoundé),Douala-Edea-Yaoundé,16:20,2026-10-07
FNX-013,VIP 70,70,Axe Lourd (Yaoundé-Douala),Yaoundé-Edea-Douala,16:20,2026-10-07
FNX-022,VIP 50,50,Axe Lourd (Douala-Yaoundé),Douala-Edea-Yaoundé,16:40,2026-10-07
FNX-014,VIP 50,50,Axe Lourd (Yaoundé-Douala),Yaoundé-Edea-Douala,16:40,2026-10-07
FNX-023,VIP 50,50,Axe Lourd (Douala-Yaoundé),Douala-Edea-Yaoundé,17:00,2026-10-07
FNX-015,VIP 50,50,Axe Lourd (Yaoundé-Douala),Yaoundé-Edea-Douala,17:00,2026-10-07
FNX-024,VIP 50,50,Axe Lourd (Douala-Yaoundé),Douala-Edea-Yaoundé,17:20,2026-10-07
FNX-016,VIP 50,50,Axe Lourd (Yaoundé-Douala),Yaoundé-Edea-Douala,17:20,2026-10-07
FNX-025,VIP 50,50,Axe Lourd (Douala-Yaoundé),Douala-Edea-Yaoundé,17:40,2026-10-07
FNX-017,VIP 50,50,Axe Lourd (Yaoundé-Douala),Yaoundé-Edea-Douala,17:40,2026-10-07
FNX-026,VIP 50,50,Axe Lourd (Douala-Yaoundé),Douala-Edea-Yaoundé,18:00,2026-10-07
FNX-018,VIP 70,70,Axe Lourd (Yaoundé-Douala),Yaoundé-Edea-Douala,18:00,2026-10-07
FNX-027,VIP 70,70,Axe Lourd (Douala-Yaoundé),Douala-Edea-Yaoundé,18:20,2026-10-07
FNX-019,VIP 50,50,Axe Lourd (Yaoundé-Douala),Yaoundé-Edea-Douala,18:20,2026-10-07
FNX-028,VIP 50,50,Axe Lourd (Douala-Yaoundé),Douala-Edea-Yaoundé,18:40,2026-10-07
FNX-020,VIP 70,70,Axe Lourd (Yaoundé-Douala),Yaoundé-Edea-Douala,18:40,2026-10-07
FNX-007,VIP 70,70,Axe Lourd (Douala-Yaoundé),Douala-Edea-Yaoundé,19:00,2026-10-07
FNX-001,VIP 50,50,Axe Lourd (Yaoundé-Douala),Yaoundé-Edea-Douala,19:00,2026-10-07
FNX-008,VIP 70,70,Axe Lourd (Douala-Yaoundé),Douala-Edea-Yaoundé,19:20,2026-10-07
FNX-002,VIP 50,50,Axe Lourd (Yaoundé-Douala),Yaoundé-Edea-Douala,19:20,2026-10-07
FNX-009,VIP 70,70,Axe Lourd (Douala-Yaoundé),Douala-Edea-Yaoundé,19:40,2026-10-07
FNX-003,VIP 50,50,Axe Lourd (Yaoundé-Douala),Yaoundé-Edea-Douala,19:40,2026-10-07
FNX-010,VIP 50,50,Axe Lourd (Douala-Yaoundé),Douala-Edea-Yaoundé,20:00,2026-10-07
FNX-004,VIP 50,50,Axe Lourd (Yaoundé-Douala),Yaoundé-Edea-Douala,20:00,2026-10-07
FNX-011,VIP 50,50,Axe Lourd (Douala-Yaoundé),Douala-Edea-Yaoundé,20:20,2026-10-07
FNX-005,VIP 70,70,Axe Lourd (Yaoundé-Douala),Yaoundé-Edea-Douala,20:20,2026-10-07
FNX-012,VIP 50,50,Axe Lourd (Douala-Yaoundé),Douala-Edea-Yaoundé,20:40,2026-10-07
FNX-006,VIP 50,50,Axe Lourd (Yaoundé-Douala),Yaoundé-Edea-Douala,20:40,2026-10-07
FNX-001,VIP 50,50,Axe Lourd (Douala-Yaoundé),Douala-Edea-Yaoundé,05:00,2026-10-08
FNX-007,VIP 70,70,Axe Lourd (Yaoundé-Douala),Yaoundé-Edea-Douala,05:00,2026-10-08
FNX-002,VIP 50,50,Axe Lourd (Douala-Yaoundé),Douala-Edea-Yaoundé,05:20,2026-10-08
FNX-008,VIP 70,70,Axe Lourd (Yaoundé-Douala),Yaoundé-Edea-Douala,05:20,2026-10-08
FNX-003,VIP 50,50,Axe Lourd (Douala-Yaoundé),Douala-Edea-Yaoundé,05:40,2026-10-08
FNX-009,VIP 70,70,Axe Lourd (Yaoundé-Douala),Yaoundé-Edea-Douala,05:40,2026-10-08
FNX-004,VIP 50,50,Axe Lourd (Douala-Yaoundé),Douala-Edea-Yaoundé,06:00,2026-10-08
FNX-010,VIP 50,50,Axe Lourd (Yaoundé-Douala),Yaoundé-Edea-Douala,06:00,2026-10-08
FNX-005,VIP 70,70,Axe Lourd (Douala-Yaoundé),Douala-Edea-Yaoundé,06:20,2026-10-08
FNX-011,VIP 50,50,Axe Lourd (Yaoundé-Douala),Yaoundé-Edea-Douala,06:20,2026-10-08
FNX-006,VIP 50,50,Axe Lourd (Douala-Yaoundé),Douala-Edea-Yaoundé,06:40,2026-10-08
FNX-012,VIP 50,50,Axe Lourd (Yaoundé-Douala),Yaoundé-Edea-Douala,06:40,2026-10-08
FNX-013,VIP 70,70,Axe Lourd (Douala-Yaoundé),Douala-Edea-Yaoundé,07:00,2026-10-08
FNX-021,VIP 70,70,Axe Lourd (Yaoundé-Douala),Yaoundé-Edea-Douala,07:00,2026-10-08
FNX-014,VIP 50,50,Axe Lourd (Douala-Yaoundé),Douala-Edea-Yaoundé,07:20,2026-10-08
FNX-022,VIP 50,50,Axe Lourd (Yaoundé-Douala),Yaoundé-Edea-Douala,07:20,2026-10-08
FNX-015,VIP 50,50,Axe Lourd (Douala-Yaoundé),Douala-Edea-Yaoundé,07:40,2026-10-08
FNX-023,VIP 50,50,Axe Lourd (Yaoundé-Douala),Yaoundé-Edea-Douala,07:40,2026-10-08
FNX-016,VIP 50,50,Axe Lourd (Douala-Yaoundé),Douala-Edea-Yaoundé,08:00,2026-10-08
FNX-024,VIP 50,50,Axe Lourd (Yaoundé-Douala),Yaoundé-Edea-Douala,08:00,2026-10-08
FNX-017,VIP 50,50,Axe Lourd (Douala-Yaoundé),Douala-Edea-Yaoundé,08:20,2026-10-08
FNX-025,VIP 50,50,Axe Lourd (Yaoundé-Douala),Yaoundé-Edea-Douala,08:20,2026-10-08
FNX-018,VIP 70,70,Axe Lourd (Douala-Yaoundé),Douala-Edea-Yaoundé,08:40,2026-10-08
FNX-026,VIP 50,50,Axe Lourd (Yaoundé-Douala),Yaoundé-Edea-Douala,08:40,2026-10-08
FNX-019,VIP 50,50,Axe Lourd (Douala-Yaoundé),Douala-Edea-Yaoundé,09:00,2026-10-08
FNX-027,VIP 70,70,Axe Lourd (Yaoundé-Douala),Yaoundé-Edea-Douala,09:00,2026-10-08
FNX-020,VIP 70,70,Axe Lourd (Douala-Yaoundé),Douala-Edea-Yaoundé,09:20,2026-10-08
FNX-028,VIP 50,50,Axe Lourd (Yaoundé-Douala),Yaoundé-Edea-Douala,09:20,2026-10-08
FNX-007,VIP 70,70,Axe Lourd (Douala-Yaoundé),Douala-Edea-Yaoundé,09:40,2026-10-08
FNX-001,VIP 50,50,Axe Lourd (Yaoundé-Douala),Yaoundé-Edea-Douala,09:40,2026-10-08
FNX-008,VIP 70,70,Axe Lourd (Douala-Yaoundé),Douala-Edea-Yaoundé,10:00,2026-10-08
FNX-002,VIP 50,50,Axe Lourd (Yaoundé-Douala),Yaoundé-Edea-Douala,10:00,2026-10-08
FNX-009,VIP 70,70,Axe Lourd (Douala-Yaoundé),Douala-Edea-Yaoundé,10:20,2026-10-08
FNX-003,VIP 50,50,Axe Lourd (Yaoundé-Douala),Yaoundé-Edea-Douala,10:20,2026-10-08
FNX-010,VIP 50,50,Axe Lourd (Douala-Yaoundé),Douala-Edea-Yaoundé,10:40,2026-10-08
FNX-004,VIP 50,50,Axe Lourd (Yaoundé-Douala),Yaoundé-Edea-Douala,10:40,2026-10-08
FNX-011,VIP 50,50,Axe Lourd (Douala-Yaoundé),Douala-Edea-Yaoundé,11:00,2026-10-08
FNX-005,VIP 70,70,Axe Lourd (Yaoundé-Douala),Yaoundé-Edea-Douala,11:00,2026-10-08
FNX-012,VIP 50,50,Axe Lourd (Douala-Yaoundé),Douala-Edea-Yaoundé,11:20,2026-10-08
FNX-006,VIP 50,50,Axe Lourd (Yaoundé-Douala),Yaoundé-Edea-Douala,11:20,2026-10-08
FNX-021,VIP 70,70,Axe Lourd (Douala-Yaoundé),Douala-Edea-Yaoundé,11:40,2026-10-08
FNX-013,VIP 70,70,Axe Lourd (Yaoundé-Douala),Yaoundé-Edea-Douala,11:40,2026-10-08
FNX-022,VIP 50,50,Axe Lourd (Douala-Yaoundé),Douala-Edea-Yaoundé,12:00,2026-10-08
FNX-014,VIP 50,50,Axe Lourd (Yaoundé-Douala),Yaoundé-Edea-Douala,12:00,2026-10-08
FNX-023,VIP 50,50,Axe Lourd (Douala-Yaoundé),Douala-Edea-Yaoundé,12:20,2026-10-08
FNX-015,VIP 50,50,Axe Lourd (Yaoundé-Douala),Yaoundé-Edea-Douala,12:20,2026-10-08
FNX-024,VIP 50,50,Axe Lourd (Douala-Yaoundé),Douala-Edea-Yaoundé,12:40,2026-10-08
FNX-016,VIP 50,50,Axe Lourd (Yaoundé-Douala),Yaoundé-Edea-Douala,12:40,2026-10-08
FNX-025,VIP 50,50,Axe Lourd (Douala-Yaoundé),Douala-Edea-Yaoundé,13:00,2026-10-08
FNX-017,VIP 50,50,Axe Lourd (Yaoundé-Douala),Yaoundé-Edea-Douala,13:00,2026-10-08
FNX-026,VIP 50,50,Axe Lourd (Douala-Yaoundé),Douala-Edea-Yaoundé,13:20,2026-10-08
FNX-018,VIP 70,70,Axe Lourd (Yaoundé-Douala),Yaoundé-Edea-Douala,13:20,2026-10-08
FNX-027,VIP 70,70,Axe Lourd (Douala-Yaoundé),Douala-Edea-Yaoundé,13:40,2026-10-08
FNX-019,VIP 50,50,Axe Lourd (Yaoundé-Douala),Yaoundé-Edea-Douala,13:40,2026-10-08
FNX-028,VIP 50,50,Axe Lourd (Douala-Yaoundé),Douala-Edea-Yaoundé,14:00,2026-10-08
FNX-020,VIP 70,70,Axe Lourd (Yaoundé-Douala),Yaoundé-Edea-Douala,14:00,2026-10-08
FNX-001,VIP 50,50,Axe Lourd (Douala-Yaoundé),Douala-Edea-Yaoundé,14:20,2026-10-08
FNX-007,VIP 70,70,Axe Lourd (Yaoundé-Douala),Yaoundé-Edea-Douala,14:20,2026-10-08
FNX-002,VIP 50,50,Axe Lourd (Douala-Yaoundé),Douala-Edea-Yaoundé,14:40,2026-10-08
FNX-008,VIP 70,70,Axe Lourd (Yaoundé-Douala),Yaoundé-Edea-Douala,14:40,2026-10-08
FNX-003,VIP 50,50,Axe Lourd (Douala-Yaoundé),Douala-Edea-Yaoundé,15:00,2026-10-08
FNX-009,VIP 70,70,Axe Lourd (Yaoundé-Douala),Yaoundé-Edea-Douala,15:00,2026-10-08
FNX-004,VIP 50,50,Axe Lourd (Douala-Yaoundé),Douala-Edea-Yaoundé,15:20,2026-10-08
FNX-010,VIP 50,50,Axe Lourd (Yaoundé-Douala),Yaoundé-Edea-Douala,15:20,2026-10-08
FNX-005,VIP 70,70,Axe Lourd (Douala-Yaoundé),Douala-Edea-Yaoundé,15:40,2026-10-08
FNX-011,VIP 50,50,Axe Lourd (Yaoundé-Douala),Yaoundé-Edea-Douala,15:40,2026-10-08
FNX-006,VIP 50,50,Axe Lourd (Douala-Yaoundé),Douala-Edea-Yaoundé,16:00,2026-10-08
FNX-012,VIP 50,50,Axe Lourd (Yaoundé-Douala),Yaoundé-Edea-Douala,16:00,2026-10-08
FNX-013,VIP 70,70,Axe Lourd (Douala-Yaoundé),Douala-Edea-Yaoundé,16:20,2026-10-08
FNX-021,VIP 70,70,Axe Lourd (Yaoundé-Douala),Yaoundé-Edea-Douala,16:20,2026-10-08
FNX-014,VIP 50,50,Axe Lourd (Douala-Yaoundé),Douala-Edea-Yaoundé,16:40,2026-10-08
FNX-022,VIP 50,50,Axe Lourd (Yaoundé-Douala),Yaoundé-Edea-Douala,16:40,2026-10-08
FNX-015,VIP 50,50,Axe Lourd (Douala-Yaoundé),Douala-Edea-Yaoundé,17:00,2026-10-08
FNX-023,VIP 50,50,Axe Lourd (Yaoundé-Douala),Yaoundé-Edea-Douala,17:00,2026-10-08
FNX-016,VIP 50,50,Axe Lourd (Douala-Yaoundé),Douala-Edea-Yaoundé,17:20,2026-10-08
FNX-024,VIP 50,50,Axe Lourd (Yaoundé-Douala),Yaoundé-Edea-Douala,17:20,2026-10-08
FNX-017,VIP 50,50,Axe Lourd (Douala-Yaoundé),Douala-Edea-Yaoundé,17:40,2026-10-08
FNX-025,VIP 50,50,Axe Lourd (Yaoundé-Douala),Yaoundé-Edea-Douala,17:40,2026-10-08
FNX-018,VIP 70,70,Axe Lourd (Douala-Yaoundé),Douala-Edea-Yaoundé,18:00,2026-10-08
FNX-026,VIP 50,50,Axe Lourd (Yaoundé-Douala),Yaoundé-Edea-Douala,18:00,2026-10-08
FNX-019,VIP 50,50,Axe Lourd (Douala-Yaoundé),Douala-Edea-Yaoundé,18:20,2026-10-08
FNX-027,VIP 70,70,Axe Lourd (Yaoundé-Douala),Yaoundé-Edea-Douala,18:20,2026-10-08
FNX-020,VIP 70,70,Axe Lourd (Douala-Yaoundé),Douala-Edea-Yaoundé,18:40,2026-10-08
FNX-028,VIP 50,50,Axe Lourd (Yaoundé-Douala),Yaoundé-Edea-Douala,18:40,2026-10-08
FNX-007,VIP 70,70,Axe Lourd (Douala-Yaoundé),Douala-Edea-Yaoundé,19:00,2026-10-08
FNX-001,VIP 50,50,Axe Lourd (Yaoundé-Douala),Yaoundé-Edea-Douala,19:00,2026-10-08
FNX-008,VIP 70,70,Axe Lourd (Douala-Yaoundé),Douala-Edea-Yaoundé,19:20,2026-10-08
FNX-002,VIP 50,50,Axe Lourd (Yaoundé-Douala),Yaoundé-Edea-Douala,19:20,2026-10-08
FNX-009,VIP 70,70,Axe Lourd (Douala-Yaoundé),Douala-Edea-Yaoundé,19:40,2026-10-08
FNX-003,VIP 50,50,Axe Lourd (Yaoundé-Douala),Yaoundé-Edea-Douala,19:40,2026-10-08
FNX-010,VIP 50,50,Axe Lourd (Douala-Yaoundé),Douala-Edea-Yaoundé,20:00,2026-10-08
FNX-004,VIP 50,50,Axe Lourd (Yaoundé-Douala),Yaoundé-Edea-Douala,20:00,2026-10-08
FNX-011,VIP 50,50,Axe Lourd (Douala-Yaoundé),Douala-Edea-Yaoundé,20:20,2026-10-08
FNX-005,VIP 70,70,Axe Lourd (Yaoundé-Douala),Yaoundé-Edea-Douala,20:20,2026-10-08
FNX-012,VIP 50,50,Axe Lourd (Douala-Yaoundé),Douala-Edea-Yaoundé,20:40,2026-10-08
FNX-006,VIP 50,50,Axe Lourd (Yaoundé-Douala),Yaoundé-Edea-Douala,20:40,2026-10-08
FNX-001,VIP 50,50,Axe Lourd (Douala-Yaoundé),Douala-Edea-Yaoundé,05:00,2026-10-09
FNX-007,VIP 70,70,Axe Lourd (Yaoundé-Douala),Yaoundé-Edea-Douala,05:00,2026-10-09
FNX-002,VIP 50,50,Axe Lourd (Douala-Yaoundé),Douala-Edea-Yaoundé,05:20,2026-10-09
FNX-008,VIP 70,70,Axe Lourd (Yaoundé-Douala),Yaoundé-Edea-Douala,05:20,2026-10-09
FNX-003,VIP 50,50,Axe Lourd (Douala-Yaoundé),Douala-Edea-Yaoundé,05:40,2026-10-09
FNX-009,VIP 70,70,Axe Lourd (Yaoundé-Douala),Yaoundé-Edea-Douala,05:40,2026-10-09
FNX-004,VIP 50,50,Axe Lourd (Douala-Yaoundé),Douala-Edea-Yaoundé,06:00,2026-10-09
FNX-010,VIP 50,50,Axe Lourd (Yaoundé-Douala),Yaoundé-Edea-Douala,06:00,2026-10-09
FNX-005,VIP 70,70,Axe Lourd (Douala-Yaoundé),Douala-Edea-Yaoundé,06:20,2026-10-09
FNX-011,VIP 50,50,Axe Lourd (Yaoundé-Douala),Yaoundé-Edea-Douala,06:20,2026-10-09
FNX-006,VIP 50,50,Axe Lourd (Douala-Yaoundé),Douala-Edea-Yaoundé,06:40,2026-10-09
FNX-012,VIP 50,50,Axe Lourd (Yaoundé-Douala),Yaoundé-Edea-Douala,06:40,2026-10-09
FNX-021,VIP 70,70,Axe Lourd (Douala-Yaoundé),Douala-Edea-Yaoundé,07:00,2026-10-09
FNX-013,VIP 70,70,Axe Lourd (Yaoundé-Douala),Yaoundé-Edea-Douala,07:00,2026-10-09
FNX-022,VIP 50,50,Axe Lourd (Douala-Yaoundé),Douala-Edea-Yaoundé,07:20,2026-10-09
FNX-014,VIP 50,50,Axe Lourd (Yaoundé-Douala),Yaoundé-Edea-Douala,07:20,2026-10-09
FNX-023,VIP 50,50,Axe Lourd (Douala-Yaoundé),Douala-Edea-Yaoundé,07:40,2026-10-09
FNX-015,VIP 50,50,Axe Lourd (Yaoundé-Douala),Yaoundé-Edea-Douala,07:40,2026-10-09
FNX-024,VIP 50,50,Axe Lourd (Douala-Yaoundé),Douala-Edea-Yaoundé,08:00,2026-10-09
FNX-016,VIP 50,50,Axe Lourd (Yaoundé-Douala),Yaoundé-Edea-Douala,08:00,2026-10-09
FNX-025,VIP 50,50,Axe Lourd (Douala-Yaoundé),Douala-Edea-Yaoundé,08:20,2026-10-09
FNX-017,VIP 50,50,Axe Lourd (Yaoundé-Douala),Yaoundé-Edea-Douala,08:20,2026-10-09
FNX-026,VIP 50,50,Axe Lourd (Douala-Yaoundé),Douala-Edea-Yaoundé,08:40,2026-10-09
FNX-018,VIP 70,70,Axe Lourd (Yaoundé-Douala),Yaoundé-Edea-Douala,08:40,2026-10-09
FNX-027,VIP 70,70,Axe Lourd (Douala-Yaoundé),Douala-Edea-Yaoundé,09:00,2026-10-09
FNX-019,VIP 50,50,Axe Lourd (Yaoundé-Douala),Yaoundé-Edea-Douala,09:00,2026-10-09
FNX-028,VIP 50,50,Axe Lourd (Douala-Yaoundé),Douala-Edea-Yaoundé,09:20,2026-10-09
FNX-020,VIP 70,70,Axe Lourd (Yaoundé-Douala),Yaoundé-Edea-Douala,09:20,2026-10-09
FNX-007,VIP 70,70,Axe Lourd (Douala-Yaoundé),Douala-Edea-Yaoundé,09:40,2026-10-09
FNX-001,VIP 50,50,Axe Lourd (Yaoundé-Douala),Yaoundé-Edea-Douala,09:40,2026-10-09
FNX-008,VIP 70,70,Axe Lourd (Douala-Yaoundé),Douala-Edea-Yaoundé,10:00,2026-10-09
FNX-002,VIP 50,50,Axe Lourd (Yaoundé-Douala),Yaoundé-Edea-Douala,10:00,2026-10-09
FNX-009,VIP 70,70,Axe Lourd (Douala-Yaoundé),Douala-Edea-Yaoundé,10:20,2026-10-09
FNX-003,VIP 50,50,Axe Lourd (Yaoundé-Douala),Yaoundé-Edea-Douala,10:20,2026-10-09
FNX-010,VIP 50,50,Axe Lourd (Douala-Yaoundé),Douala-Edea-Yaoundé,10:40,2026-10-09
FNX-004,VIP 50,50,Axe Lourd (Yaoundé-Douala),Yaoundé-Edea-Douala,10:40,2026-10-09
FNX-011,VIP 50,50,Axe Lourd (Douala-Yaoundé),Douala-Edea-Yaoundé,11:00,2026-10-09
FNX-005,VIP 70,70,Axe Lourd (Yaoundé-Douala),Yaoundé-Edea-Douala,11:00,2026-10-09
FNX-012,VIP 50,50,Axe Lourd (Douala-Yaoundé),Douala-Edea-Yaoundé,11:20,2026-10-09
FNX-006,VIP 50,50,Axe Lourd (Yaoundé-Douala),Yaoundé-Edea-Douala,11:20,2026-10-09
FNX-013,VIP 70,70,Axe Lourd (Douala-Yaoundé),Douala-Edea-Yaoundé,11:40,2026-10-09
FNX-021,VIP 70,70,Axe Lourd (Yaoundé-Douala),Yaoundé-Edea-Douala,11:40,2026-10-09
FNX-014,VIP 50,50,Axe Lourd (Douala-Yaoundé),Douala-Edea-Yaoundé,12:00,2026-10-09
FNX-022,VIP 50,50,Axe Lourd (Yaoundé-Douala),Yaoundé-Edea-Douala,12:00,2026-10-09
FNX-015,VIP 50,50,Axe Lourd (Douala-Yaoundé),Douala-Edea-Yaoundé,12:20,2026-10-09
FNX-023,VIP 50,50,Axe Lourd (Yaoundé-Douala),Yaoundé-Edea-Douala,12:20,2026-10-09
FNX-016,VIP 50,50,Axe Lourd (Douala-Yaoundé),Douala-Edea-Yaoundé,12:40,2026-10-09
FNX-024,VIP 50,50,Axe Lourd (Yaoundé-Douala),Yaoundé-Edea-Douala,12:40,2026-10-09
FNX-017,VIP 50,50,Axe Lourd (Douala-Yaoundé),Douala-Edea-Yaoundé,13:00,2026-10-09
FNX-025,VIP 50,50,Axe Lourd (Yaoundé-Douala),Yaoundé-Edea-Douala,13:00,2026-10-09
FNX-018,VIP 70,70,Axe Lourd (Douala-Yaoundé),Douala-Edea-Yaoundé,13:20,2026-10-09
FNX-026,VIP 50,50,Axe Lourd (Yaoundé-Douala),Yaoundé-Edea-Douala,13:20,2026-10-09
FNX-019,VIP 50,50,Axe Lourd (Douala-Yaoundé),Douala-Edea-Yaoundé,13:40,2026-10-09
FNX-027,VIP 70,70,Axe Lourd (Yaoundé-Douala),Yaoundé-Edea-Douala,13:40,2026-10-09
FNX-020,VIP 70,70,Axe Lourd (Douala-Yaoundé),Douala-Edea-Yaoundé,14:00,2026-10-09
FNX-028,VIP 50,50,Axe Lourd (Yaoundé-Douala),Yaoundé-Edea-Douala,14:00,2026-10-09
FNX-001,VIP 50,50,Axe Lourd (Douala-Yaoundé),Douala-Edea-Yaoundé,14:20,2026-10-09
FNX-007,VIP 70,70,Axe Lourd (Yaoundé-Douala),Yaoundé-Edea-Douala,14:20,2026-10-09
FNX-002,VIP 50,50,Axe Lourd (Douala-Yaoundé),Douala-Edea-Yaoundé,14:40,2026-10-09
FNX-008,VIP 70,70,Axe Lourd (Yaoundé-Douala),Yaoundé-Edea-Douala,14:40,2026-10-09
FNX-003,VIP 50,50,Axe Lourd (Douala-Yaoundé),Douala-Edea-Yaoundé,15:00,2026-10-09
FNX-009,VIP 70,70,Axe Lourd (Yaoundé-Douala),Yaoundé-Edea-Douala,15:00,2026-10-09
FNX-004,VIP 50,50,Axe Lourd (Douala-Yaoundé),Douala-Edea-Yaoundé,15:20,2026-10-09
FNX-010,VIP 50,50,Axe Lourd (Yaoundé-Douala),Yaoundé-Edea-Douala,15:20,2026-10-09
FNX-005,VIP 70,70,Axe Lourd (Douala-Yaoundé),Douala-Edea-Yaoundé,15:40,2026-10-09
FNX-011,VIP 50,50,Axe Lourd (Yaoundé-Douala),Yaoundé-Edea-Douala,15:40,2026-10-09
FNX-006,VIP 50,50,Axe Lourd (Douala-Yaoundé),Douala-Edea-Yaoundé,16:00,2026-10-09
FNX-012,VIP 50,50,Axe Lourd (Yaoundé-Douala),Yaoundé-Edea-Douala,16:00,2026-10-09
FNX-021,VIP 70,70,Axe Lourd (Douala-Yaoundé),Douala-Edea-Yaoundé,16:20,2026-10-09
FNX-013,VIP 70,70,Axe Lourd (Yaoundé-Douala),Yaoundé-Edea-Douala,16:20,2026-10-09
FNX-022,VIP 50,50,Axe Lourd (Douala-Yaoundé),Douala-Edea-Yaoundé,16:40,2026-10-09
FNX-014,VIP 50,50,Axe Lourd (Yaoundé-Douala),Yaoundé-Edea-Douala,16:40,2026-10-09
FNX-023,VIP 50,50,Axe Lourd (Douala-Yaoundé),Douala-Edea-Yaoundé,17:00,2026-10-09
FNX-015,VIP 50,50,Axe Lourd (Yaoundé-Douala),Yaoundé-Edea-Douala,17:00,2026-10-09
FNX-024,VIP 50,50,Axe Lourd (Douala-Yaoundé),Douala-Edea-Yaoundé,17:20,2026-10-09
FNX-016,VIP 50,50,Axe Lourd (Yaoundé-Douala),Yaoundé-Edea-Douala,17:20,2026-10-09
FNX-025,VIP 50,50,Axe Lourd (Douala-Yaoundé),Douala-Edea-Yaoundé,17:40,2026-10-09
FNX-017,VIP 50,50,Axe Lourd (Yaoundé-Douala),Yaoundé-Edea-Douala,17:40,2026-10-09
FNX-026,VIP 50,50,Axe Lourd (Douala-Yaoundé),Douala-Edea-Yaoundé,18:00,2026-10-09
FNX-018,VIP 70,70,Axe Lourd (Yaoundé-Douala),Yaoundé-Edea-Douala,18:00,2026-10-09
FNX-027,VIP 70,70,Axe Lourd (Douala-Yaoundé),Douala-Edea-Yaoundé,18:20,2026-10-09
FNX-019,VIP 50,50,Axe Lourd (Yaoundé-Douala),Yaoundé-Edea-Douala,18:20,2026-10-09
FNX-028,VIP 50,50,Axe Lourd (Douala-Yaoundé),Douala-Edea-Yaoundé,18:40,2026-10-09
FNX-020,VIP 70,70,Axe Lourd (Yaoundé-Douala),Yaoundé-Edea-Douala,18:40,2026-10-09
FNX-007,VIP 70,70,Axe Lourd (Douala-Yaoundé),Douala-Edea-Yaoundé,19:00,2026-10-09
FNX-001,VIP 50,50,Axe Lourd (Yaoundé-Douala),Yaoundé-Edea-Douala,19:00,2026-10-09
FNX-008,VIP 70,70,Axe Lourd (Douala-Yaoundé),Douala-Edea-Yaoundé,19:20,2026-10-09
FNX-002,VIP 50,50,Axe Lourd (Yaoundé-Douala),Yaoundé-Edea-Douala,19:20,2026-10-09
FNX-009,VIP 70,70,Axe Lourd (Douala-Yaoundé),Douala-Edea-Yaoundé,19:40,2026-10-09
FNX-003,VIP 50,50,Axe Lourd (Yaoundé-Douala),Yaoundé-Edea-Douala,19:40,2026-10-09
FNX-010,VIP 50,50,Axe Lourd (Douala-Yaoundé),Douala-Edea-Yaoundé,20:00,2026-10-09
FNX-004,VIP 50,50,Axe Lourd (Yaoundé-Douala),Yaoundé-Edea-Douala,20:00,2026-10-09
FNX-011,VIP 50,50,Axe Lourd (Douala-Yaoundé),Douala-Edea-Yaoundé,20:20,2026-10-09
FNX-005,VIP 70,70,Axe Lourd (Yaoundé-Douala),Yaoundé-Edea-Douala,20:20,2026-10-09
FNX-012,VIP 50,50,Axe Lourd (Douala-Yaoundé),Douala-Edea-Yaoundé,20:40,2026-10-09
FNX-006,VIP 50,50,Axe Lourd (Yaoundé-Douala),Yaoundé-Edea-Douala,20:40,2026-10-09
FNX-001,VIP 50,50,Axe Lourd (Douala-Yaoundé),Douala-Edea-Yaoundé,05:00,2026-10-10
FNX-007,VIP 70,70,Axe Lourd (Yaoundé-Douala),Yaoundé-Edea-Douala,05:00,2026-10-10
FNX-002,VIP 50,50,Axe Lourd (Douala-Yaoundé),Douala-Edea-Yaoundé,05:20,2026-10-10
FNX-008,VIP 70,70,Axe Lourd (Yaoundé-Douala),Yaoundé-Edea-Douala,05:20,2026-10-10
FNX-003,VIP 50,50,Axe Lourd (Douala-Yaoundé),Douala-Edea-Yaoundé,05:40,2026-10-10
FNX-009,VIP 70,70,Axe Lourd (Yaoundé-Douala),Yaoundé-Edea-Douala,05:40,2026-10-10
FNX-004,VIP 50,50,Axe Lourd (Douala-Yaoundé),Douala-Edea-Yaoundé,06:00,2026-10-10
FNX-010,VIP 50,50,Axe Lourd (Yaoundé-Douala),Yaoundé-Edea-Douala,06:00,2026-10-10
FNX-005,VIP 70,70,Axe Lourd (Douala-Yaoundé),Douala-Edea-Yaoundé,06:20,2026-10-10
FNX-011,VIP 50,50,Axe Lourd (Yaoundé-Douala),Yaoundé-Edea-Douala,06:20,2026-10-10
FNX-006,VIP 50,50,Axe Lourd (Douala-Yaoundé),Douala-Edea-Yaoundé,06:40,2026-10-10
FNX-012,VIP 50,50,Axe Lourd (Yaoundé-Douala),Yaoundé-Edea-Douala,06:40,2026-10-10
FNX-013,VIP 70,70,Axe Lourd (Douala-Yaoundé),Douala-Edea-Yaoundé,07:00,2026-10-10
FNX-021,VIP 70,70,Axe Lourd (Yaoundé-Douala),Yaoundé-Edea-Douala,07:00,2026-10-10
FNX-014,VIP 50,50,Axe Lourd (Douala-Yaoundé),Douala-Edea-Yaoundé,07:20,2026-10-10
FNX-022,VIP 50,50,Axe Lourd (Yaoundé-Douala),Yaoundé-Edea-Douala,07:20,2026-10-10
FNX-015,VIP 50,50,Axe Lourd (Douala-Yaoundé),Douala-Edea-Yaoundé,07:40,2026-10-10
FNX-023,VIP 50,50,Axe Lourd (Yaoundé-Douala),Yaoundé-Edea-Douala,07:40,2026-10-10
FNX-016,VIP 50,50,Axe Lourd (Douala-Yaoundé),Douala-Edea-Yaoundé,08:00,2026-10-10
FNX-024,VIP 50,50,Axe Lourd (Yaoundé-Douala),Yaoundé-Edea-Douala,08:00,2026-10-10
FNX-017,VIP 50,50,Axe Lourd (Douala-Yaoundé),Douala-Edea-Yaoundé,08:20,2026-10-10
FNX-025,VIP 50,50,Axe Lourd (Yaoundé-Douala),Yaoundé-Edea-Douala,08:20,2026-10-10
FNX-018,VIP 70,70,Axe Lourd (Douala-Yaoundé),Douala-Edea-Yaoundé,08:40,2026-10-10
FNX-026,VIP 50,50,Axe Lourd (Yaoundé-Douala),Yaoundé-Edea-Douala,08:40,2026-10-10
FNX-019,VIP 50,50,Axe Lourd (Douala-Yaoundé),Douala-Edea-Yaoundé,09:00,2026-10-10
FNX-027,VIP 70,70,Axe Lourd (Yaoundé-Douala),Yaoundé-Edea-Douala,09:00,2026-10-10
FNX-020,VIP 70,70,Axe Lourd (Douala-Yaoundé),Douala-Edea-Yaoundé,09:20,2026-10-10
FNX-028,VIP 50,50,Axe Lourd (Yaoundé-Douala),Yaoundé-Edea-Douala,09:20,2026-10-10
FNX-007,VIP 70,70,Axe Lourd (Douala-Yaoundé),Douala-Edea-Yaoundé,09:40,2026-10-10
FNX-001,VIP 50,50,Axe Lourd (Yaoundé-Douala),Yaoundé-Edea-Douala,09:40,2026-10-10
FNX-008,VIP 70,70,Axe Lourd (Douala-Yaoundé),Douala-Edea-Yaoundé,10:00,2026-10-10
FNX-002,VIP 50,50,Axe Lourd (Yaoundé-Douala),Yaoundé-Edea-Douala,10:00,2026-10-10
FNX-009,VIP 70,70,Axe Lourd (Douala-Yaoundé),Douala-Edea-Yaoundé,10:20,2026-10-10
FNX-003,VIP 50,50,Axe Lourd (Yaoundé-Douala),Yaoundé-Edea-Douala,10:20,2026-10-10
FNX-010,VIP 50,50,Axe Lourd (Douala-Yaoundé),Douala-Edea-Yaoundé,10:40,2026-10-10
FNX-004,VIP 50,50,Axe Lourd (Yaoundé-Douala),Yaoundé-Edea-Douala,10:40,2026-10-10
FNX-011,VIP 50,50,Axe Lourd (Douala-Yaoundé),Douala-Edea-Yaoundé,11:00,2026-10-10
FNX-005,VIP 70,70,Axe Lourd (Yaoundé-Douala),Yaoundé-Edea-Douala,11:00,2026-10-10
FNX-012,VIP 50,50,Axe Lourd (Douala-Yaoundé),Douala-Edea-Yaoundé,11:20,2026-10-10
FNX-006,VIP 50,50,Axe Lourd (Yaoundé-Douala),Yaoundé-Edea-Douala,11:20,2026-10-10
FNX-021,VIP 70,70,Axe Lourd (Douala-Yaoundé),Douala-Edea-Yaoundé,11:40,2026-10-10
FNX-013,VIP 70,70,Axe Lourd (Yaoundé-Douala),Yaoundé-Edea-Douala,11:40,2026-10-10
FNX-022,VIP 50,50,Axe Lourd (Douala-Yaoundé),Douala-Edea-Yaoundé,12:00,2026-10-10
FNX-014,VIP 50,50,Axe Lourd (Yaoundé-Douala),Yaoundé-Edea-Douala,12:00,2026-10-10
FNX-023,VIP 50,50,Axe Lourd (Douala-Yaoundé),Douala-Edea-Yaoundé,12:20,2026-10-10
FNX-015,VIP 50,50,Axe Lourd (Yaoundé-Douala),Yaoundé-Edea-Douala,12:20,2026-10-10
FNX-024,VIP 50,50,Axe Lourd (Douala-Yaoundé),Douala-Edea-Yaoundé,12:40,2026-10-10
FNX-016,VIP 50,50,Axe Lourd (Yaoundé-Douala),Yaoundé-Edea-Douala,12:40,2026-10-10
FNX-025,VIP 50,50,Axe Lourd (Douala-Yaoundé),Douala-Edea-Yaoundé,13:00,2026-10-10
FNX-017,VIP 50,50,Axe Lourd (Yaoundé-Douala),Yaoundé-Edea-Douala,13:00,2026-10-10
FNX-026,VIP 50,50,Axe Lourd (Douala-Yaoundé),Douala-Edea-Yaoundé,13:20,2026-10-10
FNX-018,VIP 70,70,Axe Lourd (Yaoundé-Douala),Yaoundé-Edea-Douala,13:20,2026-10-10
FNX-027,VIP 70,70,Axe Lourd (Douala-Yaoundé),Douala-Edea-Yaoundé,13:40,2026-10-10
FNX-019,VIP 50,50,Axe Lourd (Yaoundé-Douala),Yaoundé-Edea-Douala,13:40,2026-10-10
FNX-028,VIP 50,50,Axe Lourd (Douala-Yaoundé),Douala-Edea-Yaoundé,14:00,2026-10-10
FNX-020,VIP 70,70,Axe Lourd (Yaoundé-Douala),Yaoundé-Edea-Douala,14:00,2026-10-10
FNX-001,VIP 50,50,Axe Lourd (Douala-Yaoundé),Douala-Edea-Yaoundé,14:20,2026-10-10
FNX-007,VIP 70,70,Axe Lourd (Yaoundé-Douala),Yaoundé-Edea-Douala,14:20,2026-10-10
FNX-002,VIP 50,50,Axe Lourd (Douala-Yaoundé),Douala-Edea-Yaoundé,14:40,2026-10-10
FNX-008,VIP 70,70,Axe Lourd (Yaoundé-Douala),Yaoundé-Edea-Douala,14:40,2026-10-10
FNX-003,VIP 50,50,Axe Lourd (Douala-Yaoundé),Douala-Edea-Yaoundé,15:00,2026-10-10
FNX-009,VIP 70,70,Axe Lourd (Yaoundé-Douala),Yaoundé-Edea-Douala,15:00,2026-10-10
FNX-004,VIP 50,50,Axe Lourd (Douala-Yaoundé),Douala-Edea-Yaoundé,15:20,2026-10-10
FNX-010,VIP 50,50,Axe Lourd (Yaoundé-Douala),Yaoundé-Edea-Douala,15:20,2026-10-10
FNX-005,VIP 70,70,Axe Lourd (Douala-Yaoundé),Douala-Edea-Yaoundé,15:40,2026-10-10
FNX-011,VIP 50,50,Axe Lourd (Yaoundé-Douala),Yaoundé-Edea-Douala,15:40,2026-10-10
FNX-006,VIP 50,50,Axe Lourd (Douala-Yaoundé),Douala-Edea-Yaoundé,16:00,2026-10-10
FNX-012,VIP 50,50,Axe Lourd (Yaoundé-Douala),Yaoundé-Edea-Douala,16:00,2026-10-10
FNX-013,VIP 70,70,Axe Lourd (Douala-Yaoundé),Douala-Edea-Yaoundé,16:20,2026-10-10
FNX-021,VIP 70,70,Axe Lourd (Yaoundé-Douala),Yaoundé-Edea-Douala,16:20,2026-10-10
FNX-014,VIP 50,50,Axe Lourd (Douala-Yaoundé),Douala-Edea-Yaoundé,16:40,2026-10-10
FNX-022,VIP 50,50,Axe Lourd (Yaoundé-Douala),Yaoundé-Edea-Douala,16:40,2026-10-10
FNX-015,VIP 50,50,Axe Lourd (Douala-Yaoundé),Douala-Edea-Yaoundé,17:00,2026-10-10
FNX-023,VIP 50,50,Axe Lourd (Yaoundé-Douala),Yaoundé-Edea-Douala,17:00,2026-10-10
FNX-016,VIP 50,50,Axe Lourd (Douala-Yaoundé),Douala-Edea-Yaoundé,17:20,2026-10-10
FNX-024,VIP 50,50,Axe Lourd (Yaoundé-Douala),Yaoundé-Edea-Douala,17:20,2026-10-10
FNX-017,VIP 50,50,Axe Lourd (Douala-Yaoundé),Douala-Edea-Yaoundé,17:40,2026-10-10
FNX-025,VIP 50,50,Axe Lourd (Yaoundé-Douala),Yaoundé-Edea-Douala,17:40,2026-10-10
FNX-018,VIP 70,70,Axe Lourd (Douala-Yaoundé),Douala-Edea-Yaoundé,18:00,2026-10-10
FNX-026,VIP 50,50,Axe Lourd (Yaoundé-Douala),Yaoundé-Edea-Douala,18:00,2026-10-10
FNX-019,VIP 50,50,Axe Lourd (Douala-Yaoundé),Douala-Edea-Yaoundé,18:20,2026-10-10
FNX-027,VIP 70,70,Axe Lourd (Yaoundé-Douala),Yaoundé-Edea-Douala,18:20,2026-10-10
FNX-020,VIP 70,70,Axe Lourd (Douala-Yaoundé),Douala-Edea-Yaoundé,18:40,2026-10-10
FNX-028,VIP 50,50,Axe Lourd (Yaoundé-Douala),Yaoundé-Edea-Douala,18:40,2026-10-10
FNX-007,VIP 70,70,Axe Lourd (Douala-Yaoundé),Douala-Edea-Yaoundé,19:00,2026-10-10
FNX-001,VIP 50,50,Axe Lourd (Yaoundé-Douala),Yaoundé-Edea-Douala,19:00,2026-10-10
FNX-008,VIP 70,70,Axe Lourd (Douala-Yaoundé),Douala-Edea-Yaoundé,19:20,2026-10-10
FNX-002,VIP 50,50,Axe Lourd (Yaoundé-Douala),Yaoundé-Edea-Douala,19:20,2026-10-10
FNX-009,VIP 70,70,Axe Lourd (Douala-Yaoundé),Douala-Edea-Yaoundé,19:40,2026-10-10
FNX-003,VIP 50,50,Axe Lourd (Yaoundé-Douala),Yaoundé-Edea-Douala,19:40,2026-10-10
FNX-010,VIP 50,50,Axe Lourd (Douala-Yaoundé),Douala-Edea-Yaoundé,20:00,2026-10-10
FNX-004,VIP 50,50,Axe Lourd (Yaoundé-Douala),Yaoundé-Edea-Douala,20:00,2026-10-10
FNX-011,VIP 50,50,Axe Lourd (Douala-Yaoundé),Douala-Edea-Yaoundé,20:20,2026-10-10
FNX-005,VIP 70,70,Axe Lourd (Yaoundé-Douala),Yaoundé-Edea-Douala,20:20,2026-10-10
FNX-012,VIP 50,50,Axe Lourd (Douala-Yaoundé),Douala-Edea-Yaoundé,20:40,2026-10-10
FNX-006,VIP 50,50,Axe Lourd (Yaoundé-Douala),Yaoundé-Edea-Douala,20:40,2026-10-10
FNX-001,VIP 50,50,Axe Lourd (Douala-Yaoundé),Douala-Edea-Yaoundé,05:00,2026-10-11
FNX-007,VIP 70,70,Axe Lourd (Yaoundé-Douala),Yaoundé-Edea-Douala,05:00,2026-10-11
FNX-002,VIP 50,50,Axe Lourd (Douala-Yaoundé),Douala-Edea-Yaoundé,05:20,2026-10-11
FNX-008,VIP 70,70,Axe Lourd (Yaoundé-Douala),Yaoundé-Edea-Douala,05:20,2026-10-11
FNX-003,VIP 50,50,Axe Lourd (Douala-Yaoundé),Douala-Edea-Yaoundé,05:40,2026-10-11
FNX-009,VIP 70,70,Axe Lourd (Yaoundé-Douala),Yaoundé-Edea-Douala,05:40,2026-10-11
FNX-004,VIP 50,50,Axe Lourd (Douala-Yaoundé),Douala-Edea-Yaoundé,06:00,2026-10-11
FNX-010,VIP 50,50,Axe Lourd (Yaoundé-Douala),Yaoundé-Edea-Douala,06:00,2026-10-11
FNX-005,VIP 70,70,Axe Lourd (Douala-Yaoundé),Douala-Edea-Yaoundé,06:20,2026-10-11
FNX-011,VIP 50,50,Axe Lourd (Yaoundé-Douala),Yaoundé-Edea-Douala,06:20,2026-10-11
FNX-006,VIP 50,50,Axe Lourd (Douala-Yaoundé),Douala-Edea-Yaoundé,06:40,2026-10-11
FNX-012,VIP 50,50,Axe Lourd (Yaoundé-Douala),Yaoundé-Edea-Douala,06:40,2026-10-11
FNX-021,VIP 70,70,Axe Lourd (Douala-Yaoundé),Douala-Edea-Yaoundé,07:00,2026-10-11
FNX-013,VIP 70,70,Axe Lourd (Yaoundé-Douala),Yaoundé-Edea-Douala,07:00,2026-10-11
FNX-022,VIP 50,50,Axe Lourd (Douala-Yaoundé),Douala-Edea-Yaoundé,07:20,2026-10-11
FNX-014,VIP 50,50,Axe Lourd (Yaoundé-Douala),Yaoundé-Edea-Douala,07:20,2026-10-11
FNX-023,VIP 50,50,Axe Lourd (Douala-Yaoundé),Douala-Edea-Yaoundé,07:40,2026-10-11
FNX-015,VIP 50,50,Axe Lourd (Yaoundé-Douala),Yaoundé-Edea-Douala,07:40,2026-10-11
FNX-024,VIP 50,50,Axe Lourd (Douala-Yaoundé),Douala-Edea-Yaoundé,08:00,2026-10-11
FNX-016,VIP 50,50,Axe Lourd (Yaoundé-Douala),Yaoundé-Edea-Douala,08:00,2026-10-11
FNX-025,VIP 50,50,Axe Lourd (Douala-Yaoundé),Douala-Edea-Yaoundé,08:20,2026-10-11
FNX-017,VIP 50,50,Axe Lourd (Yaoundé-Douala),Yaoundé-Edea-Douala,08:20,2026-10-11
FNX-026,VIP 50,50,Axe Lourd (Douala-Yaoundé),Douala-Edea-Yaoundé,08:40,2026-10-11
FNX-018,VIP 70,70,Axe Lourd (Yaoundé-Douala),Yaoundé-Edea-Douala,08:40,2026-10-11
FNX-027,VIP 70,70,Axe Lourd (Douala-Yaoundé),Douala-Edea-Yaoundé,09:00,2026-10-11
FNX-019,VIP 50,50,Axe Lourd (Yaoundé-Douala),Yaoundé-Edea-Douala,09:00,2026-10-11
FNX-028,VIP 50,50,Axe Lourd (Douala-Yaoundé),Douala-Edea-Yaoundé,09:20,2026-10-11
FNX-020,VIP 70,70,Axe Lourd (Yaoundé-Douala),Yaoundé-Edea-Douala,09:20,2026-10-11
FNX-007,VIP 70,70,Axe Lourd (Douala-Yaoundé),Douala-Edea-Yaoundé,09:40,2026-10-11
FNX-001,VIP 50,50,Axe Lourd (Yaoundé-Douala),Yaoundé-Edea-Douala,09:40,2026-10-11
FNX-008,VIP 70,70,Axe Lourd (Douala-Yaoundé),Douala-Edea-Yaoundé,10:00,2026-10-11
FNX-002,VIP 50,50,Axe Lourd (Yaoundé-Douala),Yaoundé-Edea-Douala,10:00,2026-10-11
FNX-009,VIP 70,70,Axe Lourd (Douala-Yaoundé),Douala-Edea-Yaoundé,10:20,2026-10-11
FNX-003,VIP 50,50,Axe Lourd (Yaoundé-Douala),Yaoundé-Edea-Douala,10:20,2026-10-11
FNX-010,VIP 50,50,Axe Lourd (Douala-Yaoundé),Douala-Edea-Yaoundé,10:40,2026-10-11
FNX-004,VIP 50,50,Axe Lourd (Yaoundé-Douala),Yaoundé-Edea-Douala,10:40,2026-10-11
FNX-011,VIP 50,50,Axe Lourd (Douala-Yaoundé),Douala-Edea-Yaoundé,11:00,2026-10-11
FNX-005,VIP 70,70,Axe Lourd (Yaoundé-Douala),Yaoundé-Edea-Douala,11:00,2026-10-11
FNX-012,VIP 50,50,Axe Lourd (Douala-Yaoundé),Douala-Edea-Yaoundé,11:20,2026-10-11
FNX-006,VIP 50,50,Axe Lourd (Yaoundé-Douala),Yaoundé-Edea-Douala,11:20,2026-10-11
FNX-013,VIP 70,70,Axe Lourd (Douala-Yaoundé),Douala-Edea-Yaoundé,11:40,2026-10-11
FNX-021,VIP 70,70,Axe Lourd (Yaoundé-Douala),Yaoundé-Edea-Douala,11:40,2026-10-11
FNX-014,VIP 50,50,Axe Lourd (Douala-Yaoundé),Douala-Edea-Yaoundé,12:00,2026-10-11
FNX-022,VIP 50,50,Axe Lourd (Yaoundé-Douala),Yaoundé-Edea-Douala,12:00,2026-10-11
FNX-015,VIP 50,50,Axe Lourd (Douala-Yaoundé),Douala-Edea-Yaoundé,12:20,2026-10-11
FNX-023,VIP 50,50,Axe Lourd (Yaoundé-Douala),Yaoundé-Edea-Douala,12:20,2026-10-11
FNX-016,VIP 50,50,Axe Lourd (Douala-Yaoundé),Douala-Edea-Yaoundé,12:40,2026-10-11
FNX-024,VIP 50,50,Axe Lourd (Yaoundé-Douala),Yaoundé-Edea-Douala,12:40,2026-10-11
FNX-017,VIP 50,50,Axe Lourd (Douala-Yaoundé),Douala-Edea-Yaoundé,13:00,2026-10-11
FNX-025,VIP 50,50,Axe Lourd (Yaoundé-Douala),Yaoundé-Edea-Douala,13:00,2026-10-11
FNX-018,VIP 70,70,Axe Lourd (Douala-Yaoundé),Douala-Edea-Yaoundé,13:20,2026-10-11
FNX-026,VIP 50,50,Axe Lourd (Yaoundé-Douala),Yaoundé-Edea-Douala,13:20,2026-10-11
FNX-019,VIP 50,50,Axe Lourd (Douala-Yaoundé),Douala-Edea-Yaoundé,13:40,2026-10-11
FNX-027,VIP 70,70,Axe Lourd (Yaoundé-Douala),Yaoundé-Edea-Douala,13:40,2026-10-11
FNX-020,VIP 70,70,Axe Lourd (Douala-Yaoundé),Douala-Edea-Yaoundé,14:00,2026-10-11
FNX-028,VIP 50,50,Axe Lourd (Yaoundé-Douala),Yaoundé-Edea-Douala,14:00,2026-10-11
FNX-001,VIP 50,50,Axe Lourd (Douala-Yaoundé),Douala-Edea-Yaoundé,14:20,2026-10-11
FNX-007,VIP 70,70,Axe Lourd (Yaoundé-Douala),Yaoundé-Edea-Douala,14:20,2026-10-11
FNX-002,VIP 50,50,Axe Lourd (Douala-Yaoundé),Douala-Edea-Yaoundé,14:40,2026-10-11
FNX-008,VIP 70,70,Axe Lourd (Yaoundé-Douala),Yaoundé-Edea-Douala,14:40,2026-10-11
FNX-003,VIP 50,50,Axe Lourd (Douala-Yaoundé),Douala-Edea-Yaoundé,15:00,2026-10-11
FNX-009,VIP 70,70,Axe Lourd (Yaoundé-Douala),Yaoundé-Edea-Douala,15:00,2026-10-11
FNX-004,VIP 50,50,Axe Lourd (Douala-Yaoundé),Douala-Edea-Yaoundé,15:20,2026-10-11
FNX-010,VIP 50,50,Axe Lourd (Yaoundé-Douala),Yaoundé-Edea-Douala,15:20,2026-10-11
FNX-005,VIP 70,70,Axe Lourd (Douala-Yaoundé),Douala-Edea-Yaoundé,15:40,2026-10-11
FNX-011,VIP 50,50,Axe Lourd (Yaoundé-Douala),Yaoundé-Edea-Douala,15:40,2026-10-11
FNX-006,VIP 50,50,Axe Lourd (Douala-Yaoundé),Douala-Edea-Yaoundé,16:00,2026-10-11
FNX-012,VIP 50,50,Axe Lourd (Yaoundé-Douala),Yaoundé-Edea-Douala,16:00,2026-10-11
FNX-021,VIP 70,70,Axe Lourd (Douala-Yaoundé),Douala-Edea-Yaoundé,16:20,2026-10-11
FNX-013,VIP 70,70,Axe Lourd (Yaoundé-Douala),Yaoundé-Edea-Douala,16:20,2026-10-11
FNX-022,VIP 50,50,Axe Lourd (Douala-Yaoundé),Douala-Edea-Yaoundé,16:40,2026-10-11
FNX-014,VIP 50,50,Axe Lourd (Yaoundé-Douala),Yaoundé-Edea-Douala,16:40,2026-10-11
FNX-023,VIP 50,50,Axe Lourd (Douala-Yaoundé),Douala-Edea-Yaoundé,17:00,2026-10-11
FNX-015,VIP 50,50,Axe Lourd (Yaoundé-Douala),Yaoundé-Edea-Douala,17:00,2026-10-11
FNX-024,VIP 50,50,Axe Lourd (Douala-Yaoundé),Douala-Edea-Yaoundé,17:20,2026-10-11
FNX-016,VIP 50,50,Axe Lourd (Yaoundé-Douala),Yaoundé-Edea-Douala,17:20,2026-10-11
FNX-025,VIP 50,50,Axe Lourd (Douala-Yaoundé),Douala-Edea-Yaoundé,17:40,2026-10-11
FNX-017,VIP 50,50,Axe Lourd (Yaoundé-Douala),Yaoundé-Edea-Douala,17:40,2026-10-11
FNX-026,VIP 50,50,Axe Lourd (Douala-Yaoundé),Douala-Edea-Yaoundé,18:00,2026-10-11
FNX-018,VIP 70,70,Axe Lourd (Yaoundé-Douala),Yaoundé-Edea-Douala,18:00,2026-10-11
FNX-027,VIP 70,70,Axe Lourd (Douala-Yaoundé),Douala-Edea-Yaoundé,18:20,2026-10-11
FNX-019,VIP 50,50,Axe Lourd (Yaoundé-Douala),Yaoundé-Edea-Douala,18:20,2026-10-11
FNX-028,VIP 50,50,Axe Lourd (Douala-Yaoundé),Douala-Edea-Yaoundé,18:40,2026-10-11
FNX-020,VIP 70,70,Axe Lourd (Yaoundé-Douala),Yaoundé-Edea-Douala,18:40,2026-10-11
FNX-007,VIP 70,70,Axe Lourd (Douala-Yaoundé),Douala-Edea-Yaoundé,19:00,2026-10-11
FNX-001,VIP 50,50,Axe Lourd (Yaoundé-Douala),Yaoundé-Edea-Douala,19:00,2026-10-11
FNX-008,VIP 70,70,Axe Lourd (Douala-Yaoundé),Douala-Edea-Yaoundé,19:20,2026-10-11
FNX-002,VIP 50,50,Axe Lourd (Yaoundé-Douala),Yaoundé-Edea-Douala,19:20,2026-10-11
FNX-009,VIP 70,70,Axe Lourd (Douala-Yaoundé),Douala-Edea-Yaoundé,19:40,2026-10-11
FNX-003,VIP 50,50,Axe Lourd (Yaoundé-Douala),Yaoundé-Edea-Douala,19:40,2026-10-11
FNX-010,VIP 50,50,Axe Lourd (Douala-Yaoundé),Douala-Edea-Yaoundé,20:00,2026-10-11
FNX-004,VIP 50,50,Axe Lourd (Yaoundé-Douala),Yaoundé-Edea-Douala,20:00,2026-10-11
FNX-011,VIP 50,50,Axe Lourd (Douala-Yaoundé),Douala-Edea-Yaoundé,20:20,2026-10-11
FNX-005,VIP 70,70,Axe Lourd (Yaoundé-Douala),Yaoundé-Edea-Douala,20:20,2026-10-11
FNX-012,VIP 50,50,Axe Lourd (Douala-Yaoundé),Douala-Edea-Yaoundé,20:40,2026-10-11
FNX-006,VIP 50,50,Axe Lourd (Yaoundé-Douala),Yaoundé-Edea-Douala,20:40,2026-10-11
FNX-001,VIP 50,50,Axe Lourd (Douala-Yaoundé),Douala-Edea-Yaoundé,05:00,2026-10-12
FNX-007,VIP 70,70,Axe Lourd (Yaoundé-Douala),Yaoundé-Edea-Douala,05:00,2026-10-12
FNX-002,VIP 50,50,Axe Lourd (Douala-Yaoundé),Douala-Edea-Yaoundé,05:20,2026-10-12
FNX-008,VIP 70,70,Axe Lourd (Yaoundé-Douala),Yaoundé-Edea-Douala,05:20,2026-10-12
FNX-003,VIP 50,50,Axe Lourd (Douala-Yaoundé),Douala-Edea-Yaoundé,05:40,2026-10-12
FNX-009,VIP 70,70,Axe Lourd (Yaoundé-Douala),Yaoundé-Edea-Douala,05:40,2026-10-12
FNX-004,VIP 50,50,Axe Lourd (Douala-Yaoundé),Douala-Edea-Yaoundé,06:00,2026-10-12
FNX-010,VIP 50,50,Axe Lourd (Yaoundé-Douala),Yaoundé-Edea-Douala,06:00,2026-10-12
FNX-005,VIP 70,70,Axe Lourd (Douala-Yaoundé),Douala-Edea-Yaoundé,06:20,2026-10-12
FNX-011,VIP 50,50,Axe Lourd (Yaoundé-Douala),Yaoundé-Edea-Douala,06:20,2026-10-12
FNX-006,VIP 50,50,Axe Lourd (Douala-Yaoundé),Douala-Edea-Yaoundé,06:40,2026-10-12
FNX-012,VIP 50,50,Axe Lourd (Yaoundé-Douala),Yaoundé-Edea-Douala,06:40,2026-10-12
FNX-013,VIP 70,70,Axe Lourd (Douala-Yaoundé),Douala-Edea-Yaoundé,07:00,2026-10-12
FNX-021,VIP 70,70,Axe Lourd (Yaoundé-Douala),Yaoundé-Edea-Douala,07:00,2026-10-12
FNX-014,VIP 50,50,Axe Lourd (Douala-Yaoundé),Douala-Edea-Yaoundé,07:20,2026-10-12
FNX-022,VIP 50,50,Axe Lourd (Yaoundé-Douala),Yaoundé-Edea-Douala,07:20,2026-10-12
FNX-015,VIP 50,50,Axe Lourd (Douala-Yaoundé),Douala-Edea-Yaoundé,07:40,2026-10-12
FNX-023,VIP 50,50,Axe Lourd (Yaoundé-Douala),Yaoundé-Edea-Douala,07:40,2026-10-12
FNX-016,VIP 50,50,Axe Lourd (Douala-Yaoundé),Douala-Edea-Yaoundé,08:00,2026-10-12
FNX-024,VIP 50,50,Axe Lourd (Yaoundé-Douala),Yaoundé-Edea-Douala,08:00,2026-10-12
FNX-017,VIP 50,50,Axe Lourd (Douala-Yaoundé),Douala-Edea-Yaoundé,08:20,2026-10-12
FNX-025,VIP 50,50,Axe Lourd (Yaoundé-Douala),Yaoundé-Edea-Douala,08:20,2026-10-12
FNX-018,VIP 70,70,Axe Lourd (Douala-Yaoundé),Douala-Edea-Yaoundé,08:40,2026-10-12
FNX-026,VIP 50,50,Axe Lourd (Yaoundé-Douala),Yaoundé-Edea-Douala,08:40,2026-10-12
FNX-019,VIP 50,50,Axe Lourd (Douala-Yaoundé),Douala-Edea-Yaoundé,09:00,2026-10-12
FNX-027,VIP 70,70,Axe Lourd (Yaoundé-Douala),Yaoundé-Edea-Douala,09:00,2026-10-12
FNX-020,VIP 70,70,Axe Lourd (Douala-Yaoundé),Douala-Edea-Yaoundé,09:20,2026-10-12
FNX-028,VIP 50,50,Axe Lourd (Yaoundé-Douala),Yaoundé-Edea-Douala,09:20,2026-10-12
FNX-007,VIP 70,70,Axe Lourd (Douala-Yaoundé),Douala-Edea-Yaoundé,09:40,2026-10-12
FNX-001,VIP 50,50,Axe Lourd (Yaoundé-Douala),Yaoundé-Edea-Douala,09:40,2026-10-12
FNX-008,VIP 70,70,Axe Lourd (Douala-Yaoundé),Douala-Edea-Yaoundé,10:00,2026-10-12
FNX-002,VIP 50,50,Axe Lourd (Yaoundé-Douala),Yaoundé-Edea-Douala,10:00,2026-10-12
FNX-009,VIP 70,70,Axe Lourd (Douala-Yaoundé),Douala-Edea-Yaoundé,10:20,2026-10-12
FNX-003,VIP 50,50,Axe Lourd (Yaoundé-Douala),Yaoundé-Edea-Douala,10:20,2026-10-12
FNX-010,VIP 50,50,Axe Lourd (Douala-Yaoundé),Douala-Edea-Yaoundé,10:40,2026-10-12
FNX-004,VIP 50,50,Axe Lourd (Yaoundé-Douala),Yaoundé-Edea-Douala,10:40,2026-10-12
FNX-011,VIP 50,50,Axe Lourd (Douala-Yaoundé),Douala-Edea-Yaoundé,11:00,2026-10-12
FNX-005,VIP 70,70,Axe Lourd (Yaoundé-Douala),Yaoundé-Edea-Douala,11:00,2026-10-12
FNX-012,VIP 50,50,Axe Lourd (Douala-Yaoundé),Douala-Edea-Yaoundé,11:20,2026-10-12
FNX-006,VIP 50,50,Axe Lourd (Yaoundé-Douala),Yaoundé-Edea-Douala,11:20,2026-10-12
FNX-021,VIP 70,70,Axe Lourd (Douala-Yaoundé),Douala-Edea-Yaoundé,11:40,2026-10-12
FNX-013,VIP 70,70,Axe Lourd (Yaoundé-Douala),Yaoundé-Edea-Douala,11:40,2026-10-12
FNX-022,VIP 50,50,Axe Lourd (Douala-Yaoundé),Douala-Edea-Yaoundé,12:00,2026-10-12
FNX-014,VIP 50,50,Axe Lourd (Yaoundé-Douala),Yaoundé-Edea-Douala,12:00,2026-10-12
FNX-023,VIP 50,50,Axe Lourd (Douala-Yaoundé),Douala-Edea-Yaoundé,12:20,2026-10-12
FNX-015,VIP 50,50,Axe Lourd (Yaoundé-Douala),Yaoundé-Edea-Douala,12:20,2026-10-12
FNX-024,VIP 50,50,Axe Lourd (Douala-Yaoundé),Douala-Edea-Yaoundé,12:40,2026-10-12
FNX-016,VIP 50,50,Axe Lourd (Yaoundé-Douala),Yaoundé-Edea-Douala,12:40,2026-10-12
FNX-025,VIP 50,50,Axe Lourd (Douala-Yaoundé),Douala-Edea-Yaoundé,13:00,2026-10-12
FNX-017,VIP 50,50,Axe Lourd (Yaoundé-Douala),Yaoundé-Edea-Douala,13:00,2026-10-12
FNX-026,VIP 50,50,Axe Lourd (Douala-Yaoundé),Douala-Edea-Yaoundé,13:20,2026-10-12
FNX-018,VIP 70,70,Axe Lourd (Yaoundé-Douala),Yaoundé-Edea-Douala,13:20,2026-10-12
FNX-027,VIP 70,70,Axe Lourd (Douala-Yaoundé),Douala-Edea-Yaoundé,13:40,2026-10-12
FNX-019,VIP 50,50,Axe Lourd (Yaoundé-Douala),Yaoundé-Edea-Douala,13:40,2026-10-12
FNX-028,VIP 50,50,Axe Lourd (Douala-Yaoundé),Douala-Edea-Yaoundé,14:00,2026-10-12
FNX-020,VIP 70,70,Axe Lourd (Yaoundé-Douala),Yaoundé-Edea-Douala,14:00,2026-10-12
FNX-001,VIP 50,50,Axe Lourd (Douala-Yaoundé),Douala-Edea-Yaoundé,14:20,2026-10-12
FNX-007,VIP 70,70,Axe Lourd (Yaoundé-Douala),Yaoundé-Edea-Douala,14:20,2026-10-12
FNX-002,VIP 50,50,Axe Lourd (Douala-Yaoundé),Douala-Edea-Yaoundé,14:40,2026-10-12
FNX-008,VIP 70,70,Axe Lourd (Yaoundé-Douala),Yaoundé-Edea-Douala,14:40,2026-10-12
FNX-003,VIP 50,50,Axe Lourd (Douala-Yaoundé),Douala-Edea-Yaoundé,15:00,2026-10-12
FNX-009,VIP 70,70,Axe Lourd (Yaoundé-Douala),Yaoundé-Edea-Douala,15:00,2026-10-12
FNX-004,VIP 50,50,Axe Lourd (Douala-Yaoundé),Douala-Edea-Yaoundé,15:20,2026-10-12
FNX-010,VIP 50,50,Axe Lourd (Yaoundé-Douala),Yaoundé-Edea-Douala,15:20,2026-10-12
FNX-005,VIP 70,70,Axe Lourd (Douala-Yaoundé),Douala-Edea-Yaoundé,15:40,2026-10-12
FNX-011,VIP 50,50,Axe Lourd (Yaoundé-Douala),Yaoundé-Edea-Douala,15:40,2026-10-12
FNX-006,VIP 50,50,Axe Lourd (Douala-Yaoundé),Douala-Edea-Yaoundé,16:00,2026-10-12
FNX-012,VIP 50,50,Axe Lourd (Yaoundé-Douala),Yaoundé-Edea-Douala,16:00,2026-10-12
FNX-013,VIP 70,70,Axe Lourd (Douala-Yaoundé),Douala-Edea-Yaoundé,16:20,2026-10-12
FNX-021,VIP 70,70,Axe Lourd (Yaoundé-Douala),Yaoundé-Edea-Douala,16:20,2026-10-12
FNX-014,VIP 50,50,Axe Lourd (Douala-Yaoundé),Douala-Edea-Yaoundé,16:40,2026-10-12
FNX-022,VIP 50,50,Axe Lourd (Yaoundé-Douala),Yaoundé-Edea-Douala,16:40,2026-10-12
FNX-015,VIP 50,50,Axe Lourd (Douala-Yaoundé),Douala-Edea-Yaoundé,17:00,2026-10-12
FNX-023,VIP 50,50,Axe Lourd (Yaoundé-Douala),Yaoundé-Edea-Douala,17:00,2026-10-12
FNX-016,VIP 50,50,Axe Lourd (Douala-Yaoundé),Douala-Edea-Yaoundé,17:20,2026-10-12
FNX-024,VIP 50,50,Axe Lourd (Yaoundé-Douala),Yaoundé-Edea-Douala,17:20,2026-10-12
FNX-017,VIP 50,50,Axe Lourd (Douala-Yaoundé),Douala-Edea-Yaoundé,17:40,2026-10-12
FNX-025,VIP 50,50,Axe Lourd (Yaoundé-Douala),Yaoundé-Edea-Douala,17:40,2026-10-12
FNX-018,VIP 70,70,Axe Lourd (Douala-Yaoundé),Douala-Edea-Yaoundé,18:00,2026-10-12
FNX-026,VIP 50,50,Axe Lourd (Yaoundé-Douala),Yaoundé-Edea-Douala,18:00,2026-10-12
FNX-019,VIP 50,50,Axe Lourd (Douala-Yaoundé),Douala-Edea-Yaoundé,18:20,2026-10-12
FNX-027,VIP 70,70,Axe Lourd (Yaoundé-Douala),Yaoundé-Edea-Douala,18:20,2026-10-12
FNX-020,VIP 70,70,Axe Lourd (Douala-Yaoundé),Douala-Edea-Yaoundé,18:40,2026-10-12
FNX-028,VIP 50,50,Axe Lourd (Yaoundé-Douala),Yaoundé-Edea-Douala,18:40,2026-10-12
FNX-007,VIP 70,70,Axe Lourd (Douala-Yaoundé),Douala-Edea-Yaoundé,19:00,2026-10-12
FNX-001,VIP 50,50,Axe Lourd (Yaoundé-Douala),Yaoundé-Edea-Douala,19:00,2026-10-12
FNX-008,VIP 70,70,Axe Lourd (Douala-Yaoundé),Douala-Edea-Yaoundé,19:20,2026-10-12
FNX-002,VIP 50,50,Axe Lourd (Yaoundé-Douala),Yaoundé-Edea-Douala,19:20,2026-10-12
FNX-009,VIP 70,70,Axe Lourd (Douala-Yaoundé),Douala-Edea-Yaoundé,19:40,2026-10-12
FNX-003,VIP 50,50,Axe Lourd (Yaoundé-Douala),Yaoundé-Edea-Douala,19:40,2026-10-12
FNX-010,VIP 50,50,Axe Lourd (Douala-Yaoundé),Douala-Edea-Yaoundé,20:00,2026-10-12
FNX-004,VIP 50,50,Axe Lourd (Yaoundé-Douala),Yaoundé-Edea-Douala,20:00,2026-10-12
FNX-011,VIP 50,50,Axe Lourd (Douala-Yaoundé),Douala-Edea-Yaoundé,20:20,2026-10-12
FNX-005,VIP 70,70,Axe Lourd (Yaoundé-Douala),Yaoundé-Edea-Douala,20:20,2026-10-12
FNX-012,VIP 50,50,Axe Lourd (Douala-Yaoundé),Douala-Edea-Yaoundé,20:40,2026-10-12
FNX-006,VIP 50,50,Axe Lourd (Yaoundé-Douala),Yaoundé-Edea-Douala,20:40,2026-10-12
FNX-001,VIP 50,50,Axe Lourd (Douala-Yaoundé),Douala-Edea-Yaoundé,05:00,2026-10-13
FNX-007,VIP 70,70,Axe Lourd (Yaoundé-Douala),Yaoundé-Edea-Douala,05:00,2026-10-13
FNX-002,VIP 50,50,Axe Lourd (Douala-Yaoundé),Douala-Edea-Yaoundé,05:20,2026-10-13
FNX-008,VIP 70,70,Axe Lourd (Yaoundé-Douala),Yaoundé-Edea-Douala,05:20,2026-10-13
FNX-003,VIP 50,50,Axe Lourd (Douala-Yaoundé),Douala-Edea-Yaoundé,05:40,2026-10-13
FNX-009,VIP 70,70,Axe Lourd (Yaoundé-Douala),Yaoundé-Edea-Douala,05:40,2026-10-13
FNX-004,VIP 50,50,Axe Lourd (Douala-Yaoundé),Douala-Edea-Yaoundé,06:00,2026-10-13
FNX-010,VIP 50,50,Axe Lourd (Yaoundé-Douala),Yaoundé-Edea-Douala,06:00,2026-10-13
FNX-005,VIP 70,70,Axe Lourd (Douala-Yaoundé),Douala-Edea-Yaoundé,06:20,2026-10-13
FNX-011,VIP 50,50,Axe Lourd (Yaoundé-Douala),Yaoundé-Edea-Douala,06:20,2026-10-13
FNX-006,VIP 50,50,Axe Lourd (Douala-Yaoundé),Douala-Edea-Yaoundé,06:40,2026-10-13
FNX-012,VIP 50,50,Axe Lourd (Yaoundé-Douala),Yaoundé-Edea-Douala,06:40,2026-10-13
FNX-021,VIP 70,70,Axe Lourd (Douala-Yaoundé),Douala-Edea-Yaoundé,07:00,2026-10-13
FNX-013,VIP 70,70,Axe Lourd (Yaoundé-Douala),Yaoundé-Edea-Douala,07:00,2026-10-13
FNX-022,VIP 50,50,Axe Lourd (Douala-Yaoundé),Douala-Edea-Yaoundé,07:20,2026-10-13
FNX-014,VIP 50,50,Axe Lourd (Yaoundé-Douala),Yaoundé-Edea-Douala,07:20,2026-10-13
FNX-023,VIP 50,50,Axe Lourd (Douala-Yaoundé),Douala-Edea-Yaoundé,07:40,2026-10-13
FNX-015,VIP 50,50,Axe Lourd (Yaoundé-Douala),Yaoundé-Edea-Douala,07:40,2026-10-13
FNX-024,VIP 50,50,Axe Lourd (Douala-Yaoundé),Douala-Edea-Yaoundé,08:00,2026-10-13
FNX-016,VIP 50,50,Axe Lourd (Yaoundé-Douala),Yaoundé-Edea-Douala,08:00,2026-10-13
FNX-025,VIP 50,50,Axe Lourd (Douala-Yaoundé),Douala-Edea-Yaoundé,08:20,2026-10-13
FNX-017,VIP 50,50,Axe Lourd (Yaoundé-Douala),Yaoundé-Edea-Douala,08:20,2026-10-13
FNX-026,VIP 50,50,Axe Lourd (Douala-Yaoundé),Douala-Edea-Yaoundé,08:40,2026-10-13
FNX-018,VIP 70,70,Axe Lourd (Yaoundé-Douala),Yaoundé-Edea-Douala,08:40,2026-10-13
FNX-027,VIP 70,70,Axe Lourd (Douala-Yaoundé),Douala-Edea-Yaoundé,09:00,2026-10-13
FNX-019,VIP 50,50,Axe Lourd (Yaoundé-Douala),Yaoundé-Edea-Douala,09:00,2026-10-13
FNX-028,VIP 50,50,Axe Lourd (Douala-Yaoundé),Douala-Edea-Yaoundé,09:20,2026-10-13
FNX-020,VIP 70,70,Axe Lourd (Yaoundé-Douala),Yaoundé-Edea-Douala,09:20,2026-10-13
FNX-007,VIP 70,70,Axe Lourd (Douala-Yaoundé),Douala-Edea-Yaoundé,09:40,2026-10-13
FNX-001,VIP 50,50,Axe Lourd (Yaoundé-Douala),Yaoundé-Edea-Douala,09:40,2026-10-13
FNX-008,VIP 70,70,Axe Lourd (Douala-Yaoundé),Douala-Edea-Yaoundé,10:00,2026-10-13
FNX-002,VIP 50,50,Axe Lourd (Yaoundé-Douala),Yaoundé-Edea-Douala,10:00,2026-10-13
FNX-009,VIP 70,70,Axe Lourd (Douala-Yaoundé),Douala-Edea-Yaoundé,10:20,2026-10-13
FNX-003,VIP 50,50,Axe Lourd (Yaoundé-Douala),Yaoundé-Edea-Douala,10:20,2026-10-13
FNX-010,VIP 50,50,Axe Lourd (Douala-Yaoundé),Douala-Edea-Yaoundé,10:40,2026-10-13
FNX-004,VIP 50,50,Axe Lourd (Yaoundé-Douala),Yaoundé-Edea-Douala,10:40,2026-10-13
FNX-011,VIP 50,50,Axe Lourd (Douala-Yaoundé),Douala-Edea-Yaoundé,11:00,2026-10-13
FNX-005,VIP 70,70,Axe Lourd (Yaoundé-Douala),Yaoundé-Edea-Douala,11:00,2026-10-13
FNX-012,VIP 50,50,Axe Lourd (Douala-Yaoundé),Douala-Edea-Yaoundé,11:20,2026-10-13
FNX-006,VIP 50,50,Axe Lourd (Yaoundé-Douala),Yaoundé-Edea-Douala,11:20,2026-10-13
FNX-013,VIP 70,70,Axe Lourd (Douala-Yaoundé),Douala-Edea-Yaoundé,11:40,2026-10-13
FNX-021,VIP 70,70,Axe Lourd (Yaoundé-Douala),Yaoundé-Edea-Douala,11:40,2026-10-13
FNX-014,VIP 50,50,Axe Lourd (Douala-Yaoundé),Douala-Edea-Yaoundé,12:00,2026-10-13
FNX-022,VIP 50,50,Axe Lourd (Yaoundé-Douala),Yaoundé-Edea-Douala,12:00,2026-10-13
FNX-015,VIP 50,50,Axe Lourd (Douala-Yaoundé),Douala-Edea-Yaoundé,12:20,2026-10-13
FNX-023,VIP 50,50,Axe Lourd (Yaoundé-Douala),Yaoundé-Edea-Douala,12:20,2026-10-13
FNX-016,VIP 50,50,Axe Lourd (Douala-Yaoundé),Douala-Edea-Yaoundé,12:40,2026-10-13
FNX-024,VIP 50,50,Axe Lourd (Yaoundé-Douala),Yaoundé-Edea-Douala,12:40,2026-10-13
FNX-017,VIP 50,50,Axe Lourd (Douala-Yaoundé),Douala-Edea-Yaoundé,13:00,2026-10-13
FNX-025,VIP 50,50,Axe Lourd (Yaoundé-Douala),Yaoundé-Edea-Douala,13:00,2026-10-13
FNX-018,VIP 70,70,Axe Lourd (Douala-Yaoundé),Douala-Edea-Yaoundé,13:20,2026-10-13
FNX-026,VIP 50,50,Axe Lourd (Yaoundé-Douala),Yaoundé-Edea-Douala,13:20,2026-10-13
FNX-019,VIP 50,50,Axe Lourd (Douala-Yaoundé),Douala-Edea-Yaoundé,13:40,2026-10-13
FNX-027,VIP 70,70,Axe Lourd (Yaoundé-Douala),Yaoundé-Edea-Douala,13:40,2026-10-13
FNX-020,VIP 70,70,Axe Lourd (Douala-Yaoundé),Douala-Edea-Yaoundé,14:00,2026-10-13
FNX-028,VIP 50,50,Axe Lourd (Yaoundé-Douala),Yaoundé-Edea-Douala,14:00,2026-10-13
FNX-001,VIP 50,50,Axe Lourd (Douala-Yaoundé),Douala-Edea-Yaoundé,14:20,2026-10-13
FNX-007,VIP 70,70,Axe Lourd (Yaoundé-Douala),Yaoundé-Edea-Douala,14:20,2026-10-13
FNX-002,VIP 50,50,Axe Lourd (Douala-Yaoundé),Douala-Edea-Yaoundé,14:40,2026-10-13
FNX-008,VIP 70,70,Axe Lourd (Yaoundé-Douala),Yaoundé-Edea-Douala,14:40,2026-10-13
FNX-003,VIP 50,50,Axe Lourd (Douala-Yaoundé),Douala-Edea-Yaoundé,15:00,2026-10-13
FNX-009,VIP 70,70,Axe Lourd (Yaoundé-Douala),Yaoundé-Edea-Douala,15:00,2026-10-13
FNX-004,VIP 50,50,Axe Lourd (Douala-Yaoundé),Douala-Edea-Yaoundé,15:20,2026-10-13
FNX-010,VIP 50,50,Axe Lourd (Yaoundé-Douala),Yaoundé-Edea-Douala,15:20,2026-10-13
FNX-005,VIP 70,70,Axe Lourd (Douala-Yaoundé),Douala-Edea-Yaoundé,15:40,2026-10-13
FNX-011,VIP 50,50,Axe Lourd (Yaoundé-Douala),Yaoundé-Edea-Douala,15:40,2026-10-13
FNX-006,VIP 50,50,Axe Lourd (Douala-Yaoundé),Douala-Edea-Yaoundé,16:00,2026-10-13
FNX-012,VIP 50,50,Axe Lourd (Yaoundé-Douala),Yaoundé-Edea-Douala,16:00,2026-10-13
FNX-021,VIP 70,70,Axe Lourd (Douala-Yaoundé),Douala-Edea-Yaoundé,16:20,2026-10-13
FNX-013,VIP 70,70,Axe Lourd (Yaoundé-Douala),Yaoundé-Edea-Douala,16:20,2026-10-13
FNX-022,VIP 50,50,Axe Lourd (Douala-Yaoundé),Douala-Edea-Yaoundé,16:40,2026-10-13
FNX-014,VIP 50,50,Axe Lourd (Yaoundé-Douala),Yaoundé-Edea-Douala,16:40,2026-10-13
FNX-023,VIP 50,50,Axe Lourd (Douala-Yaoundé),Douala-Edea-Yaoundé,17:00,2026-10-13
FNX-015,VIP 50,50,Axe Lourd (Yaoundé-Douala),Yaoundé-Edea-Douala,17:00,2026-10-13
FNX-024,VIP 50,50,Axe Lourd (Douala-Yaoundé),Douala-Edea-Yaoundé,17:20,2026-10-13
FNX-016,VIP 50,50,Axe Lourd (Yaoundé-Douala),Yaoundé-Edea-Douala,17:20,2026-10-13
FNX-025,VIP 50,50,Axe Lourd (Douala-Yaoundé),Douala-Edea-Yaoundé,17:40,2026-10-13
FNX-017,VIP 50,50,Axe Lourd (Yaoundé-Douala),Yaoundé-Edea-Douala,17:40,2026-10-13
FNX-026,VIP 50,50,Axe Lourd (Douala-Yaoundé),Douala-Edea-Yaoundé,18:00,2026-10-13
FNX-018,VIP 70,70,Axe Lourd (Yaoundé-Douala),Yaoundé-Edea-Douala,18:00,2026-10-13
FNX-027,VIP 70,70,Axe Lourd (Douala-Yaoundé),Douala-Edea-Yaoundé,18:20,2026-10-13
FNX-019,VIP 50,50,Axe Lourd (Yaoundé-Douala),Yaoundé-Edea-Douala,18:20,2026-10-13
FNX-028,VIP 50,50,Axe Lourd (Douala-Yaoundé),Douala-Edea-Yaoundé,18:40,2026-10-13
FNX-020,VIP 70,70,Axe Lourd (Yaoundé-Douala),Yaoundé-Edea-Douala,18:40,2026-10-13
FNX-007,VIP 70,70,Axe Lourd (Douala-Yaoundé),Douala-Edea-Yaoundé,19:00,2026-10-13
FNX-001,VIP 50,50,Axe Lourd (Yaoundé-Douala),Yaoundé-Edea-Douala,19:00,2026-10-13
FNX-008,VIP 70,70,Axe Lourd (Douala-Yaoundé),Douala-Edea-Yaoundé,19:20,2026-10-13
FNX-002,VIP 50,50,Axe Lourd (Yaoundé-Douala),Yaoundé-Edea-Douala,19:20,2026-10-13
FNX-009,VIP 70,70,Axe Lourd (Douala-Yaoundé),Douala-Edea-Yaoundé,19:40,2026-10-13
FNX-003,VIP 50,50,Axe Lourd (Yaoundé-Douala),Yaoundé-Edea-Douala,19:40,2026-10-13
FNX-010,VIP 50,50,Axe Lourd (Douala-Yaoundé),Douala-Edea-Yaoundé,20:00,2026-10-13
FNX-004,VIP 50,50,Axe Lourd (Yaoundé-Douala),Yaoundé-Edea-Douala,20:00,2026-10-13
FNX-011,VIP 50,50,Axe Lourd (Douala-Yaoundé),Douala-Edea-Yaoundé,20:20,2026-10-13
FNX-005,VIP 70,70,Axe Lourd (Yaoundé-Douala),Yaoundé-Edea-Douala,20:20,2026-10-13
FNX-012,VIP 50,50,Axe Lourd (Douala-Yaoundé),Douala-Edea-Yaoundé,20:40,2026-10-13
FNX-006,VIP 50,50,Axe Lourd (Yaoundé-Douala),Yaoundé-Edea-Douala,20:40,2026-10-13
FNX-001,VIP 50,50,Axe Lourd (Douala-Yaoundé),Douala-Edea-Yaoundé,05:00,2026-10-14
FNX-007,VIP 70,70,Axe Lourd (Yaoundé-Douala),Yaoundé-Edea-Douala,05:00,2026-10-14
FNX-002,VIP 50,50,Axe Lourd (Douala-Yaoundé),Douala-Edea-Yaoundé,05:20,2026-10-14
FNX-008,VIP 70,70,Axe Lourd (Yaoundé-Douala),Yaoundé-Edea-Douala,05:20,2026-10-14
FNX-003,VIP 50,50,Axe Lourd (Douala-Yaoundé),Douala-Edea-Yaoundé,05:40,2026-10-14
FNX-009,VIP 70,70,Axe Lourd (Yaoundé-Douala),Yaoundé-Edea-Douala,05:40,2026-10-14
FNX-004,VIP 50,50,Axe Lourd (Douala-Yaoundé),Douala-Edea-Yaoundé,06:00,2026-10-14
FNX-010,VIP 50,50,Axe Lourd (Yaoundé-Douala),Yaoundé-Edea-Douala,06:00,2026-10-14
FNX-005,VIP 70,70,Axe Lourd (Douala-Yaoundé),Douala-Edea-Yaoundé,06:20,2026-10-14
FNX-011,VIP 50,50,Axe Lourd (Yaoundé-Douala),Yaoundé-Edea-Douala,06:20,2026-10-14
FNX-006,VIP 50,50,Axe Lourd (Douala-Yaoundé),Douala-Edea-Yaoundé,06:40,2026-10-14
FNX-012,VIP 50,50,Axe Lourd (Yaoundé-Douala),Yaoundé-Edea-Douala,06:40,2026-10-14
FNX-013,VIP 70,70,Axe Lourd (Douala-Yaoundé),Douala-Edea-Yaoundé,07:00,2026-10-14
FNX-021,VIP 70,70,Axe Lourd (Yaoundé-Douala),Yaoundé-Edea-Douala,07:00,2026-10-14
FNX-014,VIP 50,50,Axe Lourd (Douala-Yaoundé),Douala-Edea-Yaoundé,07:20,2026-10-14
FNX-022,VIP 50,50,Axe Lourd (Yaoundé-Douala),Yaoundé-Edea-Douala,07:20,2026-10-14
FNX-015,VIP 50,50,Axe Lourd (Douala-Yaoundé),Douala-Edea-Yaoundé,07:40,2026-10-14
FNX-023,VIP 50,50,Axe Lourd (Yaoundé-Douala),Yaoundé-Edea-Douala,07:40,2026-10-14
FNX-016,VIP 50,50,Axe Lourd (Douala-Yaoundé),Douala-Edea-Yaoundé,08:00,2026-10-14
FNX-024,VIP 50,50,Axe Lourd (Yaoundé-Douala),Yaoundé-Edea-Douala,08:00,2026-10-14
FNX-017,VIP 50,50,Axe Lourd (Douala-Yaoundé),Douala-Edea-Yaoundé,08:20,2026-10-14
FNX-025,VIP 50,50,Axe Lourd (Yaoundé-Douala),Yaoundé-Edea-Douala,08:20,2026-10-14
FNX-018,VIP 70,70,Axe Lourd (Douala-Yaoundé),Douala-Edea-Yaoundé,08:40,2026-10-14
FNX-026,VIP 50,50,Axe Lourd (Yaoundé-Douala),Yaoundé-Edea-Douala,08:40,2026-10-14
FNX-019,VIP 50,50,Axe Lourd (Douala-Yaoundé),Douala-Edea-Yaoundé,09:00,2026-10-14
FNX-027,VIP 70,70,Axe Lourd (Yaoundé-Douala),Yaoundé-Edea-Douala,09:00,2026-10-14
FNX-020,VIP 70,70,Axe Lourd (Douala-Yaoundé),Douala-Edea-Yaoundé,09:20,2026-10-14
FNX-028,VIP 50,50,Axe Lourd (Yaoundé-Douala),Yaoundé-Edea-Douala,09:20,2026-10-14
FNX-007,VIP 70,70,Axe Lourd (Douala-Yaoundé),Douala-Edea-Yaoundé,09:40,2026-10-14
FNX-001,VIP 50,50,Axe Lourd (Yaoundé-Douala),Yaoundé-Edea-Douala,09:40,2026-10-14
FNX-008,VIP 70,70,Axe Lourd (Douala-Yaoundé),Douala-Edea-Yaoundé,10:00,2026-10-14
FNX-002,VIP 50,50,Axe Lourd (Yaoundé-Douala),Yaoundé-Edea-Douala,10:00,2026-10-14
FNX-009,VIP 70,70,Axe Lourd (Douala-Yaoundé),Douala-Edea-Yaoundé,10:20,2026-10-14
FNX-003,VIP 50,50,Axe Lourd (Yaoundé-Douala),Yaoundé-Edea-Douala,10:20,2026-10-14
FNX-010,VIP 50,50,Axe Lourd (Douala-Yaoundé),Douala-Edea-Yaoundé,10:40,2026-10-14
FNX-004,VIP 50,50,Axe Lourd (Yaoundé-Douala),Yaoundé-Edea-Douala,10:40,2026-10-14
FNX-011,VIP 50,50,Axe Lourd (Douala-Yaoundé),Douala-Edea-Yaoundé,11:00,2026-10-14
FNX-005,VIP 70,70,Axe Lourd (Yaoundé-Douala),Yaoundé-Edea-Douala,11:00,2026-10-14
FNX-012,VIP 50,50,Axe Lourd (Douala-Yaoundé),Douala-Edea-Yaoundé,11:20,2026-10-14
FNX-006,VIP 50,50,Axe Lourd (Yaoundé-Douala),Yaoundé-Edea-Douala,11:20,2026-10-14
FNX-021,VIP 70,70,Axe Lourd (Douala-Yaoundé),Douala-Edea-Yaoundé,11:40,2026-10-14
FNX-013,VIP 70,70,Axe Lourd (Yaoundé-Douala),Yaoundé-Edea-Douala,11:40,2026-10-14
FNX-022,VIP 50,50,Axe Lourd (Douala-Yaoundé),Douala-Edea-Yaoundé,12:00,2026-10-14
FNX-014,VIP 50,50,Axe Lourd (Yaoundé-Douala),Yaoundé-Edea-Douala,12:00,2026-10-14
FNX-023,VIP 50,50,Axe Lourd (Douala-Yaoundé),Douala-Edea-Yaoundé,12:20,2026-10-14
FNX-015,VIP 50,50,Axe Lourd (Yaoundé-Douala),Yaoundé-Edea-Douala,12:20,2026-10-14
FNX-024,VIP 50,50,Axe Lourd (Douala-Yaoundé),Douala-Edea-Yaoundé,12:40,2026-10-14
FNX-016,VIP 50,50,Axe Lourd (Yaoundé-Douala),Yaoundé-Edea-Douala,12:40,2026-10-14
FNX-025,VIP 50,50,Axe Lourd (Douala-Yaoundé),Douala-Edea-Yaoundé,13:00,2026-10-14
FNX-017,VIP 50,50,Axe Lourd (Yaoundé-Douala),Yaoundé-Edea-Douala,13:00,2026-10-14
FNX-026,VIP 50,50,Axe Lourd (Douala-Yaoundé),Douala-Edea-Yaoundé,13:20,2026-10-14
FNX-018,VIP 70,70,Axe Lourd (Yaoundé-Douala),Yaoundé-Edea-Douala,13:20,2026-10-14
FNX-027,VIP 70,70,Axe Lourd (Douala-Yaoundé),Douala-Edea-Yaoundé,13:40,2026-10-14
FNX-019,VIP 50,50,Axe Lourd (Yaoundé-Douala),Yaoundé-Edea-Douala,13:40,2026-10-14
FNX-028,VIP 50,50,Axe Lourd (Douala-Yaoundé),Douala-Edea-Yaoundé,14:00,2026-10-14
FNX-020,VIP 70,70,Axe Lourd (Yaoundé-Douala),Yaoundé-Edea-Douala,14:00,2026-10-14
FNX-001,VIP 50,50,Axe Lourd (Douala-Yaoundé),Douala-Edea-Yaoundé,14:20,2026-10-14
FNX-007,VIP 70,70,Axe Lourd (Yaoundé-Douala),Yaoundé-Edea-Douala,14:20,2026-10-14
FNX-002,VIP 50,50,Axe Lourd (Douala-Yaoundé),Douala-Edea-Yaoundé,14:40,2026-10-14
FNX-008,VIP 70,70,Axe Lourd (Yaoundé-Douala),Yaoundé-Edea-Douala,14:40,2026-10-14
FNX-003,VIP 50,50,Axe Lourd (Douala-Yaoundé),Douala-Edea-Yaoundé,15:00,2026-10-14
FNX-009,VIP 70,70,Axe Lourd (Yaoundé-Douala),Yaoundé-Edea-Douala,15:00,2026-10-14
FNX-004,VIP 50,50,Axe Lourd (Douala-Yaoundé),Douala-Edea-Yaoundé,15:20,2026-10-14
FNX-010,VIP 50,50,Axe Lourd (Yaoundé-Douala),Yaoundé-Edea-Douala,15:20,2026-10-14
FNX-005,VIP 70,70,Axe Lourd (Douala-Yaoundé),Douala-Edea-Yaoundé,15:40,2026-10-14
FNX-011,VIP 50,50,Axe Lourd (Yaoundé-Douala),Yaoundé-Edea-Douala,15:40,2026-10-14
FNX-006,VIP 50,50,Axe Lourd (Douala-Yaoundé),Douala-Edea-Yaoundé,16:00,2026-10-14
FNX-012,VIP 50,50,Axe Lourd (Yaoundé-Douala),Yaoundé-Edea-Douala,16:00,2026-10-14
FNX-013,VIP 70,70,Axe Lourd (Douala-Yaoundé),Douala-Edea-Yaoundé,16:20,2026-10-14
FNX-021,VIP 70,70,Axe Lourd (Yaoundé-Douala),Yaoundé-Edea-Douala,16:20,2026-10-14
FNX-014,VIP 50,50,Axe Lourd (Douala-Yaoundé),Douala-Edea-Yaoundé,16:40,2026-10-14
FNX-022,VIP 50,50,Axe Lourd (Yaoundé-Douala),Yaoundé-Edea-Douala,16:40,2026-10-14
FNX-015,VIP 50,50,Axe Lourd (Douala-Yaoundé),Douala-Edea-Yaoundé,17:00,2026-10-14
FNX-023,VIP 50,50,Axe Lourd (Yaoundé-Douala),Yaoundé-Edea-Douala,17:00,2026-10-14
FNX-016,VIP 50,50,Axe Lourd (Douala-Yaoundé),Douala-Edea-Yaoundé,17:20,2026-10-14
FNX-024,VIP 50,50,Axe Lourd (Yaoundé-Douala),Yaoundé-Edea-Douala,17:20,2026-10-14
FNX-017,VIP 50,50,Axe Lourd (Douala-Yaoundé),Douala-Edea-Yaoundé,17:40,2026-10-14
FNX-025,VIP 50,50,Axe Lourd (Yaoundé-Douala),Yaoundé-Edea-Douala,17:40,2026-10-14
FNX-018,VIP 70,70,Axe Lourd (Douala-Yaoundé),Douala-Edea-Yaoundé,18:00,2026-10-14
FNX-026,VIP 50,50,Axe Lourd (Yaoundé-Douala),Yaoundé-Edea-Douala,18:00,2026-10-14
FNX-019,VIP 50,50,Axe Lourd (Douala-Yaoundé),Douala-Edea-Yaoundé,18:20,2026-10-14
FNX-027,VIP 70,70,Axe Lourd (Yaoundé-Douala),Yaoundé-Edea-Douala,18:20,2026-10-14
FNX-020,VIP 70,70,Axe Lourd (Douala-Yaoundé),Douala-Edea-Yaoundé,18:40,2026-10-14
FNX-028,VIP 50,50,Axe Lourd (Yaoundé-Douala),Yaoundé-Edea-Douala,18:40,2026-10-14
FNX-007,VIP 70,70,Axe Lourd (Douala-Yaoundé),Douala-Edea-Yaoundé,19:00,2026-10-14
FNX-001,VIP 50,50,Axe Lourd (Yaoundé-Douala),Yaoundé-Edea-Douala,19:00,2026-10-14
FNX-008,VIP 70,70,Axe Lourd (Douala-Yaoundé),Douala-Edea-Yaoundé,19:20,2026-10-14
FNX-002,VIP 50,50,Axe Lourd (Yaoundé-Douala),Yaoundé-Edea-Douala,19:20,2026-10-14
FNX-009,VIP 70,70,Axe Lourd (Douala-Yaoundé),Douala-Edea-Yaoundé,19:40,2026-10-14
FNX-003,VIP 50,50,Axe Lourd (Yaoundé-Douala),Yaoundé-Edea-Douala,19:40,2026-10-14
FNX-010,VIP 50,50,Axe Lourd (Douala-Yaoundé),Douala-Edea-Yaoundé,20:00,2026-10-14
FNX-004,VIP 50,50,Axe Lourd (Yaoundé-Douala),Yaoundé-Edea-Douala,20:00,2026-10-14
FNX-011,VIP 50,50,Axe Lourd (Douala-Yaoundé),Douala-Edea-Yaoundé,20:20,2026-10-14
FNX-005,VIP 70,70,Axe Lourd (Yaoundé-Douala),Yaoundé-Edea-Douala,20:20,2026-10-14
FNX-012,VIP 50,50,Axe Lourd (Douala-Yaoundé),Douala-Edea-Yaoundé,20:40,2026-10-14
FNX-006,VIP 50,50,Axe Lourd (Yaoundé-Douala),Yaoundé-Edea-Douala,20:40,2026-10-14
FNX-001,VIP 50,50,Axe Lourd (Douala-Yaoundé),Douala-Edea-Yaoundé,05:00,2026-10-15
FNX-007,VIP 70,70,Axe Lourd (Yaoundé-Douala),Yaoundé-Edea-Douala,05:00,2026-10-15
FNX-002,VIP 50,50,Axe Lourd (Douala-Yaoundé),Douala-Edea-Yaoundé,05:20,2026-10-15
FNX-008,VIP 70,70,Axe Lourd (Yaoundé-Douala),Yaoundé-Edea-Douala,05:20,2026-10-15
FNX-003,VIP 50,50,Axe Lourd (Douala-Yaoundé),Douala-Edea-Yaoundé,05:40,2026-10-15
FNX-009,VIP 70,70,Axe Lourd (Yaoundé-Douala),Yaoundé-Edea-Douala,05:40,2026-10-15
FNX-004,VIP 50,50,Axe Lourd (Douala-Yaoundé),Douala-Edea-Yaoundé,06:00,2026-10-15
FNX-010,VIP 50,50,Axe Lourd (Yaoundé-Douala),Yaoundé-Edea-Douala,06:00,2026-10-15
FNX-005,VIP 70,70,Axe Lourd (Douala-Yaoundé),Douala-Edea-Yaoundé,06:20,2026-10-15
FNX-011,VIP 50,50,Axe Lourd (Yaoundé-Douala),Yaoundé-Edea-Douala,06:20,2026-10-15
FNX-006,VIP 50,50,Axe Lourd (Douala-Yaoundé),Douala-Edea-Yaoundé,06:40,2026-10-15
FNX-012,VIP 50,50,Axe Lourd (Yaoundé-Douala),Yaoundé-Edea-Douala,06:40,2026-10-15
FNX-021,VIP 70,70,Axe Lourd (Douala-Yaoundé),Douala-Edea-Yaoundé,07:00,2026-10-15
FNX-013,VIP 70,70,Axe Lourd (Yaoundé-Douala),Yaoundé-Edea-Douala,07:00,2026-10-15
FNX-022,VIP 50,50,Axe Lourd (Douala-Yaoundé),Douala-Edea-Yaoundé,07:20,2026-10-15
FNX-014,VIP 50,50,Axe Lourd (Yaoundé-Douala),Yaoundé-Edea-Douala,07:20,2026-10-15
FNX-023,VIP 50,50,Axe Lourd (Douala-Yaoundé),Douala-Edea-Yaoundé,07:40,2026-10-15
FNX-015,VIP 50,50,Axe Lourd (Yaoundé-Douala),Yaoundé-Edea-Douala,07:40,2026-10-15
FNX-024,VIP 50,50,Axe Lourd (Douala-Yaoundé),Douala-Edea-Yaoundé,08:00,2026-10-15
FNX-016,VIP 50,50,Axe Lourd (Yaoundé-Douala),Yaoundé-Edea-Douala,08:00,2026-10-15
FNX-025,VIP 50,50,Axe Lourd (Douala-Yaoundé),Douala-Edea-Yaoundé,08:20,2026-10-15
FNX-017,VIP 50,50,Axe Lourd (Yaoundé-Douala),Yaoundé-Edea-Douala,08:20,2026-10-15
FNX-026,VIP 50,50,Axe Lourd (Douala-Yaoundé),Douala-Edea-Yaoundé,08:40,2026-10-15
FNX-018,VIP 70,70,Axe Lourd (Yaoundé-Douala),Yaoundé-Edea-Douala,08:40,2026-10-15
FNX-027,VIP 70,70,Axe Lourd (Douala-Yaoundé),Douala-Edea-Yaoundé,09:00,2026-10-15
FNX-019,VIP 50,50,Axe Lourd (Yaoundé-Douala),Yaoundé-Edea-Douala,09:00,2026-10-15
FNX-028,VIP 50,50,Axe Lourd (Douala-Yaoundé),Douala-Edea-Yaoundé,09:20,2026-10-15
FNX-020,VIP 70,70,Axe Lourd (Yaoundé-Douala),Yaoundé-Edea-Douala,09:20,2026-10-15
FNX-007,VIP 70,70,Axe Lourd (Douala-Yaoundé),Douala-Edea-Yaoundé,09:40,2026-10-15
FNX-001,VIP 50,50,Axe Lourd (Yaoundé-Douala),Yaoundé-Edea-Douala,09:40,2026-10-15
FNX-008,VIP 70,70,Axe Lourd (Douala-Yaoundé),Douala-Edea-Yaoundé,10:00,2026-10-15
FNX-002,VIP 50,50,Axe Lourd (Yaoundé-Douala),Yaoundé-Edea-Douala,10:00,2026-10-15
FNX-009,VIP 70,70,Axe Lourd (Douala-Yaoundé),Douala-Edea-Yaoundé,10:20,2026-10-15
FNX-003,VIP 50,50,Axe Lourd (Yaoundé-Douala),Yaoundé-Edea-Douala,10:20,2026-10-15
FNX-010,VIP 50,50,Axe Lourd (Douala-Yaoundé),Douala-Edea-Yaoundé,10:40,2026-10-15
FNX-004,VIP 50,50,Axe Lourd (Yaoundé-Douala),Yaoundé-Edea-Douala,10:40,2026-10-15
FNX-011,VIP 50,50,Axe Lourd (Douala-Yaoundé),Douala-Edea-Yaoundé,11:00,2026-10-15
FNX-005,VIP 70,70,Axe Lourd (Yaoundé-Douala),Yaoundé-Edea-Douala,11:00,2026-10-15
FNX-012,VIP 50,50,Axe Lourd (Douala-Yaoundé),Douala-Edea-Yaoundé,11:20,2026-10-15
FNX-006,VIP 50,50,Axe Lourd (Yaoundé-Douala),Yaoundé-Edea-Douala,11:20,2026-10-15
FNX-013,VIP 70,70,Axe Lourd (Douala-Yaoundé),Douala-Edea-Yaoundé,11:40,2026-10-15
FNX-021,VIP 70,70,Axe Lourd (Yaoundé-Douala),Yaoundé-Edea-Douala,11:40,2026-10-15
FNX-014,VIP 50,50,Axe Lourd (Douala-Yaoundé),Douala-Edea-Yaoundé,12:00,2026-10-15
FNX-022,VIP 50,50,Axe Lourd (Yaoundé-Douala),Yaoundé-Edea-Douala,12:00,2026-10-15
FNX-015,VIP 50,50,Axe Lourd (Douala-Yaoundé),Douala-Edea-Yaoundé,12:20,2026-10-15
FNX-023,VIP 50,50,Axe Lourd (Yaoundé-Douala),Yaoundé-Edea-Douala,12:20,2026-10-15
FNX-016,VIP 50,50,Axe Lourd (Douala-Yaoundé),Douala-Edea-Yaoundé,12:40,2026-10-15
FNX-024,VIP 50,50,Axe Lourd (Yaoundé-Douala),Yaoundé-Edea-Douala,12:40,2026-10-15
FNX-017,VIP 50,50,Axe Lourd (Douala-Yaoundé),Douala-Edea-Yaoundé,13:00,2026-10-15
FNX-025,VIP 50,50,Axe Lourd (Yaoundé-Douala),Yaoundé-Edea-Douala,13:00,2026-10-15
FNX-018,VIP 70,70,Axe Lourd (Douala-Yaoundé),Douala-Edea-Yaoundé,13:20,2026-10-15
FNX-026,VIP 50,50,Axe Lourd (Yaoundé-Douala),Yaoundé-Edea-Douala,13:20,2026-10-15
FNX-019,VIP 50,50,Axe Lourd (Douala-Yaoundé),Douala-Edea-Yaoundé,13:40,2026-10-15
FNX-027,VIP 70,70,Axe Lourd (Yaoundé-Douala),Yaoundé-Edea-Douala,13:40,2026-10-15
FNX-020,VIP 70,70,Axe Lourd (Douala-Yaoundé),Douala-Edea-Yaoundé,14:00,2026-10-15
FNX-028,VIP 50,50,Axe Lourd (Yaoundé-Douala),Yaoundé-Edea-Douala,14:00,2026-10-15
FNX-001,VIP 50,50,Axe Lourd (Douala-Yaoundé),Douala-Edea-Yaoundé,14:20,2026-10-15
FNX-007,VIP 70,70,Axe Lourd (Yaoundé-Douala),Yaoundé-Edea-Douala,14:20,2026-10-15
FNX-002,VIP 50,50,Axe Lourd (Douala-Yaoundé),Douala-Edea-Yaoundé,14:40,2026-10-15
FNX-008,VIP 70,70,Axe Lourd (Yaoundé-Douala),Yaoundé-Edea-Douala,14:40,2026-10-15
FNX-003,VIP 50,50,Axe Lourd (Douala-Yaoundé),Douala-Edea-Yaoundé,15:00,2026-10-15
FNX-009,VIP 70,70,Axe Lourd (Yaoundé-Douala),Yaoundé-Edea-Douala,15:00,2026-10-15
FNX-004,VIP 50,50,Axe Lourd (Douala-Yaoundé),Douala-Edea-Yaoundé,15:20,2026-10-15
FNX-010,VIP 50,50,Axe Lourd (Yaoundé-Douala),Yaoundé-Edea-Douala,15:20,2026-10-15
FNX-005,VIP 70,70,Axe Lourd (Douala-Yaoundé),Douala-Edea-Yaoundé,15:40,2026-10-15
FNX-011,VIP 50,50,Axe Lourd (Yaoundé-Douala),Yaoundé-Edea-Douala,15:40,2026-10-15
FNX-006,VIP 50,50,Axe Lourd (Douala-Yaoundé),Douala-Edea-Yaoundé,16:00,2026-10-15
FNX-012,VIP 50,50,Axe Lourd (Yaoundé-Douala),Yaoundé-Edea-Douala,16:00,2026-10-15
FNX-021,VIP 70,70,Axe Lourd (Douala-Yaoundé),Douala-Edea-Yaoundé,16:20,2026-10-15
FNX-013,VIP 70,70,Axe Lourd (Yaoundé-Douala),Yaoundé-Edea-Douala,16:20,2026-10-15
FNX-022,VIP 50,50,Axe Lourd (Douala-Yaoundé),Douala-Edea-Yaoundé,16:40,2026-10-15
FNX-014,VIP 50,50,Axe Lourd (Yaoundé-Douala),Yaoundé-Edea-Douala,16:40,2026-10-15
FNX-023,VIP 50,50,Axe Lourd (Douala-Yaoundé),Douala-Edea-Yaoundé,17:00,2026-10-15
FNX-015,VIP 50,50,Axe Lourd (Yaoundé-Douala),Yaoundé-Edea-Douala,17:00,2026-10-15
FNX-024,VIP 50,50,Axe Lourd (Douala-Yaoundé),Douala-Edea-Yaoundé,17:20,2026-10-15
FNX-016,VIP 50,50,Axe Lourd (Yaoundé-Douala),Yaoundé-Edea-Douala,17:20,2026-10-15
FNX-025,VIP 50,50,Axe Lourd (Douala-Yaoundé),Douala-Edea-Yaoundé,17:40,2026-10-15
FNX-017,VIP 50,50,Axe Lourd (Yaoundé-Douala),Yaoundé-Edea-Douala,17:40,2026-10-15
FNX-026,VIP 50,50,Axe Lourd (Douala-Yaoundé),Douala-Edea-Yaoundé,18:00,2026-10-15
FNX-018,VIP 70,70,Axe Lourd (Yaoundé-Douala),Yaoundé-Edea-Douala,18:00,2026-10-15
FNX-027,VIP 70,70,Axe Lourd (Douala-Yaoundé),Douala-Edea-Yaoundé,18:20,2026-10-15
FNX-019,VIP 50,50,Axe Lourd (Yaoundé-Douala),Yaoundé-Edea-Douala,18:20,2026-10-15
FNX-028,VIP 50,50,Axe Lourd (Douala-Yaoundé),Douala-Edea-Yaoundé,18:40,2026-10-15
FNX-020,VIP 70,70,Axe Lourd (Yaoundé-Douala),Yaoundé-Edea-Douala,18:40,2026-10-15
FNX-007,VIP 70,70,Axe Lourd (Douala-Yaoundé),Douala-Edea-Yaoundé,19:00,2026-10-15
FNX-001,VIP 50,50,Axe Lourd (Yaoundé-Douala),Yaoundé-Edea-Douala,19:00,2026-10-15
FNX-008,VIP 70,70,Axe Lourd (Douala-Yaoundé),Douala-Edea-Yaoundé,19:20,2026-10-15
FNX-002,VIP 50,50,Axe Lourd (Yaoundé-Douala),Yaoundé-Edea-Douala,19:20,2026-10-15
FNX-009,VIP 70,70,Axe Lourd (Douala-Yaoundé),Douala-Edea-Yaoundé,19:40,2026-10-15
FNX-003,VIP 50,50,Axe Lourd (Yaoundé-Douala),Yaoundé-Edea-Douala,19:40,2026-10-15
FNX-010,VIP 50,50,Axe Lourd (Douala-Yaoundé),Douala-Edea-Yaoundé,20:00,2026-10-15
FNX-004,VIP 50,50,Axe Lourd (Yaoundé-Douala),Yaoundé-Edea-Douala,20:00,2026-10-15
FNX-011,VIP 50,50,Axe Lourd (Douala-Yaoundé),Douala-Edea-Yaoundé,20:20,2026-10-15
FNX-005,VIP 70,70,Axe Lourd (Yaoundé-Douala),Yaoundé-Edea-Douala,20:20,2026-10-15
FNX-012,VIP 50,50,Axe Lourd (Douala-Yaoundé),Douala-Edea-Yaoundé,20:40,2026-10-15
FNX-006,VIP 50,50,Axe Lourd (Yaoundé-Douala),Yaoundé-Edea-Douala,20:40,2026-10-15
FNX-001,VIP 50,50,Axe Lourd (Douala-Yaoundé),Douala-Edea-Yaoundé,05:00,2026-10-16
FNX-007,VIP 70,70,Axe Lourd (Yaoundé-Douala),Yaoundé-Edea-Douala,05:00,2026-10-16
FNX-002,VIP 50,50,Axe Lourd (Douala-Yaoundé),Douala-Edea-Yaoundé,05:20,2026-10-16
FNX-008,VIP 70,70,Axe Lourd (Yaoundé-Douala),Yaoundé-Edea-Douala,05:20,2026-10-16
FNX-003,VIP 50,50,Axe Lourd (Douala-Yaoundé),Douala-Edea-Yaoundé,05:40,2026-10-16
FNX-009,VIP 70,70,Axe Lourd (Yaoundé-Douala),Yaoundé-Edea-Douala,05:40,2026-10-16
FNX-004,VIP 50,50,Axe Lourd (Douala-Yaoundé),Douala-Edea-Yaoundé,06:00,2026-10-16
FNX-010,VIP 50,50,Axe Lourd (Yaoundé-Douala),Yaoundé-Edea-Douala,06:00,2026-10-16
FNX-005,VIP 70,70,Axe Lourd (Douala-Yaoundé),Douala-Edea-Yaoundé,06:20,2026-10-16
FNX-011,VIP 50,50,Axe Lourd (Yaoundé-Douala),Yaoundé-Edea-Douala,06:20,2026-10-16
FNX-006,VIP 50,50,Axe Lourd (Douala-Yaoundé),Douala-Edea-Yaoundé,06:40,2026-10-16
FNX-012,VIP 50,50,Axe Lourd (Yaoundé-Douala),Yaoundé-Edea-Douala,06:40,2026-10-16
FNX-013,VIP 70,70,Axe Lourd (Douala-Yaoundé),Douala-Edea-Yaoundé,07:00,2026-10-16
FNX-021,VIP 70,70,Axe Lourd (Yaoundé-Douala),Yaoundé-Edea-Douala,07:00,2026-10-16
FNX-014,VIP 50,50,Axe Lourd (Douala-Yaoundé),Douala-Edea-Yaoundé,07:20,2026-10-16
FNX-022,VIP 50,50,Axe Lourd (Yaoundé-Douala),Yaoundé-Edea-Douala,07:20,2026-10-16
FNX-015,VIP 50,50,Axe Lourd (Douala-Yaoundé),Douala-Edea-Yaoundé,07:40,2026-10-16
FNX-023,VIP 50,50,Axe Lourd (Yaoundé-Douala),Yaoundé-Edea-Douala,07:40,2026-10-16
FNX-016,VIP 50,50,Axe Lourd (Douala-Yaoundé),Douala-Edea-Yaoundé,08:00,2026-10-16
FNX-024,VIP 50,50,Axe Lourd (Yaoundé-Douala),Yaoundé-Edea-Douala,08:00,2026-10-16
FNX-017,VIP 50,50,Axe Lourd (Douala-Yaoundé),Douala-Edea-Yaoundé,08:20,2026-10-16
FNX-025,VIP 50,50,Axe Lourd (Yaoundé-Douala),Yaoundé-Edea-Douala,08:20,2026-10-16
FNX-018,VIP 70,70,Axe Lourd (Douala-Yaoundé),Douala-Edea-Yaoundé,08:40,2026-10-16
FNX-026,VIP 50,50,Axe Lourd (Yaoundé-Douala),Yaoundé-Edea-Douala,08:40,2026-10-16
FNX-019,VIP 50,50,Axe Lourd (Douala-Yaoundé),Douala-Edea-Yaoundé,09:00,2026-10-16
FNX-027,VIP 70,70,Axe Lourd (Yaoundé-Douala),Yaoundé-Edea-Douala,09:00,2026-10-16
FNX-020,VIP 70,70,Axe Lourd (Douala-Yaoundé),Douala-Edea-Yaoundé,09:20,2026-10-16
FNX-028,VIP 50,50,Axe Lourd (Yaoundé-Douala),Yaoundé-Edea-Douala,09:20,2026-10-16
FNX-007,VIP 70,70,Axe Lourd (Douala-Yaoundé),Douala-Edea-Yaoundé,09:40,2026-10-16
FNX-001,VIP 50,50,Axe Lourd (Yaoundé-Douala),Yaoundé-Edea-Douala,09:40,2026-10-16
FNX-008,VIP 70,70,Axe Lourd (Douala-Yaoundé),Douala-Edea-Yaoundé,10:00,2026-10-16
FNX-002,VIP 50,50,Axe Lourd (Yaoundé-Douala),Yaoundé-Edea-Douala,10:00,2026-10-16
FNX-009,VIP 70,70,Axe Lourd (Douala-Yaoundé),Douala-Edea-Yaoundé,10:20,2026-10-16
FNX-003,VIP 50,50,Axe Lourd (Yaoundé-Douala),Yaoundé-Edea-Douala,10:20,2026-10-16
FNX-010,VIP 50,50,Axe Lourd (Douala-Yaoundé),Douala-Edea-Yaoundé,10:40,2026-10-16
FNX-004,VIP 50,50,Axe Lourd (Yaoundé-Douala),Yaoundé-Edea-Douala,10:40,2026-10-16
FNX-011,VIP 50,50,Axe Lourd (Douala-Yaoundé),Douala-Edea-Yaoundé,11:00,2026-10-16
FNX-005,VIP 70,70,Axe Lourd (Yaoundé-Douala),Yaoundé-Edea-Douala,11:00,2026-10-16
FNX-012,VIP 50,50,Axe Lourd (Douala-Yaoundé),Douala-Edea-Yaoundé,11:20,2026-10-16
FNX-006,VIP 50,50,Axe Lourd (Yaoundé-Douala),Yaoundé-Edea-Douala,11:20,2026-10-16
FNX-021,VIP 70,70,Axe Lourd (Douala-Yaoundé),Douala-Edea-Yaoundé,11:40,2026-10-16
FNX-013,VIP 70,70,Axe Lourd (Yaoundé-Douala),Yaoundé-Edea-Douala,11:40,2026-10-16
FNX-022,VIP 50,50,Axe Lourd (Douala-Yaoundé),Douala-Edea-Yaoundé,12:00,2026-10-16
FNX-014,VIP 50,50,Axe Lourd (Yaoundé-Douala),Yaoundé-Edea-Douala,12:00,2026-10-16
FNX-023,VIP 50,50,Axe Lourd (Douala-Yaoundé),Douala-Edea-Yaoundé,12:20,2026-10-16
FNX-015,VIP 50,50,Axe Lourd (Yaoundé-Douala),Yaoundé-Edea-Douala,12:20,2026-10-16
FNX-024,VIP 50,50,Axe Lourd (Douala-Yaoundé),Douala-Edea-Yaoundé,12:40,2026-10-16
FNX-016,VIP 50,50,Axe Lourd (Yaoundé-Douala),Yaoundé-Edea-Douala,12:40,2026-10-16
FNX-025,VIP 50,50,Axe Lourd (Douala-Yaoundé),Douala-Edea-Yaoundé,13:00,2026-10-16
FNX-017,VIP 50,50,Axe Lourd (Yaoundé-Douala),Yaoundé-Edea-Douala,13:00,2026-10-16
FNX-026,VIP 50,50,Axe Lourd (Douala-Yaoundé),Douala-Edea-Yaoundé,13:20,2026-10-16
FNX-018,VIP 70,70,Axe Lourd (Yaoundé-Douala),Yaoundé-Edea-Douala,13:20,2026-10-16
FNX-027,VIP 70,70,Axe Lourd (Douala-Yaoundé),Douala-Edea-Yaoundé,13:40,2026-10-16
FNX-019,VIP 50,50,Axe Lourd (Yaoundé-Douala),Yaoundé-Edea-Douala,13:40,2026-10-16
FNX-028,VIP 50,50,Axe Lourd (Douala-Yaoundé),Douala-Edea-Yaoundé,14:00,2026-10-16
FNX-020,VIP 70,70,Axe Lourd (Yaoundé-Douala),Yaoundé-Edea-Douala,14:00,2026-10-16
FNX-001,VIP 50,50,Axe Lourd (Douala-Yaoundé),Douala-Edea-Yaoundé,14:20,2026-10-16
FNX-007,VIP 70,70,Axe Lourd (Yaoundé-Douala),Yaoundé-Edea-Douala,14:20,2026-10-16
FNX-002,VIP 50,50,Axe Lourd (Douala-Yaoundé),Douala-Edea-Yaoundé,14:40,2026-10-16
FNX-008,VIP 70,70,Axe Lourd (Yaoundé-Douala),Yaoundé-Edea-Douala,14:40,2026-10-16
FNX-003,VIP 50,50,Axe Lourd (Douala-Yaoundé),Douala-Edea-Yaoundé,15:00,2026-10-16
FNX-009,VIP 70,70,Axe Lourd (Yaoundé-Douala),Yaoundé-Edea-Douala,15:00,2026-10-16
FNX-004,VIP 50,50,Axe Lourd (Douala-Yaoundé),Douala-Edea-Yaoundé,15:20,2026-10-16
FNX-010,VIP 50,50,Axe Lourd (Yaoundé-Douala),Yaoundé-Edea-Douala,15:20,2026-10-16
FNX-005,VIP 70,70,Axe Lourd (Douala-Yaoundé),Douala-Edea-Yaoundé,15:40,2026-10-16
FNX-011,VIP 50,50,Axe Lourd (Yaoundé-Douala),Yaoundé-Edea-Douala,15:40,2026-10-16
FNX-006,VIP 50,50,Axe Lourd (Douala-Yaoundé),Douala-Edea-Yaoundé,16:00,2026-10-16
FNX-012,VIP 50,50,Axe Lourd (Yaoundé-Douala),Yaoundé-Edea-Douala,16:00,2026-10-16
FNX-013,VIP 70,70,Axe Lourd (Douala-Yaoundé),Douala-Edea-Yaoundé,16:20,2026-10-16
FNX-021,VIP 70,70,Axe Lourd (Yaoundé-Douala),Yaoundé-Edea-Douala,16:20,2026-10-16
FNX-014,VIP 50,50,Axe Lourd (Douala-Yaoundé),Douala-Edea-Yaoundé,16:40,2026-10-16
FNX-022,VIP 50,50,Axe Lourd (Yaoundé-Douala),Yaoundé-Edea-Douala,16:40,2026-10-16
FNX-015,VIP 50,50,Axe Lourd (Douala-Yaoundé),Douala-Edea-Yaoundé,17:00,2026-10-16
FNX-023,VIP 50,50,Axe Lourd (Yaoundé-Douala),Yaoundé-Edea-Douala,17:00,2026-10-16
FNX-016,VIP 50,50,Axe Lourd (Douala-Yaoundé),Douala-Edea-Yaoundé,17:20,2026-10-16
FNX-024,VIP 50,50,Axe Lourd (Yaoundé-Douala),Yaoundé-Edea-Douala,17:20,2026-10-16
FNX-017,VIP 50,50,Axe Lourd (Douala-Yaoundé),Douala-Edea-Yaoundé,17:40,2026-10-16
FNX-025,VIP 50,50,Axe Lourd (Yaoundé-Douala),Yaoundé-Edea-Douala,17:40,2026-10-16
FNX-018,VIP 70,70,Axe Lourd (Douala-Yaoundé),Douala-Edea-Yaoundé,18:00,2026-10-16
FNX-026,VIP 50,50,Axe Lourd (Yaoundé-Douala),Yaoundé-Edea-Douala,18:00,2026-10-16
FNX-019,VIP 50,50,Axe Lourd (Douala-Yaoundé),Douala-Edea-Yaoundé,18:20,2026-10-16
FNX-027,VIP 70,70,Axe Lourd (Yaoundé-Douala),Yaoundé-Edea-Douala,18:20,2026-10-16
FNX-020,VIP 70,70,Axe Lourd (Douala-Yaoundé),Douala-Edea-Yaoundé,18:40,2026-10-16
FNX-028,VIP 50,50,Axe Lourd (Yaoundé-Douala),Yaoundé-Edea-Douala,18:40,2026-10-16
FNX-007,VIP 70,70,Axe Lourd (Douala-Yaoundé),Douala-Edea-Yaoundé,19:00,2026-10-16
FNX-001,VIP 50,50,Axe Lourd (Yaoundé-Douala),Yaoundé-Edea-Douala,19:00,2026-10-16
FNX-008,VIP 70,70,Axe Lourd (Douala-Yaoundé),Douala-Edea-Yaoundé,19:20,2026-10-16
FNX-002,VIP 50,50,Axe Lourd (Yaoundé-Douala),Yaoundé-Edea-Douala,19:20,2026-10-16
FNX-009,VIP 70,70,Axe Lourd (Douala-Yaoundé),Douala-Edea-Yaoundé,19:40,2026-10-16
FNX-003,VIP 50,50,Axe Lourd (Yaoundé-Douala),Yaoundé-Edea-Douala,19:40,2026-10-16
FNX-010,VIP 50,50,Axe Lourd (Douala-Yaoundé),Douala-Edea-Yaoundé,20:00,2026-10-16
FNX-004,VIP 50,50,Axe Lourd (Yaoundé-Douala),Yaoundé-Edea-Douala,20:00,2026-10-16
FNX-011,VIP 50,50,Axe Lourd (Douala-Yaoundé),Douala-Edea-Yaoundé,20:20,2026-10-16
FNX-005,VIP 70,70,Axe Lourd (Yaoundé-Douala),Yaoundé-Edea-Douala,20:20,2026-10-16
FNX-012,VIP 50,50,Axe Lourd (Douala-Yaoundé),Douala-Edea-Yaoundé,20:40,2026-10-16
FNX-006,VIP 50,50,Axe Lourd (Yaoundé-Douala),Yaoundé-Edea-Douala,20:40,2026-10-16
FNX-001,VIP 50,50,Axe Lourd (Douala-Yaoundé),Douala-Edea-Yaoundé,05:00,2026-10-17
FNX-007,VIP 70,70,Axe Lourd (Yaoundé-Douala),Yaoundé-Edea-Douala,05:00,2026-10-17
FNX-002,VIP 50,50,Axe Lourd (Douala-Yaoundé),Douala-Edea-Yaoundé,05:20,2026-10-17
FNX-008,VIP 70,70,Axe Lourd (Yaoundé-Douala),Yaoundé-Edea-Douala,05:20,2026-10-17
FNX-003,VIP 50,50,Axe Lourd (Douala-Yaoundé),Douala-Edea-Yaoundé,05:40,2026-10-17
FNX-009,VIP 70,70,Axe Lourd (Yaoundé-Douala),Yaoundé-Edea-Douala,05:40,2026-10-17
FNX-004,VIP 50,50,Axe Lourd (Douala-Yaoundé),Douala-Edea-Yaoundé,06:00,2026-10-17
FNX-010,VIP 50,50,Axe Lourd (Yaoundé-Douala),Yaoundé-Edea-Douala,06:00,2026-10-17
FNX-005,VIP 70,70,Axe Lourd (Douala-Yaoundé),Douala-Edea-Yaoundé,06:20,2026-10-17
FNX-011,VIP 50,50,Axe Lourd (Yaoundé-Douala),Yaoundé-Edea-Douala,06:20,2026-10-17
FNX-006,VIP 50,50,Axe Lourd (Douala-Yaoundé),Douala-Edea-Yaoundé,06:40,2026-10-17
FNX-012,VIP 50,50,Axe Lourd (Yaoundé-Douala),Yaoundé-Edea-Douala,06:40,2026-10-17
FNX-021,VIP 70,70,Axe Lourd (Douala-Yaoundé),Douala-Edea-Yaoundé,07:00,2026-10-17
FNX-013,VIP 70,70,Axe Lourd (Yaoundé-Douala),Yaoundé-Edea-Douala,07:00,2026-10-17
FNX-022,VIP 50,50,Axe Lourd (Douala-Yaoundé),Douala-Edea-Yaoundé,07:20,2026-10-17
FNX-014,VIP 50,50,Axe Lourd (Yaoundé-Douala),Yaoundé-Edea-Douala,07:20,2026-10-17
FNX-023,VIP 50,50,Axe Lourd (Douala-Yaoundé),Douala-Edea-Yaoundé,07:40,2026-10-17
FNX-015,VIP 50,50,Axe Lourd (Yaoundé-Douala),Yaoundé-Edea-Douala,07:40,2026-10-17
FNX-024,VIP 50,50,Axe Lourd (Douala-Yaoundé),Douala-Edea-Yaoundé,08:00,2026-10-17
FNX-016,VIP 50,50,Axe Lourd (Yaoundé-Douala),Yaoundé-Edea-Douala,08:00,2026-10-17
FNX-025,VIP 50,50,Axe Lourd (Douala-Yaoundé),Douala-Edea-Yaoundé,08:20,2026-10-17
FNX-017,VIP 50,50,Axe Lourd (Yaoundé-Douala),Yaoundé-Edea-Douala,08:20,2026-10-17
FNX-026,VIP 50,50,Axe Lourd (Douala-Yaoundé),Douala-Edea-Yaoundé,08:40,2026-10-17
FNX-018,VIP 70,70,Axe Lourd (Yaoundé-Douala),Yaoundé-Edea-Douala,08:40,2026-10-17
FNX-027,VIP 70,70,Axe Lourd (Douala-Yaoundé),Douala-Edea-Yaoundé,09:00,2026-10-17
FNX-019,VIP 50,50,Axe Lourd (Yaoundé-Douala),Yaoundé-Edea-Douala,09:00,2026-10-17
FNX-028,VIP 50,50,Axe Lourd (Douala-Yaoundé),Douala-Edea-Yaoundé,09:20,2026-10-17
FNX-020,VIP 70,70,Axe Lourd (Yaoundé-Douala),Yaoundé-Edea-Douala,09:20,2026-10-17
FNX-007,VIP 70,70,Axe Lourd (Douala-Yaoundé),Douala-Edea-Yaoundé,09:40,2026-10-17
FNX-001,VIP 50,50,Axe Lourd (Yaoundé-Douala),Yaoundé-Edea-Douala,09:40,2026-10-17
FNX-008,VIP 70,70,Axe Lourd (Douala-Yaoundé),Douala-Edea-Yaoundé,10:00,2026-10-17
FNX-002,VIP 50,50,Axe Lourd (Yaoundé-Douala),Yaoundé-Edea-Douala,10:00,2026-10-17
FNX-009,VIP 70,70,Axe Lourd (Douala-Yaoundé),Douala-Edea-Yaoundé,10:20,2026-10-17
FNX-003,VIP 50,50,Axe Lourd (Yaoundé-Douala),Yaoundé-Edea-Douala,10:20,2026-10-17
FNX-010,VIP 50,50,Axe Lourd (Douala-Yaoundé),Douala-Edea-Yaoundé,10:40,2026-10-17
FNX-004,VIP 50,50,Axe Lourd (Yaoundé-Douala),Yaoundé-Edea-Douala,10:40,2026-10-17
FNX-011,VIP 50,50,Axe Lourd (Douala-Yaoundé),Douala-Edea-Yaoundé,11:00,2026-10-17
FNX-005,VIP 70,70,Axe Lourd (Yaoundé-Douala),Yaoundé-Edea-Douala,11:00,2026-10-17
FNX-012,VIP 50,50,Axe Lourd (Douala-Yaoundé),Douala-Edea-Yaoundé,11:20,2026-10-17
FNX-006,VIP 50,50,Axe Lourd (Yaoundé-Douala),Yaoundé-Edea-Douala,11:20,2026-10-17
FNX-013,VIP 70,70,Axe Lourd (Douala-Yaoundé),Douala-Edea-Yaoundé,11:40,2026-10-17
FNX-021,VIP 70,70,Axe Lourd (Yaoundé-Douala),Yaoundé-Edea-Douala,11:40,2026-10-17
FNX-014,VIP 50,50,Axe Lourd (Douala-Yaoundé),Douala-Edea-Yaoundé,12:00,2026-10-17
FNX-022,VIP 50,50,Axe Lourd (Yaoundé-Douala),Yaoundé-Edea-Douala,12:00,2026-10-17
FNX-015,VIP 50,50,Axe Lourd (Douala-Yaoundé),Douala-Edea-Yaoundé,12:20,2026-10-17
FNX-023,VIP 50,50,Axe Lourd (Yaoundé-Douala),Yaoundé-Edea-Douala,12:20,2026-10-17
FNX-016,VIP 50,50,Axe Lourd (Douala-Yaoundé),Douala-Edea-Yaoundé,12:40,2026-10-17
FNX-024,VIP 50,50,Axe Lourd (Yaoundé-Douala),Yaoundé-Edea-Douala,12:40,2026-10-17
FNX-017,VIP 50,50,Axe Lourd (Douala-Yaoundé),Douala-Edea-Yaoundé,13:00,2026-10-17
FNX-025,VIP 50,50,Axe Lourd (Yaoundé-Douala),Yaoundé-Edea-Douala,13:00,2026-10-17
FNX-018,VIP 70,70,Axe Lourd (Douala-Yaoundé),Douala-Edea-Yaoundé,13:20,2026-10-17
FNX-026,VIP 50,50,Axe Lourd (Yaoundé-Douala),Yaoundé-Edea-Douala,13:20,2026-10-17
FNX-019,VIP 50,50,Axe Lourd (Douala-Yaoundé),Douala-Edea-Yaoundé,13:40,2026-10-17
FNX-027,VIP 70,70,Axe Lourd (Yaoundé-Douala),Yaoundé-Edea-Douala,13:40,2026-10-17
FNX-020,VIP 70,70,Axe Lourd (Douala-Yaoundé),Douala-Edea-Yaoundé,14:00,2026-10-17
FNX-028,VIP 50,50,Axe Lourd (Yaoundé-Douala),Yaoundé-Edea-Douala,14:00,2026-10-17
FNX-001,VIP 50,50,Axe Lourd (Douala-Yaoundé),Douala-Edea-Yaoundé,14:20,2026-10-17
FNX-007,VIP 70,70,Axe Lourd (Yaoundé-Douala),Yaoundé-Edea-Douala,14:20,2026-10-17
FNX-002,VIP 50,50,Axe Lourd (Douala-Yaoundé),Douala-Edea-Yaoundé,14:40,2026-10-17
FNX-008,VIP 70,70,Axe Lourd (Yaoundé-Douala),Yaoundé-Edea-Douala,14:40,2026-10-17
FNX-003,VIP 50,50,Axe Lourd (Douala-Yaoundé),Douala-Edea-Yaoundé,15:00,2026-10-17
FNX-009,VIP 70,70,Axe Lourd (Yaoundé-Douala),Yaoundé-Edea-Douala,15:00,2026-10-17
FNX-004,VIP 50,50,Axe Lourd (Douala-Yaoundé),Douala-Edea-Yaoundé,15:20,2026-10-17
FNX-010,VIP 50,50,Axe Lourd (Yaoundé-Douala),Yaoundé-Edea-Douala,15:20,2026-10-17
FNX-005,VIP 70,70,Axe Lourd (Douala-Yaoundé),Douala-Edea-Yaoundé,15:40,2026-10-17
FNX-011,VIP 50,50,Axe Lourd (Yaoundé-Douala),Yaoundé-Edea-Douala,15:40,2026-10-17
FNX-006,VIP 50,50,Axe Lourd (Douala-Yaoundé),Douala-Edea-Yaoundé,16:00,2026-10-17
FNX-012,VIP 50,50,Axe Lourd (Yaoundé-Douala),Yaoundé-Edea-Douala,16:00,2026-10-17
FNX-021,VIP 70,70,Axe Lourd (Douala-Yaoundé),Douala-Edea-Yaoundé,16:20,2026-10-17
FNX-013,VIP 70,70,Axe Lourd (Yaoundé-Douala),Yaoundé-Edea-Douala,16:20,2026-10-17
FNX-022,VIP 50,50,Axe Lourd (Douala-Yaoundé),Douala-Edea-Yaoundé,16:40,2026-10-17
FNX-014,VIP 50,50,Axe Lourd (Yaoundé-Douala),Yaoundé-Edea-Douala,16:40,2026-10-17
FNX-023,VIP 50,50,Axe Lourd (Douala-Yaoundé),Douala-Edea-Yaoundé,17:00,2026-10-17
FNX-015,VIP 50,50,Axe Lourd (Yaoundé-Douala),Yaoundé-Edea-Douala,17:00,2026-10-17
FNX-024,VIP 50,50,Axe Lourd (Douala-Yaoundé),Douala-Edea-Yaoundé,17:20,2026-10-17
FNX-016,VIP 50,50,Axe Lourd (Yaoundé-Douala),Yaoundé-Edea-Douala,17:20,2026-10-17
FNX-025,VIP 50,50,Axe Lourd (Douala-Yaoundé),Douala-Edea-Yaoundé,17:40,2026-10-17
FNX-017,VIP 50,50,Axe Lourd (Yaoundé-Douala),Yaoundé-Edea-Douala,17:40,2026-10-17
FNX-026,VIP 50,50,Axe Lourd (Douala-Yaoundé),Douala-Edea-Yaoundé,18:00,2026-10-17
FNX-018,VIP 70,70,Axe Lourd (Yaoundé-Douala),Yaoundé-Edea-Douala,18:00,2026-10-17
FNX-027,VIP 70,70,Axe Lourd (Douala-Yaoundé),Douala-Edea-Yaoundé,18:20,2026-10-17
FNX-019,VIP 50,50,Axe Lourd (Yaoundé-Douala),Yaoundé-Edea-Douala,18:20,2026-10-17
FNX-028,VIP 50,50,Axe Lourd (Douala-Yaoundé),Douala-Edea-Yaoundé,18:40,2026-10-17
FNX-020,VIP 70,70,Axe Lourd (Yaoundé-Douala),Yaoundé-Edea-Douala,18:40,2026-10-17
FNX-007,VIP 70,70,Axe Lourd (Douala-Yaoundé),Douala-Edea-Yaoundé,19:00,2026-10-17
FNX-001,VIP 50,50,Axe Lourd (Yaoundé-Douala),Yaoundé-Edea-Douala,19:00,2026-10-17
FNX-008,VIP 70,70,Axe Lourd (Douala-Yaoundé),Douala-Edea-Yaoundé,19:20,2026-10-17
FNX-002,VIP 50,50,Axe Lourd (Yaoundé-Douala),Yaoundé-Edea-Douala,19:20,2026-10-17
FNX-009,VIP 70,70,Axe Lourd (Douala-Yaoundé),Douala-Edea-Yaoundé,19:40,2026-10-17
FNX-003,VIP 50,50,Axe Lourd (Yaoundé-Douala),Yaoundé-Edea-Douala,19:40,2026-10-17
FNX-010,VIP 50,50,Axe Lourd (Douala-Yaoundé),Douala-Edea-Yaoundé,20:00,2026-10-17
FNX-004,VIP 50,50,Axe Lourd (Yaoundé-Douala),Yaoundé-Edea-Douala,20:00,2026-10-17
FNX-011,VIP 50,50,Axe Lourd (Douala-Yaoundé),Douala-Edea-Yaoundé,20:20,2026-10-17
FNX-005,VIP 70,70,Axe Lourd (Yaoundé-Douala),Yaoundé-Edea-Douala,20:20,2026-10-17
FNX-012,VIP 50,50,Axe Lourd (Douala-Yaoundé),Douala-Edea-Yaoundé,20:40,2026-10-17
FNX-006,VIP 50,50,Axe Lourd (Yaoundé-Douala),Yaoundé-Edea-Douala,20:40,2026-10-17
FNX-001,VIP 50,50,Axe Lourd (Douala-Yaoundé),Douala-Edea-Yaoundé,05:00,2026-10-18
FNX-007,VIP 70,70,Axe Lourd (Yaoundé-Douala),Yaoundé-Edea-Douala,05:00,2026-10-18
FNX-002,VIP 50,50,Axe Lourd (Douala-Yaoundé),Douala-Edea-Yaoundé,05:20,2026-10-18
FNX-008,VIP 70,70,Axe Lourd (Yaoundé-Douala),Yaoundé-Edea-Douala,05:20,2026-10-18
FNX-003,VIP 50,50,Axe Lourd (Douala-Yaoundé),Douala-Edea-Yaoundé,05:40,2026-10-18
FNX-009,VIP 70,70,Axe Lourd (Yaoundé-Douala),Yaoundé-Edea-Douala,05:40,2026-10-18
FNX-004,VIP 50,50,Axe Lourd (Douala-Yaoundé),Douala-Edea-Yaoundé,06:00,2026-10-18
FNX-010,VIP 50,50,Axe Lourd (Yaoundé-Douala),Yaoundé-Edea-Douala,06:00,2026-10-18
FNX-005,VIP 70,70,Axe Lourd (Douala-Yaoundé),Douala-Edea-Yaoundé,06:20,2026-10-18
FNX-011,VIP 50,50,Axe Lourd (Yaoundé-Douala),Yaoundé-Edea-Douala,06:20,2026-10-18
FNX-006,VIP 50,50,Axe Lourd (Douala-Yaoundé),Douala-Edea-Yaoundé,06:40,2026-10-18
FNX-012,VIP 50,50,Axe Lourd (Yaoundé-Douala),Yaoundé-Edea-Douala,06:40,2026-10-18
FNX-013,VIP 70,70,Axe Lourd (Douala-Yaoundé),Douala-Edea-Yaoundé,07:00,2026-10-18
FNX-021,VIP 70,70,Axe Lourd (Yaoundé-Douala),Yaoundé-Edea-Douala,07:00,2026-10-18
FNX-014,VIP 50,50,Axe Lourd (Douala-Yaoundé),Douala-Edea-Yaoundé,07:20,2026-10-18
FNX-022,VIP 50,50,Axe Lourd (Yaoundé-Douala),Yaoundé-Edea-Douala,07:20,2026-10-18
FNX-015,VIP 50,50,Axe Lourd (Douala-Yaoundé),Douala-Edea-Yaoundé,07:40,2026-10-18
FNX-023,VIP 50,50,Axe Lourd (Yaoundé-Douala),Yaoundé-Edea-Douala,07:40,2026-10-18
FNX-016,VIP 50,50,Axe Lourd (Douala-Yaoundé),Douala-Edea-Yaoundé,08:00,2026-10-18
FNX-024,VIP 50,50,Axe Lourd (Yaoundé-Douala),Yaoundé-Edea-Douala,08:00,2026-10-18
FNX-017,VIP 50,50,Axe Lourd (Douala-Yaoundé),Douala-Edea-Yaoundé,08:20,2026-10-18
FNX-025,VIP 50,50,Axe Lourd (Yaoundé-Douala),Yaoundé-Edea-Douala,08:20,2026-10-18
FNX-018,VIP 70,70,Axe Lourd (Douala-Yaoundé),Douala-Edea-Yaoundé,08:40,2026-10-18
FNX-026,VIP 50,50,Axe Lourd (Yaoundé-Douala),Yaoundé-Edea-Douala,08:40,2026-10-18
FNX-019,VIP 50,50,Axe Lourd (Douala-Yaoundé),Douala-Edea-Yaoundé,09:00,2026-10-18
FNX-027,VIP 70,70,Axe Lourd (Yaoundé-Douala),Yaoundé-Edea-Douala,09:00,2026-10-18
FNX-020,VIP 70,70,Axe Lourd (Douala-Yaoundé),Douala-Edea-Yaoundé,09:20,2026-10-18
FNX-028,VIP 50,50,Axe Lourd (Yaoundé-Douala),Yaoundé-Edea-Douala,09:20,2026-10-18
FNX-007,VIP 70,70,Axe Lourd (Douala-Yaoundé),Douala-Edea-Yaoundé,09:40,2026-10-18
FNX-001,VIP 50,50,Axe Lourd (Yaoundé-Douala),Yaoundé-Edea-Douala,09:40,2026-10-18
FNX-008,VIP 70,70,Axe Lourd (Douala-Yaoundé),Douala-Edea-Yaoundé,10:00,2026-10-18
FNX-002,VIP 50,50,Axe Lourd (Yaoundé-Douala),Yaoundé-Edea-Douala,10:00,2026-10-18
FNX-009,VIP 70,70,Axe Lourd (Douala-Yaoundé),Douala-Edea-Yaoundé,10:20,2026-10-18
FNX-003,VIP 50,50,Axe Lourd (Yaoundé-Douala),Yaoundé-Edea-Douala,10:20,2026-10-18
FNX-010,VIP 50,50,Axe Lourd (Douala-Yaoundé),Douala-Edea-Yaoundé,10:40,2026-10-18
FNX-004,VIP 50,50,Axe Lourd (Yaoundé-Douala),Yaoundé-Edea-Douala,10:40,2026-10-18
FNX-011,VIP 50,50,Axe Lourd (Douala-Yaoundé),Douala-Edea-Yaoundé,11:00,2026-10-18
FNX-005,VIP 70,70,Axe Lourd (Yaoundé-Douala),Yaoundé-Edea-Douala,11:00,2026-10-18
FNX-012,VIP 50,50,Axe Lourd (Douala-Yaoundé),Douala-Edea-Yaoundé,11:20,2026-10-18
FNX-006,VIP 50,50,Axe Lourd (Yaoundé-Douala),Yaoundé-Edea-Douala,11:20,2026-10-18
FNX-021,VIP 70,70,Axe Lourd (Douala-Yaoundé),Douala-Edea-Yaoundé,11:40,2026-10-18
FNX-013,VIP 70,70,Axe Lourd (Yaoundé-Douala),Yaoundé-Edea-Douala,11:40,2026-10-18
FNX-022,VIP 50,50,Axe Lourd (Douala-Yaoundé),Douala-Edea-Yaoundé,12:00,2026-10-18
FNX-014,VIP 50,50,Axe Lourd (Yaoundé-Douala),Yaoundé-Edea-Douala,12:00,2026-10-18
FNX-023,VIP 50,50,Axe Lourd (Douala-Yaoundé),Douala-Edea-Yaoundé,12:20,2026-10-18
FNX-015,VIP 50,50,Axe Lourd (Yaoundé-Douala),Yaoundé-Edea-Douala,12:20,2026-10-18
FNX-024,VIP 50,50,Axe Lourd (Douala-Yaoundé),Douala-Edea-Yaoundé,12:40,2026-10-18
FNX-016,VIP 50,50,Axe Lourd (Yaoundé-Douala),Yaoundé-Edea-Douala,12:40,2026-10-18
FNX-025,VIP 50,50,Axe Lourd (Douala-Yaoundé),Douala-Edea-Yaoundé,13:00,2026-10-18
FNX-017,VIP 50,50,Axe Lourd (Yaoundé-Douala),Yaoundé-Edea-Douala,13:00,2026-10-18
FNX-026,VIP 50,50,Axe Lourd (Douala-Yaoundé),Douala-Edea-Yaoundé,13:20,2026-10-18
FNX-018,VIP 70,70,Axe Lourd (Yaoundé-Douala),Yaoundé-Edea-Douala,13:20,2026-10-18
FNX-027,VIP 70,70,Axe Lourd (Douala-Yaoundé),Douala-Edea-Yaoundé,13:40,2026-10-18
FNX-019,VIP 50,50,Axe Lourd (Yaoundé-Douala),Yaoundé-Edea-Douala,13:40,2026-10-18
FNX-028,VIP 50,50,Axe Lourd (Douala-Yaoundé),Douala-Edea-Yaoundé,14:00,2026-10-18
FNX-020,VIP 70,70,Axe Lourd (Yaoundé-Douala),Yaoundé-Edea-Douala,14:00,2026-10-18
FNX-001,VIP 50,50,Axe Lourd (Douala-Yaoundé),Douala-Edea-Yaoundé,14:20,2026-10-18
FNX-007,VIP 70,70,Axe Lourd (Yaoundé-Douala),Yaoundé-Edea-Douala,14:20,2026-10-18
FNX-002,VIP 50,50,Axe Lourd (Douala-Yaoundé),Douala-Edea-Yaoundé,14:40,2026-10-18
FNX-008,VIP 70,70,Axe Lourd (Yaoundé-Douala),Yaoundé-Edea-Douala,14:40,2026-10-18
FNX-003,VIP 50,50,Axe Lourd (Douala-Yaoundé),Douala-Edea-Yaoundé,15:00,2026-10-18
FNX-009,VIP 70,70,Axe Lourd (Yaoundé-Douala),Yaoundé-Edea-Douala,15:00,2026-10-18
FNX-004,VIP 50,50,Axe Lourd (Douala-Yaoundé),Douala-Edea-Yaoundé,15:20,2026-10-18
FNX-010,VIP 50,50,Axe Lourd (Yaoundé-Douala),Yaoundé-Edea-Douala,15:20,2026-10-18
FNX-005,VIP 70,70,Axe Lourd (Douala-Yaoundé),Douala-Edea-Yaoundé,15:40,2026-10-18
FNX-011,VIP 50,50,Axe Lourd (Yaoundé-Douala),Yaoundé-Edea-Douala,15:40,2026-10-18
FNX-006,VIP 50,50,Axe Lourd (Douala-Yaoundé),Douala-Edea-Yaoundé,16:00,2026-10-18
FNX-012,VIP 50,50,Axe Lourd (Yaoundé-Douala),Yaoundé-Edea-Douala,16:00,2026-10-18
FNX-013,VIP 70,70,Axe Lourd (Douala-Yaoundé),Douala-Edea-Yaoundé,16:20,2026-10-18
FNX-021,VIP 70,70,Axe Lourd (Yaoundé-Douala),Yaoundé-Edea-Douala,16:20,2026-10-18
FNX-014,VIP 50,50,Axe Lourd (Douala-Yaoundé),Douala-Edea-Yaoundé,16:40,2026-10-18
FNX-022,VIP 50,50,Axe Lourd (Yaoundé-Douala),Yaoundé-Edea-Douala,16:40,2026-10-18
FNX-015,VIP 50,50,Axe Lourd (Douala-Yaoundé),Douala-Edea-Yaoundé,17:00,2026-10-18
FNX-023,VIP 50,50,Axe Lourd (Yaoundé-Douala),Yaoundé-Edea-Douala,17:00,2026-10-18
FNX-016,VIP 50,50,Axe Lourd (Douala-Yaoundé),Douala-Edea-Yaoundé,17:20,2026-10-18
FNX-024,VIP 50,50,Axe Lourd (Yaoundé-Douala),Yaoundé-Edea-Douala,17:20,2026-10-18
FNX-017,VIP 50,50,Axe Lourd (Douala-Yaoundé),Douala-Edea-Yaoundé,17:40,2026-10-18
FNX-025,VIP 50,50,Axe Lourd (Yaoundé-Douala),Yaoundé-Edea-Douala,17:40,2026-10-18
FNX-018,VIP 70,70,Axe Lourd (Douala-Yaoundé),Douala-Edea-Yaoundé,18:00,2026-10-18
FNX-026,VIP 50,50,Axe Lourd (Yaoundé-Douala),Yaoundé-Edea-Douala,18:00,2026-10-18
FNX-019,VIP 50,50,Axe Lourd (Douala-Yaoundé),Douala-Edea-Yaoundé,18:20,2026-10-18
FNX-027,VIP 70,70,Axe Lourd (Yaoundé-Douala),Yaoundé-Edea-Douala,18:20,2026-10-18
FNX-020,VIP 70,70,Axe Lourd (Douala-Yaoundé),Douala-Edea-Yaoundé,18:40,2026-10-18
FNX-028,VIP 50,50,Axe Lourd (Yaoundé-Douala),Yaoundé-Edea-Douala,18:40,2026-10-18
FNX-007,VIP 70,70,Axe Lourd (Douala-Yaoundé),Douala-Edea-Yaoundé,19:00,2026-10-18
FNX-001,VIP 50,50,Axe Lourd (Yaoundé-Douala),Yaoundé-Edea-Douala,19:00,2026-10-18
FNX-008,VIP 70,70,Axe Lourd (Douala-Yaoundé),Douala-Edea-Yaoundé,19:20,2026-10-18
FNX-002,VIP 50,50,Axe Lourd (Yaoundé-Douala),Yaoundé-Edea-Douala,19:20,2026-10-18
FNX-009,VIP 70,70,Axe Lourd (Douala-Yaoundé),Douala-Edea-Yaoundé,19:40,2026-10-18
FNX-003,VIP 50,50,Axe Lourd (Yaoundé-Douala),Yaoundé-Edea-Douala,19:40,2026-10-18
FNX-010,VIP 50,50,Axe Lourd (Douala-Yaoundé),Douala-Edea-Yaoundé,20:00,2026-10-18
FNX-004,VIP 50,50,Axe Lourd (Yaoundé-Douala),Yaoundé-Edea-Douala,20:00,2026-10-18
FNX-011,VIP 50,50,Axe Lourd (Douala-Yaoundé),Douala-Edea-Yaoundé,20:20,2026-10-18
FNX-005,VIP 70,70,Axe Lourd (Yaoundé-Douala),Yaoundé-Edea-Douala,20:20,2026-10-18
FNX-012,VIP 50,50,Axe Lourd (Douala-Yaoundé),Douala-Edea-Yaoundé,20:40,2026-10-18
FNX-006,VIP 50,50,Axe Lourd (Yaoundé-Douala),Yaoundé-Edea-Douala,20:40,2026-10-18
FNX-001,VIP 50,50,Axe Lourd (Douala-Yaoundé),Douala-Edea-Yaoundé,05:00,2026-10-19
FNX-007,VIP 70,70,Axe Lourd (Yaoundé-Douala),Yaoundé-Edea-Douala,05:00,2026-10-19
FNX-002,VIP 50,50,Axe Lourd (Douala-Yaoundé),Douala-Edea-Yaoundé,05:20,2026-10-19
FNX-008,VIP 70,70,Axe Lourd (Yaoundé-Douala),Yaoundé-Edea-Douala,05:20,2026-10-19
FNX-003,VIP 50,50,Axe Lourd (Douala-Yaoundé),Douala-Edea-Yaoundé,05:40,2026-10-19
FNX-009,VIP 70,70,Axe Lourd (Yaoundé-Douala),Yaoundé-Edea-Douala,05:40,2026-10-19
FNX-004,VIP 50,50,Axe Lourd (Douala-Yaoundé),Douala-Edea-Yaoundé,06:00,2026-10-19
FNX-010,VIP 50,50,Axe Lourd (Yaoundé-Douala),Yaoundé-Edea-Douala,06:00,2026-10-19
FNX-005,VIP 70,70,Axe Lourd (Douala-Yaoundé),Douala-Edea-Yaoundé,06:20,2026-10-19
FNX-011,VIP 50,50,Axe Lourd (Yaoundé-Douala),Yaoundé-Edea-Douala,06:20,2026-10-19
FNX-006,VIP 50,50,Axe Lourd (Douala-Yaoundé),Douala-Edea-Yaoundé,06:40,2026-10-19
FNX-012,VIP 50,50,Axe Lourd (Yaoundé-Douala),Yaoundé-Edea-Douala,06:40,2026-10-19
FNX-021,VIP 70,70,Axe Lourd (Douala-Yaoundé),Douala-Edea-Yaoundé,07:00,2026-10-19
FNX-013,VIP 70,70,Axe Lourd (Yaoundé-Douala),Yaoundé-Edea-Douala,07:00,2026-10-19
FNX-022,VIP 50,50,Axe Lourd (Douala-Yaoundé),Douala-Edea-Yaoundé,07:20,2026-10-19
FNX-014,VIP 50,50,Axe Lourd (Yaoundé-Douala),Yaoundé-Edea-Douala,07:20,2026-10-19
FNX-023,VIP 50,50,Axe Lourd (Douala-Yaoundé),Douala-Edea-Yaoundé,07:40,2026-10-19
FNX-015,VIP 50,50,Axe Lourd (Yaoundé-Douala),Yaoundé-Edea-Douala,07:40,2026-10-19
FNX-024,VIP 50,50,Axe Lourd (Douala-Yaoundé),Douala-Edea-Yaoundé,08:00,2026-10-19
FNX-016,VIP 50,50,Axe Lourd (Yaoundé-Douala),Yaoundé-Edea-Douala,08:00,2026-10-19
FNX-025,VIP 50,50,Axe Lourd (Douala-Yaoundé),Douala-Edea-Yaoundé,08:20,2026-10-19
FNX-017,VIP 50,50,Axe Lourd (Yaoundé-Douala),Yaoundé-Edea-Douala,08:20,2026-10-19
FNX-026,VIP 50,50,Axe Lourd (Douala-Yaoundé),Douala-Edea-Yaoundé,08:40,2026-10-19
FNX-018,VIP 70,70,Axe Lourd (Yaoundé-Douala),Yaoundé-Edea-Douala,08:40,2026-10-19
FNX-027,VIP 70,70,Axe Lourd (Douala-Yaoundé),Douala-Edea-Yaoundé,09:00,2026-10-19
FNX-019,VIP 50,50,Axe Lourd (Yaoundé-Douala),Yaoundé-Edea-Douala,09:00,2026-10-19
FNX-028,VIP 50,50,Axe Lourd (Douala-Yaoundé),Douala-Edea-Yaoundé,09:20,2026-10-19
FNX-020,VIP 70,70,Axe Lourd (Yaoundé-Douala),Yaoundé-Edea-Douala,09:20,2026-10-19
FNX-007,VIP 70,70,Axe Lourd (Douala-Yaoundé),Douala-Edea-Yaoundé,09:40,2026-10-19
FNX-001,VIP 50,50,Axe Lourd (Yaoundé-Douala),Yaoundé-Edea-Douala,09:40,2026-10-19
FNX-008,VIP 70,70,Axe Lourd (Douala-Yaoundé),Douala-Edea-Yaoundé,10:00,2026-10-19
FNX-002,VIP 50,50,Axe Lourd (Yaoundé-Douala),Yaoundé-Edea-Douala,10:00,2026-10-19
FNX-009,VIP 70,70,Axe Lourd (Douala-Yaoundé),Douala-Edea-Yaoundé,10:20,2026-10-19
FNX-003,VIP 50,50,Axe Lourd (Yaoundé-Douala),Yaoundé-Edea-Douala,10:20,2026-10-19
FNX-010,VIP 50,50,Axe Lourd (Douala-Yaoundé),Douala-Edea-Yaoundé,10:40,2026-10-19
FNX-004,VIP 50,50,Axe Lourd (Yaoundé-Douala),Yaoundé-Edea-Douala,10:40,2026-10-19
FNX-011,VIP 50,50,Axe Lourd (Douala-Yaoundé),Douala-Edea-Yaoundé,11:00,2026-10-19
FNX-005,VIP 70,70,Axe Lourd (Yaoundé-Douala),Yaoundé-Edea-Douala,11:00,2026-10-19
FNX-012,VIP 50,50,Axe Lourd (Douala-Yaoundé),Douala-Edea-Yaoundé,11:20,2026-10-19
FNX-006,VIP 50,50,Axe Lourd (Yaoundé-Douala),Yaoundé-Edea-Douala,11:20,2026-10-19
FNX-013,VIP 70,70,Axe Lourd (Douala-Yaoundé),Douala-Edea-Yaoundé,11:40,2026-10-19
FNX-021,VIP 70,70,Axe Lourd (Yaoundé-Douala),Yaoundé-Edea-Douala,11:40,2026-10-19
FNX-014,VIP 50,50,Axe Lourd (Douala-Yaoundé),Douala-Edea-Yaoundé,12:00,2026-10-19
FNX-022,VIP 50,50,Axe Lourd (Yaoundé-Douala),Yaoundé-Edea-Douala,12:00,2026-10-19
FNX-015,VIP 50,50,Axe Lourd (Douala-Yaoundé),Douala-Edea-Yaoundé,12:20,2026-10-19
FNX-023,VIP 50,50,Axe Lourd (Yaoundé-Douala),Yaoundé-Edea-Douala,12:20,2026-10-19
FNX-016,VIP 50,50,Axe Lourd (Douala-Yaoundé),Douala-Edea-Yaoundé,12:40,2026-10-19
FNX-024,VIP 50,50,Axe Lourd (Yaoundé-Douala),Yaoundé-Edea-Douala,12:40,2026-10-19
FNX-017,VIP 50,50,Axe Lourd (Douala-Yaoundé),Douala-Edea-Yaoundé,13:00,2026-10-19
FNX-025,VIP 50,50,Axe Lourd (Yaoundé-Douala),Yaoundé-Edea-Douala,13:00,2026-10-19
FNX-018,VIP 70,70,Axe Lourd (Douala-Yaoundé),Douala-Edea-Yaoundé,13:20,2026-10-19
FNX-026,VIP 50,50,Axe Lourd (Yaoundé-Douala),Yaoundé-Edea-Douala,13:20,2026-10-19
FNX-019,VIP 50,50,Axe Lourd (Douala-Yaoundé),Douala-Edea-Yaoundé,13:40,2026-10-19
FNX-027,VIP 70,70,Axe Lourd (Yaoundé-Douala),Yaoundé-Edea-Douala,13:40,2026-10-19
FNX-020,VIP 70,70,Axe Lourd (Douala-Yaoundé),Douala-Edea-Yaoundé,14:00,2026-10-19
FNX-028,VIP 50,50,Axe Lourd (Yaoundé-Douala),Yaoundé-Edea-Douala,14:00,2026-10-19
FNX-001,VIP 50,50,Axe Lourd (Douala-Yaoundé),Douala-Edea-Yaoundé,14:20,2026-10-19
FNX-007,VIP 70,70,Axe Lourd (Yaoundé-Douala),Yaoundé-Edea-Douala,14:20,2026-10-19
FNX-002,VIP 50,50,Axe Lourd (Douala-Yaoundé),Douala-Edea-Yaoundé,14:40,2026-10-19
FNX-008,VIP 70,70,Axe Lourd (Yaoundé-Douala),Yaoundé-Edea-Douala,14:40,2026-10-19
FNX-003,VIP 50,50,Axe Lourd (Douala-Yaoundé),Douala-Edea-Yaoundé,15:00,2026-10-19
FNX-009,VIP 70,70,Axe Lourd (Yaoundé-Douala),Yaoundé-Edea-Douala,15:00,2026-10-19
FNX-004,VIP 50,50,Axe Lourd (Douala-Yaoundé),Douala-Edea-Yaoundé,15:20,2026-10-19
FNX-010,VIP 50,50,Axe Lourd (Yaoundé-Douala),Yaoundé-Edea-Douala,15:20,2026-10-19
FNX-005,VIP 70,70,Axe Lourd (Douala-Yaoundé),Douala-Edea-Yaoundé,15:40,2026-10-19
FNX-011,VIP 50,50,Axe Lourd (Yaoundé-Douala),Yaoundé-Edea-Douala,15:40,2026-10-19
FNX-006,VIP 50,50,Axe Lourd (Douala-Yaoundé),Douala-Edea-Yaoundé,16:00,2026-10-19
FNX-012,VIP 50,50,Axe Lourd (Yaoundé-Douala),Yaoundé-Edea-Douala,16:00,2026-10-19
FNX-021,VIP 70,70,Axe Lourd (Douala-Yaoundé),Douala-Edea-Yaoundé,16:20,2026-10-19
FNX-013,VIP 70,70,Axe Lourd (Yaoundé-Douala),Yaoundé-Edea-Douala,16:20,2026-10-19
FNX-022,VIP 50,50,Axe Lourd (Douala-Yaoundé),Douala-Edea-Yaoundé,16:40,2026-10-19
FNX-014,VIP 50,50,Axe Lourd (Yaoundé-Douala),Yaoundé-Edea-Douala,16:40,2026-10-19
FNX-023,VIP 50,50,Axe Lourd (Douala-Yaoundé),Douala-Edea-Yaoundé,17:00,2026-10-19
FNX-015,VIP 50,50,Axe Lourd (Yaoundé-Douala),Yaoundé-Edea-Douala,17:00,2026-10-19
FNX-024,VIP 50,50,Axe Lourd (Douala-Yaoundé),Douala-Edea-Yaoundé,17:20,2026-10-19
FNX-016,VIP 50,50,Axe Lourd (Yaoundé-Douala),Yaoundé-Edea-Douala,17:20,2026-10-19
FNX-025,VIP 50,50,Axe Lourd (Douala-Yaoundé),Douala-Edea-Yaoundé,17:40,2026-10-19
FNX-017,VIP 50,50,Axe Lourd (Yaoundé-Douala),Yaoundé-Edea-Douala,17:40,2026-10-19
FNX-026,VIP 50,50,Axe Lourd (Douala-Yaoundé),Douala-Edea-Yaoundé,18:00,2026-10-19
FNX-018,VIP 70,70,Axe Lourd (Yaoundé-Douala),Yaoundé-Edea-Douala,18:00,2026-10-19
FNX-027,VIP 70,70,Axe Lourd (Douala-Yaoundé),Douala-Edea-Yaoundé,18:20,2026-10-19
FNX-019,VIP 50,50,Axe Lourd (Yaoundé-Douala),Yaoundé-Edea-Douala,18:20,2026-10-19
FNX-028,VIP 50,50,Axe Lourd (Douala-Yaoundé),Douala-Edea-Yaoundé,18:40,2026-10-19
FNX-020,VIP 70,70,Axe Lourd (Yaoundé-Douala),Yaoundé-Edea-Douala,18:40,2026-10-19
FNX-007,VIP 70,70,Axe Lourd (Douala-Yaoundé),Douala-Edea-Yaoundé,19:00,2026-10-19
FNX-001,VIP 50,50,Axe Lourd (Yaoundé-Douala),Yaoundé-Edea-Douala,19:00,2026-10-19
FNX-008,VIP 70,70,Axe Lourd (Douala-Yaoundé),Douala-Edea-Yaoundé,19:20,2026-10-19
FNX-002,VIP 50,50,Axe Lourd (Yaoundé-Douala),Yaoundé-Edea-Douala,19:20,2026-10-19
FNX-009,VIP 70,70,Axe Lourd (Douala-Yaoundé),Douala-Edea-Yaoundé,19:40,2026-10-19
FNX-003,VIP 50,50,Axe Lourd (Yaoundé-Douala),Yaoundé-Edea-Douala,19:40,2026-10-19
FNX-010,VIP 50,50,Axe Lourd (Douala-Yaoundé),Douala-Edea-Yaoundé,20:00,2026-10-19
FNX-004,VIP 50,50,Axe Lourd (Yaoundé-Douala),Yaoundé-Edea-Douala,20:00,2026-10-19
FNX-011,VIP 50,50,Axe Lourd (Douala-Yaoundé),Douala-Edea-Yaoundé,20:20,2026-10-19
FNX-005,VIP 70,70,Axe Lourd (Yaoundé-Douala),Yaoundé-Edea-Douala,20:20,2026-10-19
FNX-012,VIP 50,50,Axe Lourd (Douala-Yaoundé),Douala-Edea-Yaoundé,20:40,2026-10-19
FNX-006,VIP 50,50,Axe Lourd (Yaoundé-Douala),Yaoundé-Edea-Douala,20:40,2026-10-19
FNX-001,VIP 50,50,Axe Lourd (Douala-Yaoundé),Douala-Edea-Yaoundé,05:00,2026-10-20
FNX-007,VIP 70,70,Axe Lourd (Yaoundé-Douala),Yaoundé-Edea-Douala,05:00,2026-10-20
FNX-002,VIP 50,50,Axe Lourd (Douala-Yaoundé),Douala-Edea-Yaoundé,05:20,2026-10-20
FNX-008,VIP 70,70,Axe Lourd (Yaoundé-Douala),Yaoundé-Edea-Douala,05:20,2026-10-20
FNX-003,VIP 50,50,Axe Lourd (Douala-Yaoundé),Douala-Edea-Yaoundé,05:40,2026-10-20
FNX-009,VIP 70,70,Axe Lourd (Yaoundé-Douala),Yaoundé-Edea-Douala,05:40,2026-10-20
FNX-004,VIP 50,50,Axe Lourd (Douala-Yaoundé),Douala-Edea-Yaoundé,06:00,2026-10-20
FNX-010,VIP 50,50,Axe Lourd (Yaoundé-Douala),Yaoundé-Edea-Douala,06:00,2026-10-20
FNX-005,VIP 70,70,Axe Lourd (Douala-Yaoundé),Douala-Edea-Yaoundé,06:20,2026-10-20
FNX-011,VIP 50,50,Axe Lourd (Yaoundé-Douala),Yaoundé-Edea-Douala,06:20,2026-10-20
FNX-006,VIP 50,50,Axe Lourd (Douala-Yaoundé),Douala-Edea-Yaoundé,06:40,2026-10-20
FNX-012,VIP 50,50,Axe Lourd (Yaoundé-Douala),Yaoundé-Edea-Douala,06:40,2026-10-20
FNX-013,VIP 70,70,Axe Lourd (Douala-Yaoundé),Douala-Edea-Yaoundé,07:00,2026-10-20
FNX-021,VIP 70,70,Axe Lourd (Yaoundé-Douala),Yaoundé-Edea-Douala,07:00,2026-10-20
FNX-014,VIP 50,50,Axe Lourd (Douala-Yaoundé),Douala-Edea-Yaoundé,07:20,2026-10-20
FNX-022,VIP 50,50,Axe Lourd (Yaoundé-Douala),Yaoundé-Edea-Douala,07:20,2026-10-20
FNX-015,VIP 50,50,Axe Lourd (Douala-Yaoundé),Douala-Edea-Yaoundé,07:40,2026-10-20
FNX-023,VIP 50,50,Axe Lourd (Yaoundé-Douala),Yaoundé-Edea-Douala,07:40,2026-10-20
FNX-016,VIP 50,50,Axe Lourd (Douala-Yaoundé),Douala-Edea-Yaoundé,08:00,2026-10-20
FNX-024,VIP 50,50,Axe Lourd (Yaoundé-Douala),Yaoundé-Edea-Douala,08:00,2026-10-20
FNX-017,VIP 50,50,Axe Lourd (Douala-Yaoundé),Douala-Edea-Yaoundé,08:20,2026-10-20
FNX-025,VIP 50,50,Axe Lourd (Yaoundé-Douala),Yaoundé-Edea-Douala,08:20,2026-10-20
FNX-018,VIP 70,70,Axe Lourd (Douala-Yaoundé),Douala-Edea-Yaoundé,08:40,2026-10-20
FNX-026,VIP 50,50,Axe Lourd (Yaoundé-Douala),Yaoundé-Edea-Douala,08:40,2026-10-20
FNX-019,VIP 50,50,Axe Lourd (Douala-Yaoundé),Douala-Edea-Yaoundé,09:00,2026-10-20
FNX-027,VIP 70,70,Axe Lourd (Yaoundé-Douala),Yaoundé-Edea-Douala,09:00,2026-10-20
FNX-020,VIP 70,70,Axe Lourd (Douala-Yaoundé),Douala-Edea-Yaoundé,09:20,2026-10-20
FNX-028,VIP 50,50,Axe Lourd (Yaoundé-Douala),Yaoundé-Edea-Douala,09:20,2026-10-20
FNX-007,VIP 70,70,Axe Lourd (Douala-Yaoundé),Douala-Edea-Yaoundé,09:40,2026-10-20
FNX-001,VIP 50,50,Axe Lourd (Yaoundé-Douala),Yaoundé-Edea-Douala,09:40,2026-10-20
FNX-008,VIP 70,70,Axe Lourd (Douala-Yaoundé),Douala-Edea-Yaoundé,10:00,2026-10-20
FNX-002,VIP 50,50,Axe Lourd (Yaoundé-Douala),Yaoundé-Edea-Douala,10:00,2026-10-20
FNX-009,VIP 70,70,Axe Lourd (Douala-Yaoundé),Douala-Edea-Yaoundé,10:20,2026-10-20
FNX-003,VIP 50,50,Axe Lourd (Yaoundé-Douala),Yaoundé-Edea-Douala,10:20,2026-10-20
FNX-010,VIP 50,50,Axe Lourd (Douala-Yaoundé),Douala-Edea-Yaoundé,10:40,2026-10-20
FNX-004,VIP 50,50,Axe Lourd (Yaoundé-Douala),Yaoundé-Edea-Douala,10:40,2026-10-20
FNX-011,VIP 50,50,Axe Lourd (Douala-Yaoundé),Douala-Edea-Yaoundé,11:00,2026-10-20
FNX-005,VIP 70,70,Axe Lourd (Yaoundé-Douala),Yaoundé-Edea-Douala,11:00,2026-10-20
FNX-012,VIP 50,50,Axe Lourd (Douala-Yaoundé),Douala-Edea-Yaoundé,11:20,2026-10-20
FNX-006,VIP 50,50,Axe Lourd (Yaoundé-Douala),Yaoundé-Edea-Douala,11:20,2026-10-20
FNX-021,VIP 70,70,Axe Lourd (Douala-Yaoundé),Douala-Edea-Yaoundé,11:40,2026-10-20
FNX-013,VIP 70,70,Axe Lourd (Yaoundé-Douala),Yaoundé-Edea-Douala,11:40,2026-10-20
FNX-022,VIP 50,50,Axe Lourd (Douala-Yaoundé),Douala-Edea-Yaoundé,12:00,2026-10-20
FNX-014,VIP 50,50,Axe Lourd (Yaoundé-Douala),Yaoundé-Edea-Douala,12:00,2026-10-20
FNX-023,VIP 50,50,Axe Lourd (Douala-Yaoundé),Douala-Edea-Yaoundé,12:20,2026-10-20
FNX-015,VIP 50,50,Axe Lourd (Yaoundé-Douala),Yaoundé-Edea-Douala,12:20,2026-10-20
FNX-024,VIP 50,50,Axe Lourd (Douala-Yaoundé),Douala-Edea-Yaoundé,12:40,2026-10-20
FNX-016,VIP 50,50,Axe Lourd (Yaoundé-Douala),Yaoundé-Edea-Douala,12:40,2026-10-20
FNX-025,VIP 50,50,Axe Lourd (Douala-Yaoundé),Douala-Edea-Yaoundé,13:00,2026-10-20
FNX-017,VIP 50,50,Axe Lourd (Yaoundé-Douala),Yaoundé-Edea-Douala,13:00,2026-10-20
FNX-026,VIP 50,50,Axe Lourd (Douala-Yaoundé),Douala-Edea-Yaoundé,13:20,2026-10-20
FNX-018,VIP 70,70,Axe Lourd (Yaoundé-Douala),Yaoundé-Edea-Douala,13:20,2026-10-20
FNX-027,VIP 70,70,Axe Lourd (Douala-Yaoundé),Douala-Edea-Yaoundé,13:40,2026-10-20
FNX-019,VIP 50,50,Axe Lourd (Yaoundé-Douala),Yaoundé-Edea-Douala,13:40,2026-10-20
FNX-028,VIP 50,50,Axe Lourd (Douala-Yaoundé),Douala-Edea-Yaoundé,14:00,2026-10-20
FNX-020,VIP 70,70,Axe Lourd (Yaoundé-Douala),Yaoundé-Edea-Douala,14:00,2026-10-20
FNX-001,VIP 50,50,Axe Lourd (Douala-Yaoundé),Douala-Edea-Yaoundé,14:20,2026-10-20
FNX-007,VIP 70,70,Axe Lourd (Yaoundé-Douala),Yaoundé-Edea-Douala,14:20,2026-10-20
FNX-002,VIP 50,50,Axe Lourd (Douala-Yaoundé),Douala-Edea-Yaoundé,14:40,2026-10-20
FNX-008,VIP 70,70,Axe Lourd (Yaoundé-Douala),Yaoundé-Edea-Douala,14:40,2026-10-20
FNX-003,VIP 50,50,Axe Lourd (Douala-Yaoundé),Douala-Edea-Yaoundé,15:00,2026-10-20
FNX-009,VIP 70,70,Axe Lourd (Yaoundé-Douala),Yaoundé-Edea-Douala,15:00,2026-10-20
FNX-004,VIP 50,50,Axe Lourd (Douala-Yaoundé),Douala-Edea-Yaoundé,15:20,2026-10-20
FNX-010,VIP 50,50,Axe Lourd (Yaoundé-Douala),Yaoundé-Edea-Douala,15:20,2026-10-20
FNX-005,VIP 70,70,Axe Lourd (Douala-Yaoundé),Douala-Edea-Yaoundé,15:40,2026-10-20
FNX-011,VIP 50,50,Axe Lourd (Yaoundé-Douala),Yaoundé-Edea-Douala,15:40,2026-10-20
FNX-006,VIP 50,50,Axe Lourd (Douala-Yaoundé),Douala-Edea-Yaoundé,16:00,2026-10-20
FNX-012,VIP 50,50,Axe Lourd (Yaoundé-Douala),Yaoundé-Edea-Douala,16:00,2026-10-20
FNX-013,VIP 70,70,Axe Lourd (Douala-Yaoundé),Douala-Edea-Yaoundé,16:20,2026-10-20
FNX-021,VIP 70,70,Axe Lourd (Yaoundé-Douala),Yaoundé-Edea-Douala,16:20,2026-10-20
FNX-014,VIP 50,50,Axe Lourd (Douala-Yaoundé),Douala-Edea-Yaoundé,16:40,2026-10-20
FNX-022,VIP 50,50,Axe Lourd (Yaoundé-Douala),Yaoundé-Edea-Douala,16:40,2026-10-20
FNX-015,VIP 50,50,Axe Lourd (Douala-Yaoundé),Douala-Edea-Yaoundé,17:00,2026-10-20
FNX-023,VIP 50,50,Axe Lourd (Yaoundé-Douala),Yaoundé-Edea-Douala,17:00,2026-10-20
FNX-016,VIP 50,50,Axe Lourd (Douala-Yaoundé),Douala-Edea-Yaoundé,17:20,2026-10-20
FNX-024,VIP 50,50,Axe Lourd (Yaoundé-Douala),Yaoundé-Edea-Douala,17:20,2026-10-20
FNX-017,VIP 50,50,Axe Lourd (Douala-Yaoundé),Douala-Edea-Yaoundé,17:40,2026-10-20
FNX-025,VIP 50,50,Axe Lourd (Yaoundé-Douala),Yaoundé-Edea-Douala,17:40,2026-10-20
FNX-018,VIP 70,70,Axe Lourd (Douala-Yaoundé),Douala-Edea-Yaoundé,18:00,2026-10-20
FNX-026,VIP 50,50,Axe Lourd (Yaoundé-Douala),Yaoundé-Edea-Douala,18:00,2026-10-20
FNX-019,VIP 50,50,Axe Lourd (Douala-Yaoundé),Douala-Edea-Yaoundé,18:20,2026-10-20
FNX-027,VIP 70,70,Axe Lourd (Yaoundé-Douala),Yaoundé-Edea-Douala,18:20,2026-10-20
FNX-020,VIP 70,70,Axe Lourd (Douala-Yaoundé),Douala-Edea-Yaoundé,18:40,2026-10-20
FNX-028,VIP 50,50,Axe Lourd (Yaoundé-Douala),Yaoundé-Edea-Douala,18:40,2026-10-20
FNX-007,VIP 70,70,Axe Lourd (Douala-Yaoundé),Douala-Edea-Yaoundé,19:00,2026-10-20
FNX-001,VIP 50,50,Axe Lourd (Yaoundé-Douala),Yaoundé-Edea-Douala,19:00,2026-10-20
FNX-008,VIP 70,70,Axe Lourd (Douala-Yaoundé),Douala-Edea-Yaoundé,19:20,2026-10-20
FNX-002,VIP 50,50,Axe Lourd (Yaoundé-Douala),Yaoundé-Edea-Douala,19:20,2026-10-20
FNX-009,VIP 70,70,Axe Lourd (Douala-Yaoundé),Douala-Edea-Yaoundé,19:40,2026-10-20
FNX-003,VIP 50,50,Axe Lourd (Yaoundé-Douala),Yaoundé-Edea-Douala,19:40,2026-10-20
FNX-010,VIP 50,50,Axe Lourd (Douala-Yaoundé),Douala-Edea-Yaoundé,20:00,2026-10-20
FNX-004,VIP 50,50,Axe Lourd (Yaoundé-Douala),Yaoundé-Edea-Douala,20:00,2026-10-20
FNX-011,VIP 50,50,Axe Lourd (Douala-Yaoundé),Douala-Edea-Yaoundé,20:20,2026-10-20
FNX-005,VIP 70,70,Axe Lourd (Yaoundé-Douala),Yaoundé-Edea-Douala,20:20,2026-10-20
FNX-012,VIP 50,50,Axe Lourd (Douala-Yaoundé),Douala-Edea-Yaoundé,20:40,2026-10-20
FNX-006,VIP 50,50,Axe Lourd (Yaoundé-Douala),Yaoundé-Edea-Douala,20:40,2026-10-20
