Matricule Bus,Type Bus,Capacité,Nom de la Ligne,Arrêts,Heure Depart,Date Depart
GEN-001,VIP 50,50,Douala - Yaoundé,Douala-Edea-Yaoundé,05:00,2026-09-22
GEN-009,Classique 70,70,Yaoundé - Douala,Yaoundé-Edea-Douala,05:00,2026-09-22
GEN-017,VIP 50,50,Douala - Ouest,Douala-Bafang-Bafoussam,05:00,2026-09-22
GEN-025,VIP 50,50,Ouest - Douala,Bafoussam-Bafang-Douala,05:00,2026-09-22
GEN-002,Classique 70,70,Douala - Yaoundé,Douala-Edea-Yaoundé,05:15,2026-09-22
GEN-010,Premium 30,30,Yaoundé - Douala,Yaoundé-Edea-Douala,05:15,2026-09-22
GEN-003,VIP 50,50,Douala - Yaoundé,Douala-Edea-Yaoundé,05:30,2026-09-22
GEN-011,Classique 70,70,Yaoundé - Douala,Yaoundé-Edea-Douala,05:30,2026-09-22
GEN-018,Premium 30,30,Douala - Ouest,Douala-Bafang-Bafoussam,05:30,2026-09-22
GEN-026,VIP 50,50,Ouest - Douala,Bafoussam-Bafang-Douala,05:30,2026-09-22
GEN-004,Classique 70,70,Douala - Yaoundé,Douala-Edea-Yaoundé,05:45,2026-09-22
GEN-012,VIP 50,50,Yaoundé - Douala,Yaoundé-Edea-Douala,05:45,2026-09-22
GEN-005,Classique 70,70,Douala - Yaoundé,Douala-Edea-Yaoundé,06:00,2026-09-22
GEN-013,Premium 30,30,Yaoundé - Douala,Yaoundé-Edea-Douala,06:00,2026-09-22
GEN-019,Classique 70,70,Douala - Ouest,Douala-Bafang-Bafoussam,06:00,2026-09-22
GEN-027,Classique 70,70,Ouest - Douala,Bafoussam-Bafang-Douala,06:00,2026-09-22
GEN-006,Classique 70,70,Douala - Yaoundé,Douala-Edea-Yaoundé,06:15,2026-09-22
GEN-014,Classique 70,70,Yaoundé - Douala,Yaoundé-Edea-Douala,06:15,2026-09-22
GEN-007,Classique 70,70,Douala - Yaoundé,Douala-Edea-Yaoundé,06:30,2026-09-22
GEN-015,VIP 50,50,Yaoundé - Douala,Yaoundé-Edea-Douala,06:30,2026-09-22
GEN-020,Premium 30,30,Douala - Ouest,Douala-Bafang-Bafoussam,06:30,2026-09-22
GEN-028,Premium 30,30,Ouest - Douala,Bafoussam-Bafang-Douala,06:30,2026-09-22
GEN-008,VIP 50,50,Douala - Yaoundé,Douala-Edea-Yaoundé,06:45,2026-09-22
GEN-016,VIP 50,50,Yaoundé - Douala,Yaoundé-Edea-Douala,06:45,2026-09-22
GEN-021,Classique 70,70,Douala - Ouest,Douala-Bafang-Bafoussam,07:00,2026-09-22
GEN-029,Classique 70,70,Ouest - Douala,Bafoussam-Bafang-Douala,07:00,2026-09-22
GEN-022,VIP 50,50,Douala - Ouest,Douala-Bafang-Bafoussam,07:30,2026-09-22
GEN-030,VIP 50,50,Ouest - Douala,Bafoussam-Bafang-Douala,07:30,2026-09-22
GEN-023,Classique 70,70,Douala - Ouest,Douala-Bafang-Bafoussam,08:00,2026-09-22
GEN-031,Premium 30,30,Ouest - Douala,Bafoussam-Bafang-Douala,08:00,2026-09-22
GEN-024,Premium 30,30,Douala - Ouest,Douala-Bafang-Bafoussam,08:30,2026-09-22
GEN-032,VIP 50,50,Ouest - Douala,Bafoussam-Bafang-Douala,08:30,2026-09-22
GEN-009,Classique 70,70,Douala - Yaoundé,Douala-Edea-Yaoundé,09:30,2026-09-22
GEN-001,VIP 50,50,Yaoundé - Douala,Yaoundé-Edea-Douala,09:30,2026-09-22
GEN-010,Premium 30,30,Douala - Yaoundé,Douala-Edea-Yaoundé,09:45,2026-09-22
GEN-002,Classique 70,70,Yaoundé - Douala,Yaoundé-Edea-Douala,09:45,2026-09-22
GEN-011,Classique 70,70,Douala - Yaoundé,Douala-Edea-Yaoundé,10:00,2026-09-22
GEN-003,VIP 50,50,Yaoundé - Douala,Yaoundé-Edea-Douala,10:00,2026-09-22
GEN-012,VIP 50,50,Douala - Yaoundé,Douala-Edea-Yaoundé,10:15,2026-09-22
GEN-004,Classique 70,70,Yaoundé - Douala,Yaoundé-Edea-Douala,10:15,2026-09-22
GEN-013,Premium 30,30,Douala - Yaoundé,Douala-Edea-Yaoundé,10:30,2026-09-22
GEN-005,Classique 70,70,Yaoundé - Douala,Yaoundé-Edea-Douala,10:30,2026-09-22
GEN-025,VIP 50,50,Douala - Ouest,Douala-Bafang-Bafoussam,10:30,2026-09-22
GEN-017,VIP 50,50,Ouest - Douala,Bafoussam-Bafang-Douala,10:30,2026-09-22
GEN-014,Classique 70,70,Douala - Yaoundé,Douala-Edea-Yaoundé,10:45,2026-09-22
GEN-006,Classique 70,70,Yaoundé - Douala,Yaoundé-Edea-Douala,10:45,2026-09-22
GEN-015,VIP 50,50,Douala - Yaoundé,Douala-Edea-Yaoundé,11:00,2026-09-22
GEN-007,Classique 70,70,Yaoundé - Douala,Yaoundé-Edea-Douala,11:00,2026-09-22
GEN-026,VIP 50,50,Douala - Ouest,Douala-Bafang-Bafoussam,11:00,2026-09-22
GEN-018,Premium 30,30,Ouest - Douala,Bafoussam-Bafang-Douala,11:00,2026-09-22
GEN-016,VIP 50,50,Douala - Yaoundé,Douala-Edea-Yaoundé,11:15,2026-09-22
GEN-008,VIP 50,50,Yaoundé - Douala,Yaoundé-Edea-Douala,11:15,2026-09-22
GEN-027,Classique 70,70,Douala - Ouest,Douala-Bafang-Bafoussam,11:30,2026-09-22
GEN-019,Classique 70,70,Ouest - Douala,Bafoussam-Bafang-Douala,11:30,2026-09-22
GEN-028,Premium 30,30,Douala - Ouest,Douala-Bafang-Bafoussam,12:00,2026-09-22
GEN-020,Premium 30,30,Ouest - Douala,Bafoussam-Bafang-Douala,12:00,2026-09-22
GEN-029,Classique 70,70,Douala - Ouest,Douala-Bafang-Bafoussam,12:30,2026-09-22
GEN-021,Classique 70,70,Ouest - Douala,Bafoussam-Bafang-Douala,12:30,2026-09-22
GEN-030,VIP 50,50,Douala - Ouest,Douala-Bafang-Bafoussam,13:00,2026-09-22
GEN-022,VIP 50,50,Ouest - Douala,Bafoussam-Bafang-Douala,13:00,2026-09-22
GEN-031,Premium 30,30,Douala - Ouest,Douala-Bafang-Bafoussam,13:30,2026-09-22
GEN-023,Classique 70,70,Ouest - Douala,Bafoussam-Bafang-Douala,13:30,2026-09-22
GEN-001,VIP 50,50,Douala - Yaoundé,Douala-Edea-Yaoundé,14:00,2026-09-22
GEN-009,Classique 70,70,Yaoundé - Douala,Yaoundé-Edea-Douala,14:00,2026-09-22
GEN-032,VIP 50,50,Douala - Ouest,Douala-Bafang-Bafoussam,14:00,2026-09-22
GEN-024,Premium 30,30,Ouest - Douala,Bafoussam-Bafang-Douala,14:00,2026-09-22
GEN-002,Classique 70,70,Douala - Yaoundé,Douala-Edea-Yaoundé,14:15,2026-09-22
GEN-010,Premium 30,30,Yaoundé - Douala,Yaoundé-Edea-Douala,14:15,2026-09-22
GEN-003,VIP 50,50,Douala - Yaoundé,Douala-Edea-Yaoundé,14:30,2026-09-22
GEN-011,Classique 70,70,Yaoundé - Douala,Yaoundé-Edea-Douala,14:30,2026-09-22
GEN-004,Classique 70,70,Douala - Yaoundé,Douala-Edea-Yaoundé,14:45,2026-09-22
GEN-012,VIP 50,50,Yaoundé - Douala,Yaoundé-Edea-Douala,14:45,2026-09-22
GEN-005,Classique 70,70,Douala - Yaoundé,Douala-Edea-Yaoundé,15:00,2026-09-22
GEN-013,Premium 30,30,Yaoundé - Douala,Yaoundé-Edea-Douala,15:00,2026-09-22
GEN-006,Classique 70,70,Douala - Yaoundé,Douala-Edea-Yaoundé,15:15,2026-09-22
GEN-014,Classique 70,70,Yaoundé - Douala,Yaoundé-Edea-Douala,15:15,2026-09-22
GEN-007,Classique 70,70,Douala - Yaoundé,Douala-Edea-Yaoundé,15:30,2026-09-22
GEN-015,VIP 50,50,Yaoundé - Douala,Yaoundé-Edea-Douala,15:30,2026-09-22
GEN-008,VIP 50,50,Douala - Yaoundé,Douala-Edea-Yaoundé,15:45,2026-09-22
GEN-016,VIP 50,50,Yaoundé - Douala,Yaoundé-Edea-Douala,15:45,2026-09-22
GEN-017,VIP 50,50,Douala - Ouest,Douala-Bafang-Bafoussam,16:00,2026-09-22
GEN-025,VIP 50,50,Ouest - Douala,Bafoussam-Bafang-Douala,16:00,2026-09-22
GEN-018,Premium 30,30,Douala - Ouest,Douala-Bafang-Bafoussam,16:30,2026-09-22
GEN-026,VIP 50,50,Ouest - Douala,Bafoussam-Bafang-Douala,16:30,2026-09-22
GEN-019,Classique 70,70,Douala - Ouest,Douala-Bafang-Bafoussam,17:00,2026-09-22
GEN-027,Classique 70,70,Ouest - Douala,Bafoussam-Bafang-Douala,17:00,2026-09-22
GEN-020,Premium 30,30,Douala - Ouest,Douala-Bafang-Bafoussam,17:30,2026-09-22
GEN-028,Premium 30,30,Ouest - Douala,Bafoussam-Bafang-Douala,17:30,2026-09-22
GEN-021,Classique 70,70,Douala - Ouest,Douala-Bafang-Bafoussam,18:00,2026-09-22
GEN-029,Classique 70,70,Ouest - Douala,Bafoussam-Bafang-Douala,18:00,2026-09-22
GEN-009,Classique 70,70,Douala - Yaoundé,Douala-Edea-Yaoundé,18:30,2026-09-22
GEN-001,VIP 50,50,Yaoundé - Douala,Yaoundé-Edea-Douala,18:30,2026-09-22
GEN-022,VIP 50,50,Douala - Ouest,Douala-Bafang-Bafoussam,18:30,2026-09-22
GEN-030,VIP 50,50,Ouest - Douala,Bafoussam-Bafang-Douala,18:30,2026-09-22
GEN-010,Premium 30,30,Douala - Yaoundé,Douala-Edea-Yaoundé,18:45,2026-09-22
GEN-002,Classique 70,70,Yaoundé - Douala,Yaoundé-Edea-Douala,18:45,2026-09-22
GEN-011,Classique 70,70,Douala - Yaoundé,Douala-Edea-Yaoundé,19:00,2026-09-22
GEN-003,VIP 50,50,Yaoundé - Douala,Yaoundé-Edea-Douala,19:00,2026-09-22
GEN-023,Classique 70,70,Douala - Ouest,Douala-Bafang-Bafoussam,19:00,2026-09-22
GEN-031,Premium 30,30,Ouest - Douala,Bafoussam-Bafang-Douala,19:00,2026-09-22
GEN-012,VIP 50,50,Douala - Yaoundé,Douala-Edea-Yaoundé,19:15,2026-09-22
GEN-004,Classique 70,70,Yaoundé - Douala,Yaoundé-Edea-Douala,19:15,2026-09-22
GEN-013,Premium 30,30,Douala - Yaoundé,Douala-Edea-Yaoundé,19:30,2026-09-22
GEN-005,Classique 70,70,Yaoundé - Douala,Yaoundé-Edea-Douala,19:30,2026-09-22
GEN-024,Premium 30,30,Douala - Ouest,Douala-Bafang-Bafoussam,19:30,2026-09-22
GEN-032,VIP 50,50,Ouest - Douala,Bafoussam-Bafang-Douala,19:30,2026-09-22
GEN-014,Classique 70,70,Douala - Yaoundé,Douala-Edea-Yaoundé,19:45,2026-09-22
GEN-006,Classique 70,70,Yaoundé - Douala,Yaoundé-Edea-Douala,19:45,2026-09-22
GEN-015,VIP 50,50,Douala - Yaoundé,Douala-Edea-Yaoundé,20:00,2026-09-22
GEN-007,Classique 70,70,Yaoundé - Douala,Yaoundé-Edea-Douala,20:00,2026-09-22
GEN-016,VIP 50,50,Douala - Yaoundé,Douala-Edea-Yaoundé,20:15,2026-09-22
GEN-008,VIP 50,50,Yaoundé - Douala,Yaoundé-Edea-Douala,20:15,2026-09-22
GEN-001,VIP 50,50,Douala - Yaoundé,Douala-Edea-Yaoundé,05:00,2026-09-23
GEN-009,Classique 70,70,Yaoundé - Douala,Yaoundé-Edea-Douala,05:00,2026-09-23
GEN-025,VIP 50,50,Douala - Ouest,Douala-Bafang-Bafoussam,05:00,2026-09-23
GEN-017,VIP 50,50,Ouest - Douala,Bafoussam-Bafang-Douala,05:00,2026-09-23
GEN-002,Classique 70,70,Douala - Yaoundé,Douala-Edea-Yaoundé,05:15,2026-09-23
GEN-010,Premium 30,30,Yaoundé - Douala,Yaoundé-Edea-Douala,05:15,2026-09-23
GEN-003,VIP 50,50,Douala - Yaoundé,Douala-Edea-Yaoundé,05:30,2026-09-23
GEN-011,Classique 70,70,Yaoundé - Douala,Yaoundé-Edea-Douala,05:30,2026-09-23
GEN-026,VIP 50,50,Douala - Ouest,Douala-Bafang-Bafoussam,05:30,2026-09-23
GEN-018,Premium 30,30,Ouest - Douala,Bafoussam-Bafang-Douala,05:30,2026-09-23
GEN-004,Classique 70,70,Douala - Yaoundé,Douala-Edea-Yaoundé,05:45,2026-09-23
GEN-012,VIP 50,50,Yaoundé - Douala,Yaoundé-Edea-Douala,05:45,2026-09-23
GEN-005,Classique 70,70,Douala - Yaoundé,Douala-Edea-Yaoundé,06:00,2026-09-23
GEN-013,Premium 30,30,Yaoundé - Douala,Yaoundé-Edea-Douala,06:00,2026-09-23
GEN-027,Classique 70,70,Douala - Ouest,Douala-Bafang-Bafoussam,06:00,2026-09-23
GEN-019,Classique 70,70,Ouest - Douala,Bafoussam-Bafang-Douala,06:00,2026-09-23
GEN-006,Classique 70,70,Douala - Yaoundé,Douala-Edea-Yaoundé,06:15,2026-09-23
GEN-014,Classique 70,70,Yaoundé - Douala,Yaoundé-Edea-Douala,06:15,2026-09-23
GEN-007,Classique 70,70,Douala - Yaoundé,Douala-Edea-Yaoundé,06:30,2026-09-23
GEN-015,VIP 50,50,Yaoundé - Douala,Yaoundé-Edea-Douala,06:30,2026-09-23
GEN-028,Premium 30,30,Douala - Ouest,Douala-Bafang-Bafoussam,06:30,2026-09-23
GEN-020,Premium 30,30,Ouest - Douala,Bafoussam-Bafang-Douala,06:30,2026-09-23
GEN-008,VIP 50,50,Douala - Yaoundé,Douala-Edea-Yaoundé,06:45,2026-09-23
GEN-016,VIP 50,50,Yaoundé - Douala,Yaoundé-Edea-Douala,06:45,2026-09-23
GEN-029,Classique 70,70,Douala - Ouest,Douala-Bafang-Bafoussam,07:00,2026-09-23
GEN-021,Classique 70,70,Ouest - Douala,Bafoussam-Bafang-Douala,07:00,2026-09-23
GEN-030,VIP 50,50,Douala - Ouest,Douala-Bafang-Bafoussam,07:30,2026-09-23
GEN-022,VIP 50,50,Ouest - Douala,Bafoussam-Bafang-Douala,07:30,2026-09-23
GEN-031,Premium 30,30,Douala - Ouest,Douala-Bafang-Bafoussam,08:00,2026-09-23
GEN-023,Classique 70,70,Ouest - Douala,Bafoussam-Bafang-Douala,08:00,2026-09-23
GEN-032,VIP 50,50,Douala - Ouest,Douala-Bafang-Bafoussam,08:30,2026-09-23
GEN-024,Premium 30,30,Ouest - Douala,Bafoussam-Bafang-Douala,08:30,2026-09-23
GEN-009,Classique 70,70,Douala - Yaoundé,Douala-Edea-Yaoundé,09:30,2026-09-23
GEN-001,VIP 50,50,Yaoundé - Douala,Yaoundé-Edea-Douala,09:30,2026-09-23
GEN-010,Premium 30,30,Douala - Yaoundé,Douala-Edea-Yaoundé,09:45,2026-09-23
GEN-002,Classique 70,70,Yaoundé - Douala,Yaoundé-Edea-Douala,09:45,2026-09-23
GEN-011,Classique 70,70,Douala - Yaoundé,Douala-Edea-Yaoundé,10:00,2026-09-23
GEN-003,VIP 50,50,Yaoundé - Douala,Yaoundé-Edea-Douala,10:00,2026-09-23
GEN-012,VIP 50,50,Douala - Yaoundé,Douala-Edea-Yaoundé,10:15,2026-09-23
GEN-004,Classique 70,70,Yaoundé - Douala,Yaoundé-Edea-Douala,10:15,2026-09-23
GEN-013,Premium 30,30,Douala - Yaoundé,Douala-Edea-Yaoundé,10:30,2026-09-23
GEN-005,Classique 70,70,Yaoundé - Douala,Yaoundé-Edea-Douala,10:30,2026-09-23
GEN-017,VIP 50,50,Douala - Ouest,Douala-Bafang-Bafoussam,10:30,2026-09-23
GEN-025,VIP 50,50,Ouest - Douala,Bafoussam-Bafang-Douala,10:30,2026-09-23
GEN-014,Classique 70,70,Douala - Yaoundé,Douala-Edea-Yaoundé,10:45,2026-09-23
GEN-006,Classique 70,70,Yaoundé - Douala,Yaoundé-Edea-Douala,10:45,2026-09-23
GEN-015,VIP 50,50,Douala - Yaoundé,Douala-Edea-Yaoundé,11:00,2026-09-23
GEN-007,Classique 70,70,Yaoundé - Douala,Yaoundé-Edea-Douala,11:00,2026-09-23
GEN-018,Premium 30,30,Douala - Ouest,Douala-Bafang-Bafoussam,11:00,2026-09-23
GEN-026,VIP 50,50,Ouest - Douala,Bafoussam-Bafang-Douala,11:00,2026-09-23
GEN-016,VIP 50,50,Douala - Yaoundé,Douala-Edea-Yaoundé,11:15,2026-09-23
GEN-008,VIP 50,50,Yaoundé - Douala,Yaoundé-Edea-Douala,11:15,2026-09-23
GEN-019,Classique 70,70,Douala - Ouest,Douala-Bafang-Bafoussam,11:30,2026-09-23
GEN-027,Classique 70,70,Ouest - Douala,Bafoussam-Bafang-Douala,11:30,2026-09-23
GEN-020,Premium 30,30,Douala - Ouest,Douala-Bafang-Bafoussam,12:00,2026-09-23
GEN-028,Premium 30,30,Ouest - Douala,Bafoussam-Bafang-Douala,12:00,2026-09-23
GEN-021,Classique 70,70,Douala - Ouest,Douala-Bafang-Bafoussam,12:30,2026-09-23
GEN-029,Classique 70,70,Ouest - Douala,Bafoussam-Bafang-Douala,12:30,2026-09-23
GEN-022,VIP 50,50,Douala - Ouest,Douala-Bafang-Bafoussam,13:00,2026-09-23
GEN-030,VIP 50,50,Ouest - Douala,Bafoussam-Bafang-Douala,13:00,2026-09-23
GEN-023,Classique 70,70,Douala - Ouest,Douala-Bafang-Bafoussam,13:30,2026-09-23
GEN-031,Premium 30,30,Ouest - Douala,Bafoussam-Bafang-Douala,13:30,2026-09-23
GEN-001,VIP 50,50,Douala - Yaoundé,Douala-Edea-Yaoundé,14:00,2026-09-23
GEN-009,Classique 70,70,Yaoundé - Douala,Yaoundé-Edea-Douala,14:00,2026-09-23
GEN-024,Premium 30,30,Douala - Ouest,Douala-Bafang-Bafoussam,14:00,2026-09-23
GEN-032,VIP 50,50,Ouest - Douala,Bafoussam-Bafang-Douala,14:00,2026-09-23
GEN-002,Classique 70,70,Douala - Yaoundé,Douala-Edea-Yaoundé,14:15,2026-09-23
GEN-010,Premium 30,30,Yaoundé - Douala,Yaoundé-Edea-Douala,14:15,2026-09-23
GEN-003,VIP 50,50,Douala - Yaoundé,Douala-Edea-Yaoundé,14:30,2026-09-23
GEN-011,Classique 70,70,Yaoundé - Douala,Yaoundé-Edea-Douala,14:30,2026-09-23
GEN-004,Classique 70,70,Douala - Yaoundé,Douala-Edea-Yaoundé,14:45,2026-09-23
GEN-012,VIP 50,50,Yaoundé - Douala,Yaoundé-Edea-Douala,14:45,2026-09-23
GEN-005,Classique 70,70,Douala - Yaoundé,Douala-Edea-Yaoundé,15:00,2026-09-23
GEN-013,Premium 30,30,Yaoundé - Douala,Yaoundé-Edea-Douala,15:00,2026-09-23
GEN-006,Classique 70,70,Douala - Yaoundé,Douala-Edea-Yaoundé,15:15,2026-09-23
GEN-014,Classique 70,70,Yaoundé - Douala,Yaoundé-Edea-Douala,15:15,2026-09-23
GEN-007,Classique 70,70,Douala - Yaoundé,Douala-Edea-Yaoundé,15:30,2026-09-23
GEN-015,VIP 50,50,Yaoundé - Douala,Yaoundé-Edea-Douala,15:30,2026-09-23
GEN-008,VIP 50,50,Douala - Yaoundé,Douala-Edea-Yaoundé,15:45,2026-09-23
GEN-016,VIP 50,50,Yaoundé - Douala,Yaoundé-Edea-Douala,15:45,2026-09-23
GEN-025,VIP 50,50,Douala - Ouest,Douala-Bafang-Bafoussam,16:00,2026-09-23
GEN-017,VIP 50,50,Ouest - Douala,Bafoussam-Bafang-Douala,16:00,2026-09-23
GEN-026,VIP 50,50,Douala - Ouest,Douala-Bafang-Bafoussam,16:30,2026-09-23
GEN-018,Premium 30,30,Ouest - Douala,Bafoussam-Bafang-Douala,16:30,2026-09-23
GEN-027,Classique 70,70,Douala - Ouest,Douala-Bafang-Bafoussam,17:00,2026-09-23
GEN-019,Classique 70,70,Ouest - Douala,Bafoussam-Bafang-Douala,17:00,2026-09-23
GEN-028,Premium 30,30,Douala - Ouest,Douala-Bafang-Bafoussam,17:30,2026-09-23
GEN-020,Premium 30,30,Ouest - Douala,Bafoussam-Bafang-Douala,17:30,2026-09-23
GEN-029,Classique 70,70,Douala - Ouest,Douala-Bafang-Bafoussam,18:00,2026-09-23
GEN-021,Classique 70,70,Ouest - Douala,Bafoussam-Bafang-Douala,18:00,2026-09-23
GEN-009,Classique 70,70,Douala - Yaoundé,Douala-Edea-Yaoundé,18:30,2026-09-23
GEN-001,VIP 50,50,Yaoundé - Douala,Yaoundé-Edea-Douala,18:30,2026-09-23
GEN-030,VIP 50,50,Douala - Ouest,Douala-Bafang-Bafoussam,18:30,2026-09-23
GEN-022,VIP 50,50,Ouest - Douala,Bafoussam-Bafang-Douala,18:30,2026-09-23
GEN-010,Premium 30,30,Douala - Yaoundé,Douala-Edea-Yaoundé,18:45,2026-09-23
GEN-002,Classique 70,70,Yaoundé - Douala,Yaoundé-Edea-Douala,18:45,2026-09-23
GEN-011,Classique 70,70,Douala - Yaoundé,Douala-Edea-Yaoundé,19:00,2026-09-23
GEN-003,VIP 50,50,Yaoundé - Douala,Yaoundé-Edea-Douala,19:00,2026-09-23
GEN-031,Premium 30,30,Douala - Ouest,Douala-Bafang-Bafoussam,19:00,2026-09-23
GEN-023,Classique 70,70,Ouest - Douala,Bafoussam-Bafang-Douala,19:00,2026-09-23
GEN-012,VIP 50,50,Douala - Yaoundé,Douala-Edea-Yaoundé,19:15,2026-09-23
GEN-004,Classique 70,70,Yaoundé - Douala,Yaoundé-Edea-Douala,19:15,2026-09-23
GEN-013,Premium 30,30,Douala - Yaoundé,Douala-Edea-Yaoundé,19:30,2026-09-23
GEN-005,Classique 70,70,Yaoundé - Douala,Yaoundé-Edea-Douala,19:30,2026-09-23
GEN-032,VIP 50,50,Douala - Ouest,Douala-Bafang-Bafoussam,19:30,2026-09-23
GEN-024,Premium 30,30,Ouest - Douala,Bafoussam-Bafang-Douala,19:30,2026-09-23
GEN-014,Classique 70,70,Douala - Yaoundé,Douala-Edea-Yaoundé,19:45,2026-09-23
GEN-006,Classique 70,70,Yaoundé - Douala,Yaoundé-Edea-Douala,19:45,2026-09-23
GEN-015,VIP 50,50,Douala - Yaoundé,Douala-Edea-Yaoundé,20:00,2026-09-23
GEN-007,Classique 70,70,Yaoundé - Douala,Yaoundé-Edea-Douala,20:00,2026-09-23
GEN-016,VIP 50,50,Douala - Yaoundé,Douala-Edea-Yaoundé,20:15,2026-09-23
GEN-008,VIP 50,50,Yaoundé - Douala,Yaoundé-Edea-Douala,20:15,2026-09-23
GEN-001,VIP 50,50,Douala - Yaoundé,Douala-Edea-Yaoundé,05:00,2026-09-24
GEN-009,Classique 70,70,Yaoundé - Douala,Yaoundé-Edea-Douala,05:00,2026-09-24
GEN-017,VIP 50,50,Douala - Ouest,Douala-Bafang-Bafoussam,05:00,2026-09-24
GEN-025,VIP 50,50,Ouest - Douala,Bafoussam-Bafang-Douala,05:00,2026-09-24
GEN-002,Classique 70,70,Douala - Yaoundé,Douala-Edea-Yaoundé,05:15,2026-09-24
GEN-010,Premium 30,30,Yaoundé - Douala,Yaoundé-Edea-Douala,05:15,2026-09-24
GEN-003,VIP 50,50,Douala - Yaoundé,Douala-Edea-Yaoundé,05:30,2026-09-24
GEN-011,Classique 70,70,Yaoundé - Douala,Yaoundé-Edea-Douala,05:30,2026-09-24
GEN-018,Premium 30,30,Douala - Ouest,Douala-Bafang-Bafoussam,05:30,2026-09-24
GEN-026,VIP 50,50,Ouest - Douala,Bafoussam-Bafang-Douala,05:30,2026-09-24
GEN-004,Classique 70,70,Douala - Yaoundé,Douala-Edea-Yaoundé,05:45,2026-09-24
GEN-012,VIP 50,50,Yaoundé - Douala,Yaoundé-Edea-Douala,05:45,2026-09-24
GEN-005,Classique 70,70,Douala - Yaoundé,Douala-Edea-Yaoundé,06:00,2026-09-24
GEN-013,Premium 30,30,Yaoundé - Douala,Yaoundé-Edea-Douala,06:00,2026-09-24
GEN-019,Classique 70,70,Douala - Ouest,Douala-Bafang-Bafoussam,06:00,2026-09-24
GEN-027,Classique 70,70,Ouest - Douala,Bafoussam-Bafang-Douala,06:00,2026-09-24
GEN-006,Classique 70,70,Douala - Yaoundé,Douala-Edea-Yaoundé,06:15,2026-09-24
GEN-014,Classique 70,70,Yaoundé - Douala,Yaoundé-Edea-Douala,06:15,2026-09-24
GEN-007,Classique 70,70,Douala - Yaoundé,Douala-Edea-Yaoundé,06:30,2026-09-24
GEN-015,VIP 50,50,Yaoundé - Douala,Yaoundé-Edea-Douala,06:30,2026-09-24
GEN-020,Premium 30,30,Douala - Ouest,Douala-Bafang-Bafoussam,06:30,2026-09-24
GEN-028,Premium 30,30,Ouest - Douala,Bafoussam-Bafang-Douala,06:30,2026-09-24
GEN-008,VIP 50,50,Douala - Yaoundé,Douala-Edea-Yaoundé,06:45,2026-09-24
GEN-016,VIP 50,50,Yaoundé - Douala,Yaoundé-Edea-Douala,06:45,2026-09-24
GEN-021,Classique 70,70,Douala - Ouest,Douala-Bafang-Bafoussam,07:00,2026-09-24
GEN-029,Classique 70,70,Ouest - Douala,Bafoussam-Bafang-Douala,07:00,2026-09-24
GEN-022,VIP 50,50,Douala - Ouest,Douala-Bafang-Bafoussam,07:30,2026-09-24
GEN-030,VIP 50,50,Ouest - Douala,Bafoussam-Bafang-Douala,07:30,2026-09-24
GEN-023,Classique 70,70,Douala - Ouest,Douala-Bafang-Bafoussam,08:00,2026-09-24
GEN-031,Premium 30,30,Ouest - Douala,Bafoussam-Bafang-Douala,08:00,2026-09-24
GEN-024,Premium 30,30,Douala - Ouest,Douala-Bafang-Bafoussam,08:30,2026-09-24
GEN-032,VIP 50,50,Ouest - Douala,Bafoussam-Bafang-Douala,08:30,2026-09-24
GEN-009,Classique 70,70,Douala - Yaoundé,Douala-Edea-Yaoundé,09:30,2026-09-24
GEN-001,VIP 50,50,Yaoundé - Douala,Yaoundé-Edea-Douala,09:30,2026-09-24
GEN-010,Premium 30,30,Douala - Yaoundé,Douala-Edea-Yaoundé,09:45,2026-09-24
GEN-002,Classique 70,70,Yaoundé - Douala,Yaoundé-Edea-Douala,09:45,2026-09-24
GEN-011,Classique 70,70,Douala - Yaoundé,Douala-Edea-Yaoundé,10:00,2026-09-24
GEN-003,VIP 50,50,Yaoundé - Douala,Yaoundé-Edea-Douala,10:00,2026-09-24
GEN-012,VIP 50,50,Douala - Yaoundé,Douala-Edea-Yaoundé,10:15,2026-09-24
GEN-004,Classique 70,70,Yaoundé - Douala,Yaoundé-Edea-Douala,10:15,2026-09-24
GEN-013,Premium 30,30,Douala - Yaoundé,Douala-Edea-Yaoundé,10:30,2026-09-24
GEN-005,Classique 70,70,Yaoundé - Douala,Yaoundé-Edea-Douala,10:30,2026-09-24
GEN-025,VIP 50,50,Douala - Ouest,Douala-Bafang-Bafoussam,10:30,2026-09-24
GEN-017,VIP 50,50,Ouest - Douala,Bafoussam-Bafang-Douala,10:30,2026-09-24
GEN-014,Classique 70,70,Douala - Yaoundé,Douala-Edea-Yaoundé,10:45,2026-09-24
GEN-006,Classique 70,70,Yaoundé - Douala,Yaoundé-Edea-Douala,10:45,2026-09-24
GEN-015,VIP 50,50,Douala - Yaoundé,Douala-Edea-Yaoundé,11:00,2026-09-24
GEN-007,Classique 70,70,Yaoundé - Douala,Yaoundé-Edea-Douala,11:00,2026-09-24
GEN-026,VIP 50,50,Douala - Ouest,Douala-Bafang-Bafoussam,11:00,2026-09-24
GEN-018,Premium 30,30,Ouest - Douala,Bafoussam-Bafang-Douala,11:00,2026-09-24
GEN-016,VIP 50,50,Douala - Yaoundé,Douala-Edea-Yaoundé,11:15,2026-09-24
GEN-008,VIP 50,50,Yaoundé - Douala,Yaoundé-Edea-Douala,11:15,2026-09-24
GEN-027,Classique 70,70,Douala - Ouest,Douala-Bafang-Bafoussam,11:30,2026-09-24
GEN-019,Classique 70,70,Ouest - Douala,Bafoussam-Bafang-Douala,11:30,2026-09-24
GEN-028,Premium 30,30,Douala - Ouest,Douala-Bafang-Bafoussam,12:00,2026-09-24
GEN-020,Premium 30,30,Ouest - Douala,Bafoussam-Bafang-Douala,12:00,2026-09-24
GEN-029,Classique 70,70,Douala - Ouest,Douala-Bafang-Bafoussam,12:30,2026-09-24
GEN-021,Classique 70,70,Ouest - Douala,Bafoussam-Bafang-Douala,12:30,2026-09-24
GEN-030,VIP 50,50,Douala - Ouest,Douala-Bafang-Bafoussam,13:00,2026-09-24
GEN-022,VIP 50,50,Ouest - Douala,Bafoussam-Bafang-Douala,13:00,2026-09-24
GEN-031,Premium 30,30,Douala - Ouest,Douala-Bafang-Bafoussam,13:30,2026-09-24
GEN-023,Classique 70,70,Ouest - Douala,Bafoussam-Bafang-Douala,13:30,2026-09-24
GEN-001,VIP 50,50,Douala - Yaoundé,Douala-Edea-Yaoundé,14:00,2026-09-24
GEN-009,Classique 70,70,Yaoundé - Douala,Yaoundé-Edea-Douala,14:00,2026-09-24
GEN-032,VIP 50,50,Douala - Ouest,Douala-Bafang-Bafoussam,14:00,2026-09-24
GEN-024,Premium 30,30,Ouest - Douala,Bafoussam-Bafang-Douala,14:00,2026-09-24
GEN-002,Classique 70,70,Douala - Yaoundé,Douala-Edea-Yaoundé,14:15,2026-09-24
GEN-010,Premium 30,30,Yaoundé - Douala,Yaoundé-Edea-Douala,14:15,2026-09-24
GEN-003,VIP 50,50,Douala - Yaoundé,Douala-Edea-Yaoundé,14:30,2026-09-24
GEN-011,Classique 70,70,Yaoundé - Douala,Yaoundé-Edea-Douala,14:30,2026-09-24
GEN-004,Classique 70,70,Douala - Yaoundé,Douala-Edea-Yaoundé,14:45,2026-09-24
GEN-012,VIP 50,50,Yaoundé - Douala,Yaoundé-Edea-Douala,14:45,2026-09-24
GEN-005,Classique 70,70,Douala - Yaoundé,Douala-Edea-Yaoundé,15:00,2026-09-24
GEN-013,Premium 30,30,Yaoundé - Douala,Yaoundé-Edea-Douala,15:00,2026-09-24
GEN-006,Classique 70,70,Douala - Yaoundé,Douala-Edea-Yaoundé,15:15,2026-09-24
GEN-014,Classique 70,70,Yaoundé - Douala,Yaoundé-Edea-Douala,15:15,2026-09-24
GEN-007,Classique 70,70,Douala - Yaoundé,Douala-Edea-Yaoundé,15:30,2026-09-24
GEN-015,VIP 50,50,Yaoundé - Douala,Yaoundé-Edea-Douala,15:30,2026-09-24
GEN-008,VIP 50,50,Douala - Yaoundé,Douala-Edea-Yaoundé,15:45,2026-09-24
GEN-016,VIP 50,50,Yaoundé - Douala,Yaoundé-Edea-Douala,15:45,2026-09-24
GEN-017,VIP 50,50,Douala - Ouest,Douala-Bafang-Bafoussam,16:00,2026-09-24
GEN-025,VIP 50,50,Ouest - Douala,Bafoussam-Bafang-Douala,16:00,2026-09-24
GEN-018,Premium 30,30,Douala - Ouest,Douala-Bafang-Bafoussam,16:30,2026-09-24
GEN-026,VIP 50,50,Ouest - Douala,Bafoussam-Bafang-Douala,16:30,2026-09-24
GEN-019,Classique 70,70,Douala - Ouest,Douala-Bafang-Bafoussam,17:00,2026-09-24
GEN-027,Classique 70,70,Ouest - Douala,Bafoussam-Bafang-Douala,17:00,2026-09-24
GEN-020,Premium 30,30,Douala - Ouest,Douala-Bafang-Bafoussam,17:30,2026-09-24
GEN-028,Premium 30,30,Ouest - Douala,Bafoussam-Bafang-Douala,17:30,2026-09-24
GEN-021,Classique 70,70,Douala - Ouest,Douala-Bafang-Bafoussam,18:00,2026-09-24
GEN-029,Classique 70,70,Ouest - Douala,Bafoussam-Bafang-Douala,18:00,2026-09-24
GEN-009,Classique 70,70,Douala - Yaoundé,Douala-Edea-Yaoundé,18:30,2026-09-24
GEN-001,VIP 50,50,Yaoundé - Douala,Yaoundé-Edea-Douala,18:30,2026-09-24
GEN-022,VIP 50,50,Douala - Ouest,Douala-Bafang-Bafoussam,18:30,2026-09-24
GEN-030,VIP 50,50,Ouest - Douala,Bafoussam-Bafang-Douala,18:30,2026-09-24
GEN-010,Premium 30,30,Douala - Yaoundé,Douala-Edea-Yaoundé,18:45,2026-09-24
GEN-002,Classique 70,70,Yaoundé - Douala,Yaoundé-Edea-Douala,18:45,2026-09-24
GEN-011,Classique 70,70,Douala - Yaoundé,Douala-Edea-Yaoundé,19:00,2026-09-24
GEN-003,VIP 50,50,Yaoundé - Douala,Yaoundé-Edea-Douala,19:00,2026-09-24
GEN-023,Classique 70,70,Douala - Ouest,Douala-Bafang-Bafoussam,19:00,2026-09-24
GEN-031,Premium 30,30,Ouest - Douala,Bafoussam-Bafang-Douala,19:00,2026-09-24
GEN-012,VIP 50,50,Douala - Yaoundé,Douala-Edea-Yaoundé,19:15,2026-09-24
GEN-004,Classique 70,70,Yaoundé - Douala,Yaoundé-Edea-Douala,19:15,2026-09-24
GEN-013,Premium 30,30,Douala - Yaoundé,Douala-Edea-Yaoundé,19:30,2026-09-24
GEN-005,Classique 70,70,Yaoundé - Douala,Yaoundé-Edea-Douala,19:30,2026-09-24
GEN-024,Premium 30,30,Douala - Ouest,Douala-Bafang-Bafoussam,19:30,2026-09-24
GEN-032,VIP 50,50,Ouest - Douala,Bafoussam-Bafang-Douala,19:30,2026-09-24
GEN-014,Classique 70,70,Douala - Yaoundé,Douala-Edea-Yaoundé,19:45,2026-09-24
GEN-006,Classique 70,70,Yaoundé - Douala,Yaoundé-Edea-Douala,19:45,2026-09-24
GEN-015,VIP 50,50,Douala - Yaoundé,Douala-Edea-Yaoundé,20:00,2026-09-24
GEN-007,Classique 70,70,Yaoundé - Douala,Yaoundé-Edea-Douala,20:00,2026-09-24
GEN-016,VIP 50,50,Douala - Yaoundé,Douala-Edea-Yaoundé,20:15,2026-09-24
GEN-008,VIP 50,50,Yaoundé - Douala,Yaoundé-Edea-Douala,20:15,2026-09-24
GEN-001,VIP 50,50,Douala - Yaoundé,Douala-Edea-Yaoundé,05:00,2026-09-25
GEN-009,Classique 70,70,Yaoundé - Douala,Yaoundé-Edea-Douala,05:00,2026-09-25
GEN-025,VIP 50,50,Douala - Ouest,Douala-Bafang-Bafoussam,05:00,2026-09-25
GEN-017,VIP 50,50,Ouest - Douala,Bafoussam-Bafang-Douala,05:00,2026-09-25
GEN-002,Classique 70,70,Douala - Yaoundé,Douala-Edea-Yaoundé,05:15,2026-09-25
GEN-010,Premium 30,30,Yaoundé - Douala,Yaoundé-Edea-Douala,05:15,2026-09-25
GEN-003,VIP 50,50,Douala - Yaoundé,Douala-Edea-Yaoundé,05:30,2026-09-25
GEN-011,Classique 70,70,Yaoundé - Douala,Yaoundé-Edea-Douala,05:30,2026-09-25
GEN-026,VIP 50,50,Douala - Ouest,Douala-Bafang-Bafoussam,05:30,2026-09-25
GEN-018,Premium 30,30,Ouest - Douala,Bafoussam-Bafang-Douala,05:30,2026-09-25
GEN-004,Classique 70,70,Douala - Yaoundé,Douala-Edea-Yaoundé,05:45,2026-09-25
GEN-012,VIP 50,50,Yaoundé - Douala,Yaoundé-Edea-Douala,05:45,2026-09-25
GEN-005,Classique 70,70,Douala - Yaoundé,Douala-Edea-Yaoundé,06:00,2026-09-25
GEN-013,Premium 30,30,Yaoundé - Douala,Yaoundé-Edea-Douala,06:00,2026-09-25
GEN-027,Classique 70,70,Douala - Ouest,Douala-Bafang-Bafoussam,06:00,2026-09-25
GEN-019,Classique 70,70,Ouest - Douala,Bafoussam-Bafang-Douala,06:00,2026-09-25
GEN-006,Classique 70,70,Douala - Yaoundé,Douala-Edea-Yaoundé,06:15,2026-09-25
GEN-014,Classique 70,70,Yaoundé - Douala,Yaoundé-Edea-Douala,06:15,2026-09-25
GEN-007,Classique 70,70,Douala - Yaoundé,Douala-Edea-Yaoundé,06:30,2026-09-25
GEN-015,VIP 50,50,Yaoundé - Douala,Yaoundé-Edea-Douala,06:30,2026-09-25
GEN-028,Premium 30,30,Douala - Ouest,Douala-Bafang-Bafoussam,06:30,2026-09-25
GEN-020,Premium 30,30,Ouest - Douala,Bafoussam-Bafang-Douala,06:30,2026-09-25
GEN-008,VIP 50,50,Douala - Yaoundé,Douala-Edea-Yaoundé,06:45,2026-09-25
GEN-016,VIP 50,50,Yaoundé - Douala,Yaoundé-Edea-Douala,06:45,2026-09-25
GEN-029,Classique 70,70,Douala - Ouest,Douala-Bafang-Bafoussam,07:00,2026-09-25
GEN-021,Classique 70,70,Ouest - Douala,Bafoussam-Bafang-Douala,07:00,2026-09-25
GEN-030,VIP 50,50,Douala - Ouest,Douala-Bafang-Bafoussam,07:30,2026-09-25
GEN-022,VIP 50,50,Ouest - Douala,Bafoussam-Bafang-Douala,07:30,2026-09-25
GEN-031,Premium 30,30,Douala - Ouest,Douala-Bafang-Bafoussam,08:00,2026-09-25
GEN-023,Classique 70,70,Ouest - Douala,Bafoussam-Bafang-Douala,08:00,2026-09-25
GEN-032,VIP 50,50,Douala - Ouest,Douala-Bafang-Bafoussam,08:30,2026-09-25
GEN-024,Premium 30,30,Ouest - Douala,Bafoussam-Bafang-Douala,08:30,2026-09-25
GEN-009,Classique 70,70,Douala - Yaoundé,Douala-Edea-Yaoundé,09:30,2026-09-25
GEN-001,VIP 50,50,Yaoundé - Douala,Yaoundé-Edea-Douala,09:30,2026-09-25
GEN-010,Premium 30,30,Douala - Yaoundé,Douala-Edea-Yaoundé,09:45,2026-09-25
GEN-002,Classique 70,70,Yaoundé - Douala,Yaoundé-Edea-Douala,09:45,2026-09-25
GEN-011,Classique 70,70,Douala - Yaoundé,Douala-Edea-Yaoundé,10:00,2026-09-25
GEN-003,VIP 50,50,Yaoundé - Douala,Yaoundé-Edea-Douala,10:00,2026-09-25
GEN-012,VIP 50,50,Douala - Yaoundé,Douala-Edea-Yaoundé,10:15,2026-09-25
GEN-004,Classique 70,70,Yaoundé - Douala,Yaoundé-Edea-Douala,10:15,2026-09-25
GEN-013,Premium 30,30,Douala - Yaoundé,Douala-Edea-Yaoundé,10:30,2026-09-25
GEN-005,Classique 70,70,Yaoundé - Douala,Yaoundé-Edea-Douala,10:30,2026-09-25
GEN-017,VIP 50,50,Douala - Ouest,Douala-Bafang-Bafoussam,10:30,2026-09-25
GEN-025,VIP 50,50,Ouest - Douala,Bafoussam-Bafang-Douala,10:30,2026-09-25
GEN-014,Classique 70,70,Douala - Yaoundé,Douala-Edea-Yaoundé,10:45,2026-09-25
GEN-006,Classique 70,70,Yaoundé - Douala,Yaoundé-Edea-Douala,10:45,2026-09-25
GEN-015,VIP 50,50,Douala - Yaoundé,Douala-Edea-Yaoundé,11:00,2026-09-25
GEN-007,Classique 70,70,Yaoundé - Douala,Yaoundé-Edea-Douala,11:00,2026-09-25
GEN-018,Premium 30,30,Douala - Ouest,Douala-Bafang-Bafoussam,11:00,2026-09-25
GEN-026,VIP 50,50,Ouest - Douala,Bafoussam-Bafang-Douala,11:00,2026-09-25
GEN-016,VIP 50,50,Douala - Yaoundé,Douala-Edea-Yaoundé,11:15,2026-09-25
GEN-008,VIP 50,50,Yaoundé - Douala,Yaoundé-Edea-Douala,11:15,2026-09-25
GEN-019,Classique 70,70,Douala - Ouest,Douala-Bafang-Bafoussam,11:30,2026-09-25
GEN-027,Classique 70,70,Ouest - Douala,Bafoussam-Bafang-Douala,11:30,2026-09-25
GEN-020,Premium 30,30,Douala - Ouest,Douala-Bafang-Bafoussam,12:00,2026-09-25
GEN-028,Premium 30,30,Ouest - Douala,Bafoussam-Bafang-Douala,12:00,2026-09-25
GEN-021,Classique 70,70,Douala - Ouest,Douala-Bafang-Bafoussam,12:30,2026-09-25
GEN-029,Classique 70,70,Ouest - Douala,Bafoussam-Bafang-Douala,12:30,2026-09-25
GEN-022,VIP 50,50,Douala - Ouest,Douala-Bafang-Bafoussam,13:00,2026-09-25
GEN-030,VIP 50,50,Ouest - Douala,Bafoussam-Bafang-Douala,13:00,2026-09-25
GEN-023,Classique 70,70,Douala - Ouest,Douala-Bafang-Bafoussam,13:30,2026-09-25
GEN-031,Premium 30,30,Ouest - Douala,Bafoussam-Bafang-Douala,13:30,2026-09-25
GEN-001,VIP 50,50,Douala - Yaoundé,Douala-Edea-Yaoundé,14:00,2026-09-25
GEN-009,Classique 70,70,Yaoundé - Douala,Yaoundé-Edea-Douala,14:00,2026-09-25
GEN-024,Premium 30,30,Douala - Ouest,Douala-Bafang-Bafoussam,14:00,2026-09-25
GEN-032,VIP 50,50,Ouest - Douala,Bafoussam-Bafang-Douala,14:00,2026-09-25
GEN-002,Classique 70,70,Douala - Yaoundé,Douala-Edea-Yaoundé,14:15,2026-09-25
GEN-010,Premium 30,30,Yaoundé - Douala,Yaoundé-Edea-Douala,14:15,2026-09-25
GEN-003,VIP 50,50,Douala - Yaoundé,Douala-Edea-Yaoundé,14:30,2026-09-25
GEN-011,Classique 70,70,Yaoundé - Douala,Yaoundé-Edea-Douala,14:30,2026-09-25
GEN-004,Classique 70,70,Douala - Yaoundé,Douala-Edea-Yaoundé,14:45,2026-09-25
GEN-012,VIP 50,50,Yaoundé - Douala,Yaoundé-Edea-Douala,14:45,2026-09-25
GEN-005,Classique 70,70,Douala - Yaoundé,Douala-Edea-Yaoundé,15:00,2026-09-25
GEN-013,Premium 30,30,Yaoundé - Douala,Yaoundé-Edea-Douala,15:00,2026-09-25
GEN-006,Classique 70,70,Douala - Yaoundé,Douala-Edea-Yaoundé,15:15,2026-09-25
GEN-014,Classique 70,70,Yaoundé - Douala,Yaoundé-Edea-Douala,15:15,2026-09-25
GEN-007,Classique 70,70,Douala - Yaoundé,Douala-Edea-Yaoundé,15:30,2026-09-25
GEN-015,VIP 50,50,Yaoundé - Douala,Yaoundé-Edea-Douala,15:30,2026-09-25
GEN-008,VIP 50,50,Douala - Yaoundé,Douala-Edea-Yaoundé,15:45,2026-09-25
GEN-016,VIP 50,50,Yaoundé - Douala,Yaoundé-Edea-Douala,15:45,2026-09-25
GEN-025,VIP 50,50,Douala - Ouest,Douala-Bafang-Bafoussam,16:00,2026-09-25
GEN-017,VIP 50,50,Ouest - Douala,Bafoussam-Bafang-Douala,16:00,2026-09-25
GEN-026,VIP 50,50,Douala - Ouest,Douala-Bafang-Bafoussam,16:30,2026-09-25
GEN-018,Premium 30,30,Ouest - Douala,Bafoussam-Bafang-Douala,16:30,2026-09-25
GEN-027,Classique 70,70,Douala - Ouest,Douala-Bafang-Bafoussam,17:00,2026-09-25
GEN-019,Classique 70,70,Ouest - Douala,Bafoussam-Bafang-Douala,17:00,2026-09-25
GEN-028,Premium 30,30,Douala - Ouest,Douala-Bafang-Bafoussam,17:30,2026-09-25
GEN-020,Premium 30,30,Ouest - Douala,Bafoussam-Bafang-Douala,17:30,2026-09-25
GEN-029,Classique 70,70,Douala - Ouest,Douala-Bafang-Bafoussam,18:00,2026-09-25
GEN-021,Classique 70,70,Ouest - Douala,Bafoussam-Bafang-Douala,18:00,2026-09-25
GEN-009,Classique 70,70,Douala - Yaoundé,Douala-Edea-Yaoundé,18:30,2026-09-25
GEN-001,VIP 50,50,Yaoundé - Douala,Yaoundé-Edea-Douala,18:30,2026-09-25
GEN-030,VIP 50,50,Douala - Ouest,Douala-Bafang-Bafoussam,18:30,2026-09-25
GEN-022,VIP 50,50,Ouest - Douala,Bafoussam-Bafang-Douala,18:30,2026-09-25
GEN-010,Premium 30,30,Douala - Yaoundé,Douala-Edea-Yaoundé,18:45,2026-09-25
GEN-002,Classique 70,70,Yaoundé - Douala,Yaoundé-Edea-Douala,18:45,2026-09-25
GEN-011,Classique 70,70,Douala - Yaoundé,Douala-Edea-Yaoundé,19:00,2026-09-25
GEN-003,VIP 50,50,Yaoundé - Douala,Yaoundé-Edea-Douala,19:00,2026-09-25
GEN-031,Premium 30,30,Douala - Ouest,Douala-Bafang-Bafoussam,19:00,2026-09-25
GEN-023,Classique 70,70,Ouest - Douala,Bafoussam-Bafang-Douala,19:00,2026-09-25
GEN-012,VIP 50,50,Douala - Yaoundé,Douala-Edea-Yaoundé,19:15,2026-09-25
GEN-004,Classique 70,70,Yaoundé - Douala,Yaoundé-Edea-Douala,19:15,2026-09-25
GEN-013,Premium 30,30,Douala - Yaoundé,Douala-Edea-Yaoundé,19:30,2026-09-25
GEN-005,Classique 70,70,Yaoundé - Douala,Yaoundé-Edea-Douala,19:30,2026-09-25
GEN-032,VIP 50,50,Douala - Ouest,Douala-Bafang-Bafoussam,19:30,2026-09-25
GEN-024,Premium 30,30,Ouest - Douala,Bafoussam-Bafang-Douala,19:30,2026-09-25
GEN-014,Classique 70,70,Douala - Yaoundé,Douala-Edea-Yaoundé,19:45,2026-09-25
GEN-006,Classique 70,70,Yaoundé - Douala,Yaoundé-Edea-Douala,19:45,2026-09-25
GEN-015,VIP 50,50,Douala - Yaoundé,Douala-Edea-Yaoundé,20:00,2026-09-25
GEN-007,Classique 70,70,Yaoundé - Douala,Yaoundé-Edea-Douala,20:00,2026-09-25
GEN-016,VIP 50,50,Douala - Yaoundé,Douala-Edea-Yaoundé,20:15,2026-09-25
GEN-008,VIP 50,50,Yaoundé - Douala,Yaoundé-Edea-Douala,20:15,2026-09-25
GEN-001,VIP 50,50,Douala - Yaoundé,Douala-Edea-Yaoundé,05:00,2026-09-26
GEN-009,Classique 70,70,Yaoundé - Douala,Yaoundé-Edea-Douala,05:00,2026-09-26
GEN-017,VIP 50,50,Douala - Ouest,Douala-Bafang-Bafoussam,05:00,2026-09-26
GEN-025,VIP 50,50,Ouest - Douala,Bafoussam-Bafang-Douala,05:00,2026-09-26
GEN-002,Classique 70,70,Douala - Yaoundé,Douala-Edea-Yaoundé,05:15,2026-09-26
GEN-010,Premium 30,30,Yaoundé - Douala,Yaoundé-Edea-Douala,05:15,2026-09-26
GEN-003,VIP 50,50,Douala - Yaoundé,Douala-Edea-Yaoundé,05:30,2026-09-26
GEN-011,Classique 70,70,Yaoundé - Douala,Yaoundé-Edea-Douala,05:30,2026-09-26
GEN-018,Premium 30,30,Douala - Ouest,Douala-Bafang-Bafoussam,05:30,2026-09-26
GEN-026,VIP 50,50,Ouest - Douala,Bafoussam-Bafang-Douala,05:30,2026-09-26
GEN-004,Classique 70,70,Douala - Yaoundé,Douala-Edea-Yaoundé,05:45,2026-09-26
GEN-012,VIP 50,50,Yaoundé - Douala,Yaoundé-Edea-Douala,05:45,2026-09-26
GEN-005,Classique 70,70,Douala - Yaoundé,Douala-Edea-Yaoundé,06:00,2026-09-26
GEN-013,Premium 30,30,Yaoundé - Douala,Yaoundé-Edea-Douala,06:00,2026-09-26
GEN-019,Classique 70,70,Douala - Ouest,Douala-Bafang-Bafoussam,06:00,2026-09-26
GEN-027,Classique 70,70,Ouest - Douala,Bafoussam-Bafang-Douala,06:00,2026-09-26
GEN-006,Classique 70,70,Douala - Yaoundé,Douala-Edea-Yaoundé,06:15,2026-09-26
GEN-014,Classique 70,70,Yaoundé - Douala,Yaoundé-Edea-Douala,06:15,2026-09-26
GEN-007,Classique 70,70,Douala - Yaoundé,Douala-Edea-Yaoundé,06:30,2026-09-26
GEN-015,VIP 50,50,Yaoundé - Douala,Yaoundé-Edea-Douala,06:30,2026-09-26
GEN-020,Premium 30,30,Douala - Ouest,Douala-Bafang-Bafoussam,06:30,2026-09-26
GEN-028,Premium 30,30,Ouest - Douala,Bafoussam-Bafang-Douala,06:30,2026-09-26
GEN-008,VIP 50,50,Douala - Yaoundé,Douala-Edea-Yaoundé,06:45,2026-09-26
GEN-016,VIP 50,50,Yaoundé - Douala,Yaoundé-Edea-Douala,06:45,2026-09-26
GEN-021,Classique 70,70,Douala - Ouest,Douala-Bafang-Bafoussam,07:00,2026-09-26
GEN-029,Classique 70,70,Ouest - Douala,Bafoussam-Bafang-Douala,07:00,2026-09-26
GEN-022,VIP 50,50,Douala - Ouest,Douala-Bafang-Bafoussam,07:30,2026-09-26
GEN-030,VIP 50,50,Ouest - Douala,Bafoussam-Bafang-Douala,07:30,2026-09-26
GEN-023,Classique 70,70,Douala - Ouest,Douala-Bafang-Bafoussam,08:00,2026-09-26
GEN-031,Premium 30,30,Ouest - Douala,Bafoussam-Bafang-Douala,08:00,2026-09-26
GEN-024,Premium 30,30,Douala - Ouest,Douala-Bafang-Bafoussam,08:30,2026-09-26
GEN-032,VIP 50,50,Ouest - Douala,Bafoussam-Bafang-Douala,08:30,2026-09-26
GEN-009,Classique 70,70,Douala - Yaoundé,Douala-Edea-Yaoundé,09:30,2026-09-26
GEN-001,VIP 50,50,Yaoundé - Douala,Yaoundé-Edea-Douala,09:30,2026-09-26
GEN-010,Premium 30,30,Douala - Yaoundé,Douala-Edea-Yaoundé,09:45,2026-09-26
GEN-002,Classique 70,70,Yaoundé - Douala,Yaoundé-Edea-Douala,09:45,2026-09-26
GEN-011,Classique 70,70,Douala - Yaoundé,Douala-Edea-Yaoundé,10:00,2026-09-26
GEN-003,VIP 50,50,Yaoundé - Douala,Yaoundé-Edea-Douala,10:00,2026-09-26
GEN-012,VIP 50,50,Douala - Yaoundé,Douala-Edea-Yaoundé,10:15,2026-09-26
GEN-004,Classique 70,70,Yaoundé - Douala,Yaoundé-Edea-Douala,10:15,2026-09-26
GEN-013,Premium 30,30,Douala - Yaoundé,Douala-Edea-Yaoundé,10:30,2026-09-26
GEN-005,Classique 70,70,Yaoundé - Douala,Yaoundé-Edea-Douala,10:30,2026-09-26
GEN-025,VIP 50,50,Douala - Ouest,Douala-Bafang-Bafoussam,10:30,2026-09-26
GEN-017,VIP 50,50,Ouest - Douala,Bafoussam-Bafang-Douala,10:30,2026-09-26
GEN-014,Classique 70,70,Douala - Yaoundé,Douala-Edea-Yaoundé,10:45,2026-09-26
GEN-006,Classique 70,70,Yaoundé - Douala,Yaoundé-Edea-Douala,10:45,2026-09-26
GEN-015,VIP 50,50,Douala - Yaoundé,Douala-Edea-Yaoundé,11:00,2026-09-26
GEN-007,Classique 70,70,Yaoundé - Douala,Yaoundé-Edea-Douala,11:00,2026-09-26
GEN-026,VIP 50,50,Douala - Ouest,Douala-Bafang-Bafoussam,11:00,2026-09-26
GEN-018,Premium 30,30,Ouest - Douala,Bafoussam-Bafang-Douala,11:00,2026-09-26
GEN-016,VIP 50,50,Douala - Yaoundé,Douala-Edea-Yaoundé,11:15,2026-09-26
GEN-008,VIP 50,50,Yaoundé - Douala,Yaoundé-Edea-Douala,11:15,2026-09-26
GEN-027,Classique 70,70,Douala - Ouest,Douala-Bafang-Bafoussam,11:30,2026-09-26
GEN-019,Classique 70,70,Ouest - Douala,Bafoussam-Bafang-Douala,11:30,2026-09-26
GEN-028,Premium 30,30,Douala - Ouest,Douala-Bafang-Bafoussam,12:00,2026-09-26
GEN-020,Premium 30,30,Ouest - Douala,Bafoussam-Bafang-Douala,12:00,2026-09-26
GEN-029,Classique 70,70,Douala - Ouest,Douala-Bafang-Bafoussam,12:30,2026-09-26
GEN-021,Classique 70,70,Ouest - Douala,Bafoussam-Bafang-Douala,12:30,2026-09-26
GEN-030,VIP 50,50,Douala - Ouest,Douala-Bafang-Bafoussam,13:00,2026-09-26
GEN-022,VIP 50,50,Ouest - Douala,Bafoussam-Bafang-Douala,13:00,2026-09-26
GEN-031,Premium 30,30,Douala - Ouest,Douala-Bafang-Bafoussam,13:30,2026-09-26
GEN-023,Classique 70,70,Ouest - Douala,Bafoussam-Bafang-Douala,13:30,2026-09-26
GEN-001,VIP 50,50,Douala - Yaoundé,Douala-Edea-Yaoundé,14:00,2026-09-26
GEN-009,Classique 70,70,Yaoundé - Douala,Yaoundé-Edea-Douala,14:00,2026-09-26
GEN-032,VIP 50,50,Douala - Ouest,Douala-Bafang-Bafoussam,14:00,2026-09-26
GEN-024,Premium 30,30,Ouest - Douala,Bafoussam-Bafang-Douala,14:00,2026-09-26
GEN-002,Classique 70,70,Douala - Yaoundé,Douala-Edea-Yaoundé,14:15,2026-09-26
GEN-010,Premium 30,30,Yaoundé - Douala,Yaoundé-Edea-Douala,14:15,2026-09-26
GEN-003,VIP 50,50,Douala - Yaoundé,Douala-Edea-Yaoundé,14:30,2026-09-26
GEN-011,Classique 70,70,Yaoundé - Douala,Yaoundé-Edea-Douala,14:30,2026-09-26
GEN-004,Classique 70,70,Douala - Yaoundé,Douala-Edea-Yaoundé,14:45,2026-09-26
GEN-012,VIP 50,50,Yaoundé - Douala,Yaoundé-Edea-Douala,14:45,2026-09-26
GEN-005,Classique 70,70,Douala - Yaoundé,Douala-Edea-Yaoundé,15:00,2026-09-26
GEN-013,Premium 30,30,Yaoundé - Douala,Yaoundé-Edea-Douala,15:00,2026-09-26
GEN-006,Classique 70,70,Douala - Yaoundé,Douala-Edea-Yaoundé,15:15,2026-09-26
GEN-014,Classique 70,70,Yaoundé - Douala,Yaoundé-Edea-Douala,15:15,2026-09-26
GEN-007,Classique 70,70,Douala - Yaoundé,Douala-Edea-Yaoundé,15:30,2026-09-26
GEN-015,VIP 50,50,Yaoundé - Douala,Yaoundé-Edea-Douala,15:30,2026-09-26
GEN-008,VIP 50,50,Douala - Yaoundé,Douala-Edea-Yaoundé,15:45,2026-09-26
GEN-016,VIP 50,50,Yaoundé - Douala,Yaoundé-Edea-Douala,15:45,2026-09-26
GEN-017,VIP 50,50,Douala - Ouest,Douala-Bafang-Bafoussam,16:00,2026-09-26
GEN-025,VIP 50,50,Ouest - Douala,Bafoussam-Bafang-Douala,16:00,2026-09-26
GEN-018,Premium 30,30,Douala - Ouest,Douala-Bafang-Bafoussam,16:30,2026-09-26
GEN-026,VIP 50,50,Ouest - Douala,Bafoussam-Bafang-Douala,16:30,2026-09-26
GEN-019,Classique 70,70,Douala - Ouest,Douala-Bafang-Bafoussam,17:00,2026-09-26
GEN-027,Classique 70,70,Ouest - Douala,Bafoussam-Bafang-Douala,17:00,2026-09-26
GEN-020,Premium 30,30,Douala - Ouest,Douala-Bafang-Bafoussam,17:30,2026-09-26
GEN-028,Premium 30,30,Ouest - Douala,Bafoussam-Bafang-Douala,17:30,2026-09-26
GEN-021,Classique 70,70,Douala - Ouest,Douala-Bafang-Bafoussam,18:00,2026-09-26
GEN-029,Classique 70,70,Ouest - Douala,Bafoussam-Bafang-Douala,18:00,2026-09-26
GEN-009,Classique 70,70,Douala - Yaoundé,Douala-Edea-Yaoundé,18:30,2026-09-26
GEN-001,VIP 50,50,Yaoundé - Douala,Yaoundé-Edea-Douala,18:30,2026-09-26
GEN-022,VIP 50,50,Douala - Ouest,Douala-Bafang-Bafoussam,18:30,2026-09-26
GEN-030,VIP 50,50,Ouest - Douala,Bafoussam-Bafang-Douala,18:30,2026-09-26
GEN-010,Premium 30,30,Douala - Yaoundé,Douala-Edea-Yaoundé,18:45,2026-09-26
GEN-002,Classique 70,70,Yaoundé - Douala,Yaoundé-Edea-Douala,18:45,2026-09-26
GEN-011,Classique 70,70,Douala - Yaoundé,Douala-Edea-Yaoundé,19:00,2026-09-26
GEN-003,VIP 50,50,Yaoundé - Douala,Yaoundé-Edea-Douala,19:00,2026-09-26
GEN-023,Classique 70,70,Douala - Ouest,Douala-Bafang-Bafoussam,19:00,2026-09-26
GEN-031,Premium 30,30,Ouest - Douala,Bafoussam-Bafang-Douala,19:00,2026-09-26
GEN-012,VIP 50,50,Douala - Yaoundé,Douala-Edea-Yaoundé,19:15,2026-09-26
GEN-004,Classique 70,70,Yaoundé - Douala,Yaoundé-Edea-Douala,19:15,2026-09-26
GEN-013,Premium 30,30,Douala - Yaoundé,Douala-Edea-Yaoundé,19:30,2026-09-26
GEN-005,Classique 70,70,Yaoundé - Douala,Yaoundé-Edea-Douala,19:30,2026-09-26
GEN-024,Premium 30,30,Douala - Ouest,Douala-Bafang-Bafoussam,19:30,2026-09-26
GEN-032,VIP 50,50,Ouest - Douala,Bafoussam-Bafang-Douala,19:30,2026-09-26
GEN-014,Classique 70,70,Douala - Yaoundé,Douala-Edea-Yaoundé,19:45,2026-09-26
GEN-006,Classique 70,70,Yaoundé - Douala,Yaoundé-Edea-Douala,19:45,2026-09-26
GEN-015,VIP 50,50,Douala - Yaoundé,Douala-Edea-Yaoundé,20:00,2026-09-26
GEN-007,Classique 70,70,Yaoundé - Douala,Yaoundé-Edea-Douala,20:00,2026-09-26
GEN-016,VIP 50,50,Douala - Yaoundé,Douala-Edea-Yaoundé,20:15,2026-09-26
GEN-008,VIP 50,50,Yaoundé - Douala,Yaoundé-Edea-Douala,20:15,2026-09-26
GEN-001,VIP 50,50,Douala - Yaoundé,Douala-Edea-Yaoundé,05:00,2026-09-27
GEN-009,Classique 70,70,Yaoundé - Douala,Yaoundé-Edea-Douala,05:00,2026-09-27
GEN-025,VIP 50,50,Douala - Ouest,Douala-Bafang-Bafoussam,05:00,2026-09-27
GEN-017,VIP 50,50,Ouest - Douala,Bafoussam-Bafang-Douala,05:00,2026-09-27
GEN-002,Classique 70,70,Douala - Yaoundé,Douala-Edea-Yaoundé,05:15,2026-09-27
GEN-010,Premium 30,30,Yaoundé - Douala,Yaoundé-Edea-Douala,05:15,2026-09-27
GEN-003,VIP 50,50,Douala - Yaoundé,Douala-Edea-Yaoundé,05:30,2026-09-27
GEN-011,Classique 70,70,Yaoundé - Douala,Yaoundé-Edea-Douala,05:30,2026-09-27
GEN-026,VIP 50,50,Douala - Ouest,Douala-Bafang-Bafoussam,05:30,2026-09-27
GEN-018,Premium 30,30,Ouest - Douala,Bafoussam-Bafang-Douala,05:30,2026-09-27
GEN-004,Classique 70,70,Douala - Yaoundé,Douala-Edea-Yaoundé,05:45,2026-09-27
GEN-012,VIP 50,50,Yaoundé - Douala,Yaoundé-Edea-Douala,05:45,2026-09-27
GEN-005,Classique 70,70,Douala - Yaoundé,Douala-Edea-Yaoundé,06:00,2026-09-27
GEN-013,Premium 30,30,Yaoundé - Douala,Yaoundé-Edea-Douala,06:00,2026-09-27
GEN-027,Classique 70,70,Douala - Ouest,Douala-Bafang-Bafoussam,06:00,2026-09-27
GEN-019,Classique 70,70,Ouest - Douala,Bafoussam-Bafang-Douala,06:00,2026-09-27
GEN-006,Classique 70,70,Douala - Yaoundé,Douala-Edea-Yaoundé,06:15,2026-09-27
GEN-014,Classique 70,70,Yaoundé - Douala,Yaoundé-Edea-Douala,06:15,2026-09-27
GEN-007,Classique 70,70,Douala - Yaoundé,Douala-Edea-Yaoundé,06:30,2026-09-27
GEN-015,VIP 50,50,Yaoundé - Douala,Yaoundé-Edea-Douala,06:30,2026-09-27
GEN-028,Premium 30,30,Douala - Ouest,Douala-Bafang-Bafoussam,06:30,2026-09-27
GEN-020,Premium 30,30,Ouest - Douala,Bafoussam-Bafang-Douala,06:30,2026-09-27
GEN-008,VIP 50,50,Douala - Yaoundé,Douala-Edea-Yaoundé,06:45,2026-09-27
GEN-016,VIP 50,50,Yaoundé - Douala,Yaoundé-Edea-Douala,06:45,2026-09-27
GEN-029,Classique 70,70,Douala - Ouest,Douala-Bafang-Bafoussam,07:00,2026-09-27
GEN-021,Classique 70,70,Ouest - Douala,Bafoussam-Bafang-Douala,07:00,2026-09-27
GEN-030,VIP 50,50,Douala - Ouest,Douala-Bafang-Bafoussam,07:30,2026-09-27
GEN-022,VIP 50,50,Ouest - Douala,Bafoussam-Bafang-Douala,07:30,2026-09-27
GEN-031,Premium 30,30,Douala - Ouest,Douala-Bafang-Bafoussam,08:00,2026-09-27
GEN-023,Classique 70,70,Ouest - Douala,Bafoussam-Bafang-Douala,08:00,2026-09-27
GEN-032,VIP 50,50,Douala - Ouest,Douala-Bafang-Bafoussam,08:30,2026-09-27
GEN-024,Premium 30,30,Ouest - Douala,Bafoussam-Bafang-Douala,08:30,2026-09-27
GEN-009,Classique 70,70,Douala - Yaoundé,Douala-Edea-Yaoundé,09:30,2026-09-27
GEN-001,VIP 50,50,Yaoundé - Douala,Yaoundé-Edea-Douala,09:30,2026-09-27
GEN-010,Premium 30,30,Douala - Yaoundé,Douala-Edea-Yaoundé,09:45,2026-09-27
GEN-002,Classique 70,70,Yaoundé - Douala,Yaoundé-Edea-Douala,09:45,2026-09-27
GEN-011,Classique 70,70,Douala - Yaoundé,Douala-Edea-Yaoundé,10:00,2026-09-27
GEN-003,VIP 50,50,Yaoundé - Douala,Yaoundé-Edea-Douala,10:00,2026-09-27
GEN-012,VIP 50,50,Douala - Yaoundé,Douala-Edea-Yaoundé,10:15,2026-09-27
GEN-004,Classique 70,70,Yaoundé - Douala,Yaoundé-Edea-Douala,10:15,2026-09-27
GEN-013,Premium 30,30,Douala - Yaoundé,Douala-Edea-Yaoundé,10:30,2026-09-27
GEN-005,Classique 70,70,Yaoundé - Douala,Yaoundé-Edea-Douala,10:30,2026-09-27
GEN-017,VIP 50,50,Douala - Ouest,Douala-Bafang-Bafoussam,10:30,2026-09-27
GEN-025,VIP 50,50,Ouest - Douala,Bafoussam-Bafang-Douala,10:30,2026-09-27
GEN-014,Classique 70,70,Douala - Yaoundé,Douala-Edea-Yaoundé,10:45,2026-09-27
GEN-006,Classique 70,70,Yaoundé - Douala,Yaoundé-Edea-Douala,10:45,2026-09-27
GEN-015,VIP 50,50,Douala - Yaoundé,Douala-Edea-Yaoundé,11:00,2026-09-27
GEN-007,Classique 70,70,Yaoundé - Douala,Yaoundé-Edea-Douala,11:00,2026-09-27
GEN-018,Premium 30,30,Douala - Ouest,Douala-Bafang-Bafoussam,11:00,2026-09-27
GEN-026,VIP 50,50,Ouest - Douala,Bafoussam-Bafang-Douala,11:00,2026-09-27
GEN-016,VIP 50,50,Douala - Yaoundé,Douala-Edea-Yaoundé,11:15,2026-09-27
GEN-008,VIP 50,50,Yaoundé - Douala,Yaoundé-Edea-Douala,11:15,2026-09-27
GEN-019,Classique 70,70,Douala - Ouest,Douala-Bafang-Bafoussam,11:30,2026-09-27
GEN-027,Classique 70,70,Ouest - Douala,Bafoussam-Bafang-Douala,11:30,2026-09-27
GEN-020,Premium 30,30,Douala - Ouest,Douala-Bafang-Bafoussam,12:00,2026-09-27
GEN-028,Premium 30,30,Ouest - Douala,Bafoussam-Bafang-Douala,12:00,2026-09-27
GEN-021,Classique 70,70,Douala - Ouest,Douala-Bafang-Bafoussam,12:30,2026-09-27
GEN-029,Classique 70,70,Ouest - Douala,Bafoussam-Bafang-Douala,12:30,2026-09-27
GEN-022,VIP 50,50,Douala - Ouest,Douala-Bafang-Bafoussam,13:00,2026-09-27
GEN-030,VIP 50,50,Ouest - Douala,Bafoussam-Bafang-Douala,13:00,2026-09-27
GEN-023,Classique 70,70,Douala - Ouest,Douala-Bafang-Bafoussam,13:30,2026-09-27
GEN-031,Premium 30,30,Ouest - Douala,Bafoussam-Bafang-Douala,13:30,2026-09-27
GEN-001,VIP 50,50,Douala - Yaoundé,Douala-Edea-Yaoundé,14:00,2026-09-27
GEN-009,Classique 70,70,Yaoundé - Douala,Yaoundé-Edea-Douala,14:00,2026-09-27
GEN-024,Premium 30,30,Douala - Ouest,Douala-Bafang-Bafoussam,14:00,2026-09-27
GEN-032,VIP 50,50,Ouest - Douala,Bafoussam-Bafang-Douala,14:00,2026-09-27
GEN-002,Classique 70,70,Douala - Yaoundé,Douala-Edea-Yaoundé,14:15,2026-09-27
GEN-010,Premium 30,30,Yaoundé - Douala,Yaoundé-Edea-Douala,14:15,2026-09-27
GEN-003,VIP 50,50,Douala - Yaoundé,Douala-Edea-Yaoundé,14:30,2026-09-27
GEN-011,Classique 70,70,Yaoundé - Douala,Yaoundé-Edea-Douala,14:30,2026-09-27
GEN-004,Classique 70,70,Douala - Yaoundé,Douala-Edea-Yaoundé,14:45,2026-09-27
GEN-012,VIP 50,50,Yaoundé - Douala,Yaoundé-Edea-Douala,14:45,2026-09-27
GEN-005,Classique 70,70,Douala - Yaoundé,Douala-Edea-Yaoundé,15:00,2026-09-27
GEN-013,Premium 30,30,Yaoundé - Douala,Yaoundé-Edea-Douala,15:00,2026-09-27
GEN-006,Classique 70,70,Douala - Yaoundé,Douala-Edea-Yaoundé,15:15,2026-09-27
GEN-014,Classique 70,70,Yaoundé - Douala,Yaoundé-Edea-Douala,15:15,2026-09-27
GEN-007,Classique 70,70,Douala - Yaoundé,Douala-Edea-Yaoundé,15:30,2026-09-27
GEN-015,VIP 50,50,Yaoundé - Douala,Yaoundé-Edea-Douala,15:30,2026-09-27
GEN-008,VIP 50,50,Douala - Yaoundé,Douala-Edea-Yaoundé,15:45,2026-09-27
GEN-016,VIP 50,50,Yaoundé - Douala,Yaoundé-Edea-Douala,15:45,2026-09-27
GEN-025,VIP 50,50,Douala - Ouest,Douala-Bafang-Bafoussam,16:00,2026-09-27
GEN-017,VIP 50,50,Ouest - Douala,Bafoussam-Bafang-Douala,16:00,2026-09-27
GEN-026,VIP 50,50,Douala - Ouest,Douala-Bafang-Bafoussam,16:30,2026-09-27
GEN-018,Premium 30,30,Ouest - Douala,Bafoussam-Bafang-Douala,16:30,2026-09-27
GEN-027,Classique 70,70,Douala - Ouest,Douala-Bafang-Bafoussam,17:00,2026-09-27
GEN-019,Classique 70,70,Ouest - Douala,Bafoussam-Bafang-Douala,17:00,2026-09-27
GEN-028,Premium 30,30,Douala - Ouest,Douala-Bafang-Bafoussam,17:30,2026-09-27
GEN-020,Premium 30,30,Ouest - Douala,Bafoussam-Bafang-Douala,17:30,2026-09-27
GEN-029,Classique 70,70,Douala - Ouest,Douala-Bafang-Bafoussam,18:00,2026-09-27
GEN-021,Classique 70,70,Ouest - Douala,Bafoussam-Bafang-Douala,18:00,2026-09-27
GEN-009,Classique 70,70,Douala - Yaoundé,Douala-Edea-Yaoundé,18:30,2026-09-27
GEN-001,VIP 50,50,Yaoundé - Douala,Yaoundé-Edea-Douala,18:30,2026-09-27
GEN-030,VIP 50,50,Douala - Ouest,Douala-Bafang-Bafoussam,18:30,2026-09-27
GEN-022,VIP 50,50,Ouest - Douala,Bafoussam-Bafang-Douala,18:30,2026-09-27
GEN-010,Premium 30,30,Douala - Yaoundé,Douala-Edea-Yaoundé,18:45,2026-09-27
GEN-002,Classique 70,70,Yaoundé - Douala,Yaoundé-Edea-Douala,18:45,2026-09-27
GEN-011,Classique 70,70,Douala - Yaoundé,Douala-Edea-Yaoundé,19:00,2026-09-27
GEN-003,VIP 50,50,Yaoundé - Douala,Yaoundé-Edea-Douala,19:00,2026-09-27
GEN-031,Premium 30,30,Douala - Ouest,Douala-Bafang-Bafoussam,19:00,2026-09-27
GEN-023,Classique 70,70,Ouest - Douala,Bafoussam-Bafang-Douala,19:00,2026-09-27
GEN-012,VIP 50,50,Douala - Yaoundé,Douala-Edea-Yaoundé,19:15,2026-09-27
GEN-004,Classique 70,70,Yaoundé - Douala,Yaoundé-Edea-Douala,19:15,2026-09-27
GEN-013,Premium 30,30,Douala - Yaoundé,Douala-Edea-Yaoundé,19:30,2026-09-27
GEN-005,Classique 70,70,Yaoundé - Douala,Yaoundé-Edea-Douala,19:30,2026-09-27
GEN-032,VIP 50,50,Douala - Ouest,Douala-Bafang-Bafoussam,19:30,2026-09-27
GEN-024,Premium 30,30,Ouest - Douala,Bafoussam-Bafang-Douala,19:30,2026-09-27
GEN-014,Classique 70,70,Douala - Yaoundé,Douala-Edea-Yaoundé,19:45,2026-09-27
GEN-006,Classique 70,70,Yaoundé - Douala,Yaoundé-Edea-Douala,19:45,2026-09-27
GEN-015,VIP 50,50,Douala - Yaoundé,Douala-Edea-Yaoundé,20:00,2026-09-27
GEN-007,Classique 70,70,Yaoundé - Douala,Yaoundé-Edea-Douala,20:00,2026-09-27
GEN-016,VIP 50,50,Douala - Yaoundé,Douala-Edea-Yaoundé,20:15,2026-09-27
GEN-008,VIP 50,50,Yaoundé - Douala,Yaoundé-Edea-Douala,20:15,2026-09-27
GEN-001,VIP 50,50,Douala - Yaoundé,Douala-Edea-Yaoundé,05:00,2026-09-28
GEN-009,Classique 70,70,Yaoundé - Douala,Yaoundé-Edea-Douala,05:00,2026-09-28
GEN-017,VIP 50,50,Douala - Ouest,Douala-Bafang-Bafoussam,05:00,2026-09-28
GEN-025,VIP 50,50,Ouest - Douala,Bafoussam-Bafang-Douala,05:00,2026-09-28
GEN-002,Classique 70,70,Douala - Yaoundé,Douala-Edea-Yaoundé,05:15,2026-09-28
GEN-010,Premium 30,30,Yaoundé - Douala,Yaoundé-Edea-Douala,05:15,2026-09-28
GEN-003,VIP 50,50,Douala - Yaoundé,Douala-Edea-Yaoundé,05:30,2026-09-28
GEN-011,Classique 70,70,Yaoundé - Douala,Yaoundé-Edea-Douala,05:30,2026-09-28
GEN-018,Premium 30,30,Douala - Ouest,Douala-Bafang-Bafoussam,05:30,2026-09-28
GEN-026,VIP 50,50,Ouest - Douala,Bafoussam-Bafang-Douala,05:30,2026-09-28
GEN-004,Classique 70,70,Douala - Yaoundé,Douala-Edea-Yaoundé,05:45,2026-09-28
GEN-012,VIP 50,50,Yaoundé - Douala,Yaoundé-Edea-Douala,05:45,2026-09-28
GEN-005,Classique 70,70,Douala - Yaoundé,Douala-Edea-Yaoundé,06:00,2026-09-28
GEN-013,Premium 30,30,Yaoundé - Douala,Yaoundé-Edea-Douala,06:00,2026-09-28
GEN-019,Classique 70,70,Douala - Ouest,Douala-Bafang-Bafoussam,06:00,2026-09-28
GEN-027,Classique 70,70,Ouest - Douala,Bafoussam-Bafang-Douala,06:00,2026-09-28
GEN-006,Classique 70,70,Douala - Yaoundé,Douala-Edea-Yaoundé,06:15,2026-09-28
GEN-014,Classique 70,70,Yaoundé - Douala,Yaoundé-Edea-Douala,06:15,2026-09-28
GEN-007,Classique 70,70,Douala - Yaoundé,Douala-Edea-Yaoundé,06:30,2026-09-28
GEN-015,VIP 50,50,Yaoundé - Douala,Yaoundé-Edea-Douala,06:30,2026-09-28
GEN-020,Premium 30,30,Douala - Ouest,Douala-Bafang-Bafoussam,06:30,2026-09-28
GEN-028,Premium 30,30,Ouest - Douala,Bafoussam-Bafang-Douala,06:30,2026-09-28
GEN-008,VIP 50,50,Douala - Yaoundé,Douala-Edea-Yaoundé,06:45,2026-09-28
GEN-016,VIP 50,50,Yaoundé - Douala,Yaoundé-Edea-Douala,06:45,2026-09-28
GEN-021,Classique 70,70,Douala - Ouest,Douala-Bafang-Bafoussam,07:00,2026-09-28
GEN-029,Classique 70,70,Ouest - Douala,Bafoussam-Bafang-Douala,07:00,2026-09-28
GEN-022,VIP 50,50,Douala - Ouest,Douala-Bafang-Bafoussam,07:30,2026-09-28
GEN-030,VIP 50,50,Ouest - Douala,Bafoussam-Bafang-Douala,07:30,2026-09-28
GEN-023,Classique 70,70,Douala - Ouest,Douala-Bafang-Bafoussam,08:00,2026-09-28
GEN-031,Premium 30,30,Ouest - Douala,Bafoussam-Bafang-Douala,08:00,2026-09-28
GEN-024,Premium 30,30,Douala - Ouest,Douala-Bafang-Bafoussam,08:30,2026-09-28
GEN-032,VIP 50,50,Ouest - Douala,Bafoussam-Bafang-Douala,08:30,2026-09-28
GEN-009,Classique 70,70,Douala - Yaoundé,Douala-Edea-Yaoundé,09:30,2026-09-28
GEN-001,VIP 50,50,Yaoundé - Douala,Yaoundé-Edea-Douala,09:30,2026-09-28
GEN-010,Premium 30,30,Douala - Yaoundé,Douala-Edea-Yaoundé,09:45,2026-09-28
GEN-002,Classique 70,70,Yaoundé - Douala,Yaoundé-Edea-Douala,09:45,2026-09-28
GEN-011,Classique 70,70,Douala - Yaoundé,Douala-Edea-Yaoundé,10:00,2026-09-28
GEN-003,VIP 50,50,Yaoundé - Douala,Yaoundé-Edea-Douala,10:00,2026-09-28
GEN-012,VIP 50,50,Douala - Yaoundé,Douala-Edea-Yaoundé,10:15,2026-09-28
GEN-004,Classique 70,70,Yaoundé - Douala,Yaoundé-Edea-Douala,10:15,2026-09-28
GEN-013,Premium 30,30,Douala - Yaoundé,Douala-Edea-Yaoundé,10:30,2026-09-28
GEN-005,Classique 70,70,Yaoundé - Douala,Yaoundé-Edea-Douala,10:30,2026-09-28
GEN-025,VIP 50,50,Douala - Ouest,Douala-Bafang-Bafoussam,10:30,2026-09-28
GEN-017,VIP 50,50,Ouest - Douala,Bafoussam-Bafang-Douala,10:30,2026-09-28
GEN-014,Classique 70,70,Douala - Yaoundé,Douala-Edea-Yaoundé,10:45,2026-09-28
GEN-006,Classique 70,70,Yaoundé - Douala,Yaoundé-Edea-Douala,10:45,2026-09-28
GEN-015,VIP 50,50,Douala - Yaoundé,Douala-Edea-Yaoundé,11:00,2026-09-28
GEN-007,Classique 70,70,Yaoundé - Douala,Yaoundé-Edea-Douala,11:00,2026-09-28
GEN-026,VIP 50,50,Douala - Ouest,Douala-Bafang-Bafoussam,11:00,2026-09-28
GEN-018,Premium 30,30,Ouest - Douala,Bafoussam-Bafang-Douala,11:00,2026-09-28
GEN-016,VIP 50,50,Douala - Yaoundé,Douala-Edea-Yaoundé,11:15,2026-09-28
GEN-008,VIP 50,50,Yaoundé - Douala,Yaoundé-Edea-Douala,11:15,2026-09-28
GEN-027,Classique 70,70,Douala - Ouest,Douala-Bafang-Bafoussam,11:30,2026-09-28
GEN-019,Classique 70,70,Ouest - Douala,Bafoussam-Bafang-Douala,11:30,2026-09-28
GEN-028,Premium 30,30,Douala - Ouest,Douala-Bafang-Bafoussam,12:00,2026-09-28
GEN-020,Premium 30,30,Ouest - Douala,Bafoussam-Bafang-Douala,12:00,2026-09-28
GEN-029,Classique 70,70,Douala - Ouest,Douala-Bafang-Bafoussam,12:30,2026-09-28
GEN-021,Classique 70,70,Ouest - Douala,Bafoussam-Bafang-Douala,12:30,2026-09-28
GEN-030,VIP 50,50,Douala - Ouest,Douala-Bafang-Bafoussam,13:00,2026-09-28
GEN-022,VIP 50,50,Ouest - Douala,Bafoussam-Bafang-Douala,13:00,2026-09-28
GEN-031,Premium 30,30,Douala - Ouest,Douala-Bafang-Bafoussam,13:30,2026-09-28
GEN-023,Classique 70,70,Ouest - Douala,Bafoussam-Bafang-Douala,13:30,2026-09-28
GEN-001,VIP 50,50,Douala - Yaoundé,Douala-Edea-Yaoundé,14:00,2026-09-28
GEN-009,Classique 70,70,Yaoundé - Douala,Yaoundé-Edea-Douala,14:00,2026-09-28
GEN-032,VIP 50,50,Douala - Ouest,Douala-Bafang-Bafoussam,14:00,2026-09-28
GEN-024,Premium 30,30,Ouest - Douala,Bafoussam-Bafang-Douala,14:00,2026-09-28
GEN-002,Classique 70,70,Douala - Yaoundé,Douala-Edea-Yaoundé,14:15,2026-09-28
GEN-010,Premium 30,30,Yaoundé - Douala,Yaoundé-Edea-Douala,14:15,2026-09-28
GEN-003,VIP 50,50,Douala - Yaoundé,Douala-Edea-Yaoundé,14:30,2026-09-28
GEN-011,Classique 70,70,Yaoundé - Douala,Yaoundé-Edea-Douala,14:30,2026-09-28
GEN-004,Classique 70,70,Douala - Yaoundé,Douala-Edea-Yaoundé,14:45,2026-09-28
GEN-012,VIP 50,50,Yaoundé - Douala,Yaoundé-Edea-Douala,14:45,2026-09-28
GEN-005,Classique 70,70,Douala - Yaoundé,Douala-Edea-Yaoundé,15:00,2026-09-28
GEN-013,Premium 30,30,Yaoundé - Douala,Yaoundé-Edea-Douala,15:00,2026-09-28
GEN-006,Classique 70,70,Douala - Yaoundé,Douala-Edea-Yaoundé,15:15,2026-09-28
GEN-014,Classique 70,70,Yaoundé - Douala,Yaoundé-Edea-Douala,15:15,2026-09-28
GEN-007,Classique 70,70,Douala - Yaoundé,Douala-Edea-Yaoundé,15:30,2026-09-28
GEN-015,VIP 50,50,Yaoundé - Douala,Yaoundé-Edea-Douala,15:30,2026-09-28
GEN-008,VIP 50,50,Douala - Yaoundé,Douala-Edea-Yaoundé,15:45,2026-09-28
GEN-016,VIP 50,50,Yaoundé - Douala,Yaoundé-Edea-Douala,15:45,2026-09-28
GEN-017,VIP 50,50,Douala - Ouest,Douala-Bafang-Bafoussam,16:00,2026-09-28
GEN-025,VIP 50,50,Ouest - Douala,Bafoussam-Bafang-Douala,16:00,2026-09-28
GEN-018,Premium 30,30,Douala - Ouest,Douala-Bafang-Bafoussam,16:30,2026-09-28
GEN-026,VIP 50,50,Ouest - Douala,Bafoussam-Bafang-Douala,16:30,2026-09-28
GEN-019,Classique 70,70,Douala - Ouest,Douala-Bafang-Bafoussam,17:00,2026-09-28
GEN-027,Classique 70,70,Ouest - Douala,Bafoussam-Bafang-Douala,17:00,2026-09-28
GEN-020,Premium 30,30,Douala - Ouest,Douala-Bafang-Bafoussam,17:30,2026-09-28
GEN-028,Premium 30,30,Ouest - Douala,Bafoussam-Bafang-Douala,17:30,2026-09-28
GEN-021,Classique 70,70,Douala - Ouest,Douala-Bafang-Bafoussam,18:00,2026-09-28
GEN-029,Classique 70,70,Ouest - Douala,Bafoussam-Bafang-Douala,18:00,2026-09-28
GEN-009,Classique 70,70,Douala - Yaoundé,Douala-Edea-Yaoundé,18:30,2026-09-28
GEN-001,VIP 50,50,Yaoundé - Douala,Yaoundé-Edea-Douala,18:30,2026-09-28
GEN-022,VIP 50,50,Douala - Ouest,Douala-Bafang-Bafoussam,18:30,2026-09-28
GEN-030,VIP 50,50,Ouest - Douala,Bafoussam-Bafang-Douala,18:30,2026-09-28
GEN-010,Premium 30,30,Douala - Yaoundé,Douala-Edea-Yaoundé,18:45,2026-09-28
GEN-002,Classique 70,70,Yaoundé - Douala,Yaoundé-Edea-Douala,18:45,2026-09-28
GEN-011,Classique 70,70,Douala - Yaoundé,Douala-Edea-Yaoundé,19:00,2026-09-28
GEN-003,VIP 50,50,Yaoundé - Douala,Yaoundé-Edea-Douala,19:00,2026-09-28
GEN-023,Classique 70,70,Douala - Ouest,Douala-Bafang-Bafoussam,19:00,2026-09-28
GEN-031,Premium 30,30,Ouest - Douala,Bafoussam-Bafang-Douala,19:00,2026-09-28
GEN-012,VIP 50,50,Douala - Yaoundé,Douala-Edea-Yaoundé,19:15,2026-09-28
GEN-004,Classique 70,70,Yaoundé - Douala,Yaoundé-Edea-Douala,19:15,2026-09-28
GEN-013,Premium 30,30,Douala - Yaoundé,Douala-Edea-Yaoundé,19:30,2026-09-28
GEN-005,Classique 70,70,Yaoundé - Douala,Yaoundé-Edea-Douala,19:30,2026-09-28
GEN-024,Premium 30,30,Douala - Ouest,Douala-Bafang-Bafoussam,19:30,2026-09-28
GEN-032,VIP 50,50,Ouest - Douala,Bafoussam-Bafang-Douala,19:30,2026-09-28
GEN-014,Classique 70,70,Douala - Yaoundé,Douala-Edea-Yaoundé,19:45,2026-09-28
GEN-006,Classique 70,70,Yaoundé - Douala,Yaoundé-Edea-Douala,19:45,2026-09-28
GEN-015,VIP 50,50,Douala - Yaoundé,Douala-Edea-Yaoundé,20:00,2026-09-28
GEN-007,Classique 70,70,Yaoundé - Douala,Yaoundé-Edea-Douala,20:00,2026-09-28
GEN-016,VIP 50,50,Douala - Yaoundé,Douala-Edea-Yaoundé,20:15,2026-09-28
GEN-008,VIP 50,50,Yaoundé - Douala,Yaoundé-Edea-Douala,20:15,2026-09-28
GEN-001,VIP 50,50,Douala - Yaoundé,Douala-Edea-Yaoundé,05:00,2026-09-29
GEN-009,Classique 70,70,Yaoundé - Douala,Yaoundé-Edea-Douala,05:00,2026-09-29
GEN-025,VIP 50,50,Douala - Ouest,Douala-Bafang-Bafoussam,05:00,2026-09-29
GEN-017,VIP 50,50,Ouest - Douala,Bafoussam-Bafang-Douala,05:00,2026-09-29
GEN-002,Classique 70,70,Douala - Yaoundé,Douala-Edea-Yaoundé,05:15,2026-09-29
GEN-010,Premium 30,30,Yaoundé - Douala,Yaoundé-Edea-Douala,05:15,2026-09-29
GEN-003,VIP 50,50,Douala - Yaoundé,Douala-Edea-Yaoundé,05:30,2026-09-29
GEN-011,Classique 70,70,Yaoundé - Douala,Yaoundé-Edea-Douala,05:30,2026-09-29
GEN-026,VIP 50,50,Douala - Ouest,Douala-Bafang-Bafoussam,05:30,2026-09-29
GEN-018,Premium 30,30,Ouest - Douala,Bafoussam-Bafang-Douala,05:30,2026-09-29
GEN-004,Classique 70,70,Douala - Yaoundé,Douala-Edea-Yaoundé,05:45,2026-09-29
GEN-012,VIP 50,50,Yaoundé - Douala,Yaoundé-Edea-Douala,05:45,2026-09-29
GEN-005,Classique 70,70,Douala - Yaoundé,Douala-Edea-Yaoundé,06:00,2026-09-29
GEN-013,Premium 30,30,Yaoundé - Douala,Yaoundé-Edea-Douala,06:00,2026-09-29
GEN-027,Classique 70,70,Douala - Ouest,Douala-Bafang-Bafoussam,06:00,2026-09-29
GEN-019,Classique 70,70,Ouest - Douala,Bafoussam-Bafang-Douala,06:00,2026-09-29
GEN-006,Classique 70,70,Douala - Yaoundé,Douala-Edea-Yaoundé,06:15,2026-09-29
GEN-014,Classique 70,70,Yaoundé - Douala,Yaoundé-Edea-Douala,06:15,2026-09-29
GEN-007,Classique 70,70,Douala - Yaoundé,Douala-Edea-Yaoundé,06:30,2026-09-29
GEN-015,VIP 50,50,Yaoundé - Douala,Yaoundé-Edea-Douala,06:30,2026-09-29
GEN-028,Premium 30,30,Douala - Ouest,Douala-Bafang-Bafoussam,06:30,2026-09-29
GEN-020,Premium 30,30,Ouest - Douala,Bafoussam-Bafang-Douala,06:30,2026-09-29
GEN-008,VIP 50,50,Douala - Yaoundé,Douala-Edea-Yaoundé,06:45,2026-09-29
GEN-016,VIP 50,50,Yaoundé - Douala,Yaoundé-Edea-Douala,06:45,2026-09-29
GEN-029,Classique 70,70,Douala - Ouest,Douala-Bafang-Bafoussam,07:00,2026-09-29
GEN-021,Classique 70,70,Ouest - Douala,Bafoussam-Bafang-Douala,07:00,2026-09-29
GEN-030,VIP 50,50,Douala - Ouest,Douala-Bafang-Bafoussam,07:30,2026-09-29
GEN-022,VIP 50,50,Ouest - Douala,Bafoussam-Bafang-Douala,07:30,2026-09-29
GEN-031,Premium 30,30,Douala - Ouest,Douala-Bafang-Bafoussam,08:00,2026-09-29
GEN-023,Classique 70,70,Ouest - Douala,Bafoussam-Bafang-Douala,08:00,2026-09-29
GEN-032,VIP 50,50,Douala - Ouest,Douala-Bafang-Bafoussam,08:30,2026-09-29
GEN-024,Premium 30,30,Ouest - Douala,Bafoussam-Bafang-Douala,08:30,2026-09-29
GEN-009,Classique 70,70,Douala - Yaoundé,Douala-Edea-Yaoundé,09:30,2026-09-29
GEN-001,VIP 50,50,Yaoundé - Douala,Yaoundé-Edea-Douala,09:30,2026-09-29
GEN-010,Premium 30,30,Douala - Yaoundé,Douala-Edea-Yaoundé,09:45,2026-09-29
GEN-002,Classique 70,70,Yaoundé - Douala,Yaoundé-Edea-Douala,09:45,2026-09-29
GEN-011,Classique 70,70,Douala - Yaoundé,Douala-Edea-Yaoundé,10:00,2026-09-29
GEN-003,VIP 50,50,Yaoundé - Douala,Yaoundé-Edea-Douala,10:00,2026-09-29
GEN-012,VIP 50,50,Douala - Yaoundé,Douala-Edea-Yaoundé,10:15,2026-09-29
GEN-004,Classique 70,70,Yaoundé - Douala,Yaoundé-Edea-Douala,10:15,2026-09-29
GEN-013,Premium 30,30,Douala - Yaoundé,Douala-Edea-Yaoundé,10:30,2026-09-29
GEN-005,Classique 70,70,Yaoundé - Douala,Yaoundé-Edea-Douala,10:30,2026-09-29
GEN-017,VIP 50,50,Douala - Ouest,Douala-Bafang-Bafoussam,10:30,2026-09-29
GEN-025,VIP 50,50,Ouest - Douala,Bafoussam-Bafang-Douala,10:30,2026-09-29
GEN-014,Classique 70,70,Douala - Yaoundé,Douala-Edea-Yaoundé,10:45,2026-09-29
GEN-006,Classique 70,70,Yaoundé - Douala,Yaoundé-Edea-Douala,10:45,2026-09-29
GEN-015,VIP 50,50,Douala - Yaoundé,Douala-Edea-Yaoundé,11:00,2026-09-29
GEN-007,Classique 70,70,Yaoundé - Douala,Yaoundé-Edea-Douala,11:00,2026-09-29
GEN-018,Premium 30,30,Douala - Ouest,Douala-Bafang-Bafoussam,11:00,2026-09-29
GEN-026,VIP 50,50,Ouest - Douala,Bafoussam-Bafang-Douala,11:00,2026-09-29
GEN-016,VIP 50,50,Douala - Yaoundé,Douala-Edea-Yaoundé,11:15,2026-09-29
GEN-008,VIP 50,50,Yaoundé - Douala,Yaoundé-Edea-Douala,11:15,2026-09-29
GEN-019,Classique 70,70,Douala - Ouest,Douala-Bafang-Bafoussam,11:30,2026-09-29
GEN-027,Classique 70,70,Ouest - Douala,Bafoussam-Bafang-Douala,11:30,2026-09-29
GEN-020,Premium 30,30,Douala - Ouest,Douala-Bafang-Bafoussam,12:00,2026-09-29
GEN-028,Premium 30,30,Ouest - Douala,Bafoussam-Bafang-Douala,12:00,2026-09-29
GEN-021,Classique 70,70,Douala - Ouest,Douala-Bafang-Bafoussam,12:30,2026-09-29
GEN-029,Classique 70,70,Ouest - Douala,Bafoussam-Bafang-Douala,12:30,2026-09-29
GEN-022,VIP 50,50,Douala - Ouest,Douala-Bafang-Bafoussam,13:00,2026-09-29
GEN-030,VIP 50,50,Ouest - Douala,Bafoussam-Bafang-Douala,13:00,2026-09-29
GEN-023,Classique 70,70,Douala - Ouest,Douala-Bafang-Bafoussam,13:30,2026-09-29
GEN-031,Premium 30,30,Ouest - Douala,Bafoussam-Bafang-Douala,13:30,2026-09-29
GEN-001,VIP 50,50,Douala - Yaoundé,Douala-Edea-Yaoundé,14:00,2026-09-29
GEN-009,Classique 70,70,Yaoundé - Douala,Yaoundé-Edea-Douala,14:00,2026-09-29
GEN-024,Premium 30,30,Douala - Ouest,Douala-Bafang-Bafoussam,14:00,2026-09-29
GEN-032,VIP 50,50,Ouest - Douala,Bafoussam-Bafang-Douala,14:00,2026-09-29
GEN-002,Classique 70,70,Douala - Yaoundé,Douala-Edea-Yaoundé,14:15,2026-09-29
GEN-010,Premium 30,30,Yaoundé - Douala,Yaoundé-Edea-Douala,14:15,2026-09-29
GEN-003,VIP 50,50,Douala - Yaoundé,Douala-Edea-Yaoundé,14:30,2026-09-29
GEN-011,Classique 70,70,Yaoundé - Douala,Yaoundé-Edea-Douala,14:30,2026-09-29
GEN-004,Classique 70,70,Douala - Yaoundé,Douala-Edea-Yaoundé,14:45,2026-09-29
GEN-012,VIP 50,50,Yaoundé - Douala,Yaoundé-Edea-Douala,14:45,2026-09-29
GEN-005,Classique 70,70,Douala - Yaoundé,Douala-Edea-Yaoundé,15:00,2026-09-29
GEN-013,Premium 30,30,Yaoundé - Douala,Yaoundé-Edea-Douala,15:00,2026-09-29
GEN-006,Classique 70,70,Douala - Yaoundé,Douala-Edea-Yaoundé,15:15,2026-09-29
GEN-014,Classique 70,70,Yaoundé - Douala,Yaoundé-Edea-Douala,15:15,2026-09-29
GEN-007,Classique 70,70,Douala - Yaoundé,Douala-Edea-Yaoundé,15:30,2026-09-29
GEN-015,VIP 50,50,Yaoundé - Douala,Yaoundé-Edea-Douala,15:30,2026-09-29
GEN-008,VIP 50,50,Douala - Yaoundé,Douala-Edea-Yaoundé,15:45,2026-09-29
GEN-016,VIP 50,50,Yaoundé - Douala,Yaoundé-Edea-Douala,15:45,2026-09-29
GEN-025,VIP 50,50,Douala - Ouest,Douala-Bafang-Bafoussam,16:00,2026-09-29
GEN-017,VIP 50,50,Ouest - Douala,Bafoussam-Bafang-Douala,16:00,2026-09-29
GEN-026,VIP 50,50,Douala - Ouest,Douala-Bafang-Bafoussam,16:30,2026-09-29
GEN-018,Premium 30,30,Ouest - Douala,Bafoussam-Bafang-Douala,16:30,2026-09-29
GEN-027,Classique 70,70,Douala - Ouest,Douala-Bafang-Bafoussam,17:00,2026-09-29
GEN-019,Classique 70,70,Ouest - Douala,Bafoussam-Bafang-Douala,17:00,2026-09-29
GEN-028,Premium 30,30,Douala - Ouest,Douala-Bafang-Bafoussam,17:30,2026-09-29
GEN-020,Premium 30,30,Ouest - Douala,Bafoussam-Bafang-Douala,17:30,2026-09-29
GEN-029,Classique 70,70,Douala - Ouest,Douala-Bafang-Bafoussam,18:00,2026-09-29
GEN-021,Classique 70,70,Ouest - Douala,Bafoussam-Bafang-Douala,18:00,2026-09-29
GEN-009,Classique 70,70,Douala - Yaoundé,Douala-Edea-Yaoundé,18:30,2026-09-29
GEN-001,VIP 50,50,Yaoundé - Douala,Yaoundé-Edea-Douala,18:30,2026-09-29
GEN-030,VIP 50,50,Douala - Ouest,Douala-Bafang-Bafoussam,18:30,2026-09-29
GEN-022,VIP 50,50,Ouest - Douala,Bafoussam-Bafang-Douala,18:30,2026-09-29
GEN-010,Premium 30,30,Douala - Yaoundé,Douala-Edea-Yaoundé,18:45,2026-09-29
GEN-002,Classique 70,70,Yaoundé - Douala,Yaoundé-Edea-Douala,18:45,2026-09-29
GEN-011,Classique 70,70,Douala - Yaoundé,Douala-Edea-Yaoundé,19:00,2026-09-29
GEN-003,VIP 50,50,Yaoundé - Douala,Yaoundé-Edea-Douala,19:00,2026-09-29
GEN-031,Premium 30,30,Douala - Ouest,Douala-Bafang-Bafoussam,19:00,2026-09-29
GEN-023,Classique 70,70,Ouest - Douala,Bafoussam-Bafang-Douala,19:00,2026-09-29
GEN-012,VIP 50,50,Douala - Yaoundé,Douala-Edea-Yaoundé,19:15,2026-09-29
GEN-004,Classique 70,70,Yaoundé - Douala,Yaoundé-Edea-Douala,19:15,2026-09-29
GEN-013,Premium 30,30,Douala - Yaoundé,Douala-Edea-Yaoundé,19:30,2026-09-29
GEN-005,Classique 70,70,Yaoundé - Douala,Yaoundé-Edea-Douala,19:30,2026-09-29
GEN-032,VIP 50,50,Douala - Ouest,Douala-Bafang-Bafoussam,19:30,2026-09-29
GEN-024,Premium 30,30,Ouest - Douala,Bafoussam-Bafang-Douala,19:30,2026-09-29
GEN-014,Classique 70,70,Douala - Yaoundé,Douala-Edea-Yaoundé,19:45,2026-09-29
GEN-006,Classique 70,70,Yaoundé - Douala,Yaoundé-Edea-Douala,19:45,2026-09-29
GEN-015,VIP 50,50,Douala - Yaoundé,Douala-Edea-Yaoundé,20:00,2026-09-29
GEN-007,Classique 70,70,Yaoundé - Douala,Yaoundé-Edea-Douala,20:00,2026-09-29
GEN-016,VIP 50,50,Douala - Yaoundé,Douala-Edea-Yaoundé,20:15,2026-09-29
GEN-008,VIP 50,50,Yaoundé - Douala,Yaoundé-Edea-Douala,20:15,2026-09-29
GEN-001,VIP 50,50,Douala - Yaoundé,Douala-Edea-Yaoundé,05:00,2026-09-30
GEN-009,Classique 70,70,Yaoundé - Douala,Yaoundé-Edea-Douala,05:00,2026-09-30
GEN-017,VIP 50,50,Douala - Ouest,Douala-Bafang-Bafoussam,05:00,2026-09-30
GEN-025,VIP 50,50,Ouest - Douala,Bafoussam-Bafang-Douala,05:00,2026-09-30
GEN-002,Classique 70,70,Douala - Yaoundé,Douala-Edea-Yaoundé,05:15,2026-09-30
GEN-010,Premium 30,30,Yaoundé - Douala,Yaoundé-Edea-Douala,05:15,2026-09-30
GEN-003,VIP 50,50,Douala - Yaoundé,Douala-Edea-Yaoundé,05:30,2026-09-30
GEN-011,Classique 70,70,Yaoundé - Douala,Yaoundé-Edea-Douala,05:30,2026-09-30
GEN-018,Premium 30,30,Douala - Ouest,Douala-Bafang-Bafoussam,05:30,2026-09-30
GEN-026,VIP 50,50,Ouest - Douala,Bafoussam-Bafang-Douala,05:30,2026-09-30
GEN-004,Classique 70,70,Douala - Yaoundé,Douala-Edea-Yaoundé,05:45,2026-09-30
GEN-012,VIP 50,50,Yaoundé - Douala,Yaoundé-Edea-Douala,05:45,2026-09-30
GEN-005,Classique 70,70,Douala - Yaoundé,Douala-Edea-Yaoundé,06:00,2026-09-30
GEN-013,Premium 30,30,Yaoundé - Douala,Yaoundé-Edea-Douala,06:00,2026-09-30
GEN-019,Classique 70,70,Douala - Ouest,Douala-Bafang-Bafoussam,06:00,2026-09-30
GEN-027,Classique 70,70,Ouest - Douala,Bafoussam-Bafang-Douala,06:00,2026-09-30
GEN-006,Classique 70,70,Douala - Yaoundé,Douala-Edea-Yaoundé,06:15,2026-09-30
GEN-014,Classique 70,70,Yaoundé - Douala,Yaoundé-Edea-Douala,06:15,2026-09-30
GEN-007,Classique 70,70,Douala - Yaoundé,Douala-Edea-Yaoundé,06:30,2026-09-30
GEN-015,VIP 50,50,Yaoundé - Douala,Yaoundé-Edea-Douala,06:30,2026-09-30
GEN-020,Premium 30,30,Douala - Ouest,Douala-Bafang-Bafoussam,06:30,2026-09-30
GEN-028,Premium 30,30,Ouest - Douala,Bafoussam-Bafang-Douala,06:30,2026-09-30
GEN-008,VIP 50,50,Douala - Yaoundé,Douala-Edea-Yaoundé,06:45,2026-09-30
GEN-016,VIP 50,50,Yaoundé - Douala,Yaoundé-Edea-Douala,06:45,2026-09-30
GEN-021,Classique 70,70,Douala - Ouest,Douala-Bafang-Bafoussam,07:00,2026-09-30
GEN-029,Classique 70,70,Ouest - Douala,Bafoussam-Bafang-Douala,07:00,2026-09-30
GEN-022,VIP 50,50,Douala - Ouest,Douala-Bafang-Bafoussam,07:30,2026-09-30
GEN-030,VIP 50,50,Ouest - Douala,Bafoussam-Bafang-Douala,07:30,2026-09-30
GEN-023,Classique 70,70,Douala - Ouest,Douala-Bafang-Bafoussam,08:00,2026-09-30
GEN-031,Premium 30,30,Ouest - Douala,Bafoussam-Bafang-Douala,08:00,2026-09-30
GEN-024,Premium 30,30,Douala - Ouest,Douala-Bafang-Bafoussam,08:30,2026-09-30
GEN-032,VIP 50,50,Ouest - Douala,Bafoussam-Bafang-Douala,08:30,2026-09-30
GEN-009,Classique 70,70,Douala - Yaoundé,Douala-Edea-Yaoundé,09:30,2026-09-30
GEN-001,VIP 50,50,Yaoundé - Douala,Yaoundé-Edea-Douala,09:30,2026-09-30
GEN-010,Premium 30,30,Douala - Yaoundé,Douala-Edea-Yaoundé,09:45,2026-09-30
GEN-002,Classique 70,70,Yaoundé - Douala,Yaoundé-Edea-Douala,09:45,2026-09-30
GEN-011,Classique 70,70,Douala - Yaoundé,Douala-Edea-Yaoundé,10:00,2026-09-30
GEN-003,VIP 50,50,Yaoundé - Douala,Yaoundé-Edea-Douala,10:00,2026-09-30
GEN-012,VIP 50,50,Douala - Yaoundé,Douala-Edea-Yaoundé,10:15,2026-09-30
GEN-004,Classique 70,70,Yaoundé - Douala,Yaoundé-Edea-Douala,10:15,2026-09-30
GEN-013,Premium 30,30,Douala - Yaoundé,Douala-Edea-Yaoundé,10:30,2026-09-30
GEN-005,Classique 70,70,Yaoundé - Douala,Yaoundé-Edea-Douala,10:30,2026-09-30
GEN-025,VIP 50,50,Douala - Ouest,Douala-Bafang-Bafoussam,10:30,2026-09-30
GEN-017,VIP 50,50,Ouest - Douala,Bafoussam-Bafang-Douala,10:30,2026-09-30
GEN-014,Classique 70,70,Douala - Yaoundé,Douala-Edea-Yaoundé,10:45,2026-09-30
GEN-006,Classique 70,70,Yaoundé - Douala,Yaoundé-Edea-Douala,10:45,2026-09-30
GEN-015,VIP 50,50,Douala - Yaoundé,Douala-Edea-Yaoundé,11:00,2026-09-30
GEN-007,Classique 70,70,Yaoundé - Douala,Yaoundé-Edea-Douala,11:00,2026-09-30
GEN-026,VIP 50,50,Douala - Ouest,Douala-Bafang-Bafoussam,11:00,2026-09-30
GEN-018,Premium 30,30,Ouest - Douala,Bafoussam-Bafang-Douala,11:00,2026-09-30
GEN-016,VIP 50,50,Douala - Yaoundé,Douala-Edea-Yaoundé,11:15,2026-09-30
GEN-008,VIP 50,50,Yaoundé - Douala,Yaoundé-Edea-Douala,11:15,2026-09-30
GEN-027,Classique 70,70,Douala - Ouest,Douala-Bafang-Bafoussam,11:30,2026-09-30
GEN-019,Classique 70,70,Ouest - Douala,Bafoussam-Bafang-Douala,11:30,2026-09-30
GEN-028,Premium 30,30,Douala - Ouest,Douala-Bafang-Bafoussam,12:00,2026-09-30
GEN-020,Premium 30,30,Ouest - Douala,Bafoussam-Bafang-Douala,12:00,2026-09-30
GEN-029,Classique 70,70,Douala - Ouest,Douala-Bafang-Bafoussam,12:30,2026-09-30
GEN-021,Classique 70,70,Ouest - Douala,Bafoussam-Bafang-Douala,12:30,2026-09-30
GEN-030,VIP 50,50,Douala - Ouest,Douala-Bafang-Bafoussam,13:00,2026-09-30
GEN-022,VIP 50,50,Ouest - Douala,Bafoussam-Bafang-Douala,13:00,2026-09-30
GEN-031,Premium 30,30,Douala - Ouest,Douala-Bafang-Bafoussam,13:30,2026-09-30
GEN-023,Classique 70,70,Ouest - Douala,Bafoussam-Bafang-Douala,13:30,2026-09-30
GEN-001,VIP 50,50,Douala - Yaoundé,Douala-Edea-Yaoundé,14:00,2026-09-30
GEN-009,Classique 70,70,Yaoundé - Douala,Yaoundé-Edea-Douala,14:00,2026-09-30
GEN-032,VIP 50,50,Douala - Ouest,Douala-Bafang-Bafoussam,14:00,2026-09-30
GEN-024,Premium 30,30,Ouest - Douala,Bafoussam-Bafang-Douala,14:00,2026-09-30
GEN-002,Classique 70,70,Douala - Yaoundé,Douala-Edea-Yaoundé,14:15,2026-09-30
GEN-010,Premium 30,30,Yaoundé - Douala,Yaoundé-Edea-Douala,14:15,2026-09-30
GEN-003,VIP 50,50,Douala - Yaoundé,Douala-Edea-Yaoundé,14:30,2026-09-30
GEN-011,Classique 70,70,Yaoundé - Douala,Yaoundé-Edea-Douala,14:30,2026-09-30
GEN-004,Classique 70,70,Douala - Yaoundé,Douala-Edea-Yaoundé,14:45,2026-09-30
GEN-012,VIP 50,50,Yaoundé - Douala,Yaoundé-Edea-Douala,14:45,2026-09-30
GEN-005,Classique 70,70,Douala - Yaoundé,Douala-Edea-Yaoundé,15:00,2026-09-30
GEN-013,Premium 30,30,Yaoundé - Douala,Yaoundé-Edea-Douala,15:00,2026-09-30
GEN-006,Classique 70,70,Douala - Yaoundé,Douala-Edea-Yaoundé,15:15,2026-09-30
GEN-014,Classique 70,70,Yaoundé - Douala,Yaoundé-Edea-Douala,15:15,2026-09-30
GEN-007,Classique 70,70,Douala - Yaoundé,Douala-Edea-Yaoundé,15:30,2026-09-30
GEN-015,VIP 50,50,Yaoundé - Douala,Yaoundé-Edea-Douala,15:30,2026-09-30
GEN-008,VIP 50,50,Douala - Yaoundé,Douala-Edea-Yaoundé,15:45,2026-09-30
GEN-016,VIP 50,50,Yaoundé - Douala,Yaoundé-Edea-Douala,15:45,2026-09-30
GEN-017,VIP 50,50,Douala - Ouest,Douala-Bafang-Bafoussam,16:00,2026-09-30
GEN-025,VIP 50,50,Ouest - Douala,Bafoussam-Bafang-Douala,16:00,2026-09-30
GEN-018,Premium 30,30,Douala - Ouest,Douala-Bafang-Bafoussam,16:30,2026-09-30
GEN-026,VIP 50,50,Ouest - Douala,Bafoussam-Bafang-Douala,16:30,2026-09-30
GEN-019,Classique 70,70,Douala - Ouest,Douala-Bafang-Bafoussam,17:00,2026-09-30
GEN-027,Classique 70,70,Ouest - Douala,Bafoussam-Bafang-Douala,17:00,2026-09-30
GEN-020,Premium 30,30,Douala - Ouest,Douala-Bafang-Bafoussam,17:30,2026-09-30
GEN-028,Premium 30,30,Ouest - Douala,Bafoussam-Bafang-Douala,17:30,2026-09-30
GEN-021,Classique 70,70,Douala - Ouest,Douala-Bafang-Bafoussam,18:00,2026-09-30
GEN-029,Classique 70,70,Ouest - Douala,Bafoussam-Bafang-Douala,18:00,2026-09-30
GEN-009,Classique 70,70,Douala - Yaoundé,Douala-Edea-Yaoundé,18:30,2026-09-30
GEN-001,VIP 50,50,Yaoundé - Douala,Yaoundé-Edea-Douala,18:30,2026-09-30
GEN-022,VIP 50,50,Douala - Ouest,Douala-Bafang-Bafoussam,18:30,2026-09-30
GEN-030,VIP 50,50,Ouest - Douala,Bafoussam-Bafang-Douala,18:30,2026-09-30
GEN-010,Premium 30,30,Douala - Yaoundé,Douala-Edea-Yaoundé,18:45,2026-09-30
GEN-002,Classique 70,70,Yaoundé - Douala,Yaoundé-Edea-Douala,18:45,2026-09-30
GEN-011,Classique 70,70,Douala - Yaoundé,Douala-Edea-Yaoundé,19:00,2026-09-30
GEN-003,VIP 50,50,Yaoundé - Douala,Yaoundé-Edea-Douala,19:00,2026-09-30
GEN-023,Classique 70,70,Douala - Ouest,Douala-Bafang-Bafoussam,19:00,2026-09-30
GEN-031,Premium 30,30,Ouest - Douala,Bafoussam-Bafang-Douala,19:00,2026-09-30
GEN-012,VIP 50,50,Douala - Yaoundé,Douala-Edea-Yaoundé,19:15,2026-09-30
GEN-004,Classique 70,70,Yaoundé - Douala,Yaoundé-Edea-Douala,19:15,2026-09-30
GEN-013,Premium 30,30,Douala - Yaoundé,Douala-Edea-Yaoundé,19:30,2026-09-30
GEN-005,Classique 70,70,Yaoundé - Douala,Yaoundé-Edea-Douala,19:30,2026-09-30
GEN-024,Premium 30,30,Douala - Ouest,Douala-Bafang-Bafoussam,19:30,2026-09-30
GEN-032,VIP 50,50,Ouest - Douala,Bafoussam-Bafang-Douala,19:30,2026-09-30
GEN-014,Classique 70,70,Douala - Yaoundé,Douala-Edea-Yaoundé,19:45,2026-09-30
GEN-006,Classique 70,70,Yaoundé - Douala,Yaoundé-Edea-Douala,19:45,2026-09-30
GEN-015,VIP 50,50,Douala - Yaoundé,Douala-Edea-Yaoundé,20:00,2026-09-30
GEN-007,Classique 70,70,Yaoundé - Douala,Yaoundé-Edea-Douala,20:00,2026-09-30
GEN-016,VIP 50,50,Douala - Yaoundé,Douala-Edea-Yaoundé,20:15,2026-09-30
GEN-008,VIP 50,50,Yaoundé - Douala,Yaoundé-Edea-Douala,20:15,2026-09-30
GEN-001,VIP 50,50,Douala - Yaoundé,Douala-Edea-Yaoundé,05:00,2026-10-01
GEN-009,Classique 70,70,Yaoundé - Douala,Yaoundé-Edea-Douala,05:00,2026-10-01
GEN-025,VIP 50,50,Douala - Ouest,Douala-Bafang-Bafoussam,05:00,2026-10-01
GEN-017,VIP 50,50,Ouest - Douala,Bafoussam-Bafang-Douala,05:00,2026-10-01
GEN-002,Classique 70,70,Douala - Yaoundé,Douala-Edea-Yaoundé,05:15,2026-10-01
GEN-010,Premium 30,30,Yaoundé - Douala,Yaoundé-Edea-Douala,05:15,2026-10-01
GEN-003,VIP 50,50,Douala - Yaoundé,Douala-Edea-Yaoundé,05:30,2026-10-01
GEN-011,Classique 70,70,Yaoundé - Douala,Yaoundé-Edea-Douala,05:30,2026-10-01
GEN-026,VIP 50,50,Douala - Ouest,Douala-Bafang-Bafoussam,05:30,2026-10-01
GEN-018,Premium 30,30,Ouest - Douala,Bafoussam-Bafang-Douala,05:30,2026-10-01
GEN-004,Classique 70,70,Douala - Yaoundé,Douala-Edea-Yaoundé,05:45,2026-10-01
GEN-012,VIP 50,50,Yaoundé - Douala,Yaoundé-Edea-Douala,05:45,2026-10-01
GEN-005,Classique 70,70,Douala - Yaoundé,Douala-Edea-Yaoundé,06:00,2026-10-01
GEN-013,Premium 30,30,Yaoundé - Douala,Yaoundé-Edea-Douala,06:00,2026-10-01
GEN-027,Classique 70,70,Douala - Ouest,Douala-Bafang-Bafoussam,06:00,2026-10-01
GEN-019,Classique 70,70,Ouest - Douala,Bafoussam-Bafang-Douala,06:00,2026-10-01
GEN-006,Classique 70,70,Douala - Yaoundé,Douala-Edea-Yaoundé,06:15,2026-10-01
GEN-014,Classique 70,70,Yaoundé - Douala,Yaoundé-Edea-Douala,06:15,2026-10-01
GEN-007,Classique 70,70,Douala - Yaoundé,Douala-Edea-Yaoundé,06:30,2026-10-01
GEN-015,VIP 50,50,Yaoundé - Douala,Yaoundé-Edea-Douala,06:30,2026-10-01
GEN-028,Premium 30,30,Douala - Ouest,Douala-Bafang-Bafoussam,06:30,2026-10-01
GEN-020,Premium 30,30,Ouest - Douala,Bafoussam-Bafang-Douala,06:30,2026-10-01
GEN-008,VIP 50,50,Douala - Yaoundé,Douala-Edea-Yaoundé,06:45,2026-10-01
GEN-016,VIP 50,50,Yaoundé - Douala,Yaoundé-Edea-Douala,06:45,2026-10-01
GEN-029,Classique 70,70,Douala - Ouest,Douala-Bafang-Bafoussam,07:00,2026-10-01
GEN-021,Classique 70,70,Ouest - Douala,Bafoussam-Bafang-Douala,07:00,2026-10-01
GEN-030,VIP 50,50,Douala - Ouest,Douala-Bafang-Bafoussam,07:30,2026-10-01
GEN-022,VIP 50,50,Ouest - Douala,Bafoussam-Bafang-Douala,07:30,2026-10-01
GEN-031,Premium 30,30,Douala - Ouest,Douala-Bafang-Bafoussam,08:00,2026-10-01
GEN-023,Classique 70,70,Ouest - Douala,Bafoussam-Bafang-Douala,08:00,2026-10-01
GEN-032,VIP 50,50,Douala - Ouest,Douala-Bafang-Bafoussam,08:30,2026-10-01
GEN-024,Premium 30,30,Ouest - Douala,Bafoussam-Bafang-Douala,08:30,2026-10-01
GEN-009,Classique 70,70,Douala - Yaoundé,Douala-Edea-Yaoundé,09:30,2026-10-01
GEN-001,VIP 50,50,Yaoundé - Douala,Yaoundé-Edea-Douala,09:30,2026-10-01
GEN-010,Premium 30,30,Douala - Yaoundé,Douala-Edea-Yaoundé,09:45,2026-10-01
GEN-002,Classique 70,70,Yaoundé - Douala,Yaoundé-Edea-Douala,09:45,2026-10-01
GEN-011,Classique 70,70,Douala - Yaoundé,Douala-Edea-Yaoundé,10:00,2026-10-01
GEN-003,VIP 50,50,Yaoundé - Douala,Yaoundé-Edea-Douala,10:00,2026-10-01
GEN-012,VIP 50,50,Douala - Yaoundé,Douala-Edea-Yaoundé,10:15,2026-10-01
GEN-004,Classique 70,70,Yaoundé - Douala,Yaoundé-Edea-Douala,10:15,2026-10-01
GEN-013,Premium 30,30,Douala - Yaoundé,Douala-Edea-Yaoundé,10:30,2026-10-01
GEN-005,Classique 70,70,Yaoundé - Douala,Yaoundé-Edea-Douala,10:30,2026-10-01
GEN-017,VIP 50,50,Douala - Ouest,Douala-Bafang-Bafoussam,10:30,2026-10-01
GEN-025,VIP 50,50,Ouest - Douala,Bafoussam-Bafang-Douala,10:30,2026-10-01
GEN-014,Classique 70,70,Douala - Yaoundé,Douala-Edea-Yaoundé,10:45,2026-10-01
GEN-006,Classique 70,70,Yaoundé - Douala,Yaoundé-Edea-Douala,10:45,2026-10-01
GEN-015,VIP 50,50,Douala - Yaoundé,Douala-Edea-Yaoundé,11:00,2026-10-01
GEN-007,Classique 70,70,Yaoundé - Douala,Yaoundé-Edea-Douala,11:00,2026-10-01
GEN-018,Premium 30,30,Douala - Ouest,Douala-Bafang-Bafoussam,11:00,2026-10-01
GEN-026,VIP 50,50,Ouest - Douala,Bafoussam-Bafang-Douala,11:00,2026-10-01
GEN-016,VIP 50,50,Douala - Yaoundé,Douala-Edea-Yaoundé,11:15,2026-10-01
GEN-008,VIP 50,50,Yaoundé - Douala,Yaoundé-Edea-Douala,11:15,2026-10-01
GEN-019,Classique 70,70,Douala - Ouest,Douala-Bafang-Bafoussam,11:30,2026-10-01
GEN-027,Classique 70,70,Ouest - Douala,Bafoussam-Bafang-Douala,11:30,2026-10-01
GEN-020,Premium 30,30,Douala - Ouest,Douala-Bafang-Bafoussam,12:00,2026-10-01
GEN-028,Premium 30,30,Ouest - Douala,Bafoussam-Bafang-Douala,12:00,2026-10-01
GEN-021,Classique 70,70,Douala - Ouest,Douala-Bafang-Bafoussam,12:30,2026-10-01
GEN-029,Classique 70,70,Ouest - Douala,Bafoussam-Bafang-Douala,12:30,2026-10-01
GEN-022,VIP 50,50,Douala - Ouest,Douala-Bafang-Bafoussam,13:00,2026-10-01
GEN-030,VIP 50,50,Ouest - Douala,Bafoussam-Bafang-Douala,13:00,2026-10-01
GEN-023,Classique 70,70,Douala - Ouest,Douala-Bafang-Bafoussam,13:30,2026-10-01
GEN-031,Premium 30,30,Ouest - Douala,Bafoussam-Bafang-Douala,13:30,2026-10-01
GEN-001,VIP 50,50,Douala - Yaoundé,Douala-Edea-Yaoundé,14:00,2026-10-01
GEN-009,Classique 70,70,Yaoundé - Douala,Yaoundé-Edea-Douala,14:00,2026-10-01
GEN-024,Premium 30,30,Douala - Ouest,Douala-Bafang-Bafoussam,14:00,2026-10-01
GEN-032,VIP 50,50,Ouest - Douala,Bafoussam-Bafang-Douala,14:00,2026-10-01
GEN-002,Classique 70,70,Douala - Yaoundé,Douala-Edea-Yaoundé,14:15,2026-10-01
GEN-010,Premium 30,30,Yaoundé - Douala,Yaoundé-Edea-Douala,14:15,2026-10-01
GEN-003,VIP 50,50,Douala - Yaoundé,Douala-Edea-Yaoundé,14:30,2026-10-01
GEN-011,Classique 70,70,Yaoundé - Douala,Yaoundé-Edea-Douala,14:30,2026-10-01
GEN-004,Classique 70,70,Douala - Yaoundé,Douala-Edea-Yaoundé,14:45,2026-10-01
GEN-012,VIP 50,50,Yaoundé - Douala,Yaoundé-Edea-Douala,14:45,2026-10-01
GEN-005,Classique 70,70,Douala - Yaoundé,Douala-Edea-Yaoundé,15:00,2026-10-01
GEN-013,Premium 30,30,Yaoundé - Douala,Yaoundé-Edea-Douala,15:00,2026-10-01
GEN-006,Classique 70,70,Douala - Yaoundé,Douala-Edea-Yaoundé,15:15,2026-10-01
GEN-014,Classique 70,70,Yaoundé - Douala,Yaoundé-Edea-Douala,15:15,2026-10-01
GEN-007,Classique 70,70,Douala - Yaoundé,Douala-Edea-Yaoundé,15:30,2026-10-01
GEN-015,VIP 50,50,Yaoundé - Douala,Yaoundé-Edea-Douala,15:30,2026-10-01
GEN-008,VIP 50,50,Douala - Yaoundé,Douala-Edea-Yaoundé,15:45,2026-10-01
GEN-016,VIP 50,50,Yaoundé - Douala,Yaoundé-Edea-Douala,15:45,2026-10-01
GEN-025,VIP 50,50,Douala - Ouest,Douala-Bafang-Bafoussam,16:00,2026-10-01
GEN-017,VIP 50,50,Ouest - Douala,Bafoussam-Bafang-Douala,16:00,2026-10-01
GEN-026,VIP 50,50,Douala - Ouest,Douala-Bafang-Bafoussam,16:30,2026-10-01
GEN-018,Premium 30,30,Ouest - Douala,Bafoussam-Bafang-Douala,16:30,2026-10-01
GEN-027,Classique 70,70,Douala - Ouest,Douala-Bafang-Bafoussam,17:00,2026-10-01
GEN-019,Classique 70,70,Ouest - Douala,Bafoussam-Bafang-Douala,17:00,2026-10-01
GEN-028,Premium 30,30,Douala - Ouest,Douala-Bafang-Bafoussam,17:30,2026-10-01
GEN-020,Premium 30,30,Ouest - Douala,Bafoussam-Bafang-Douala,17:30,2026-10-01
GEN-029,Classique 70,70,Douala - Ouest,Douala-Bafang-Bafoussam,18:00,2026-10-01
GEN-021,Classique 70,70,Ouest - Douala,Bafoussam-Bafang-Douala,18:00,2026-10-01
GEN-009,Classique 70,70,Douala - Yaoundé,Douala-Edea-Yaoundé,18:30,2026-10-01
GEN-001,VIP 50,50,Yaoundé - Douala,Yaoundé-Edea-Douala,18:30,2026-10-01
GEN-030,VIP 50,50,Douala - Ouest,Douala-Bafang-Bafoussam,18:30,2026-10-01
GEN-022,VIP 50,50,Ouest - Douala,Bafoussam-Bafang-Douala,18:30,2026-10-01
GEN-010,Premium 30,30,Douala - Yaoundé,Douala-Edea-Yaoundé,18:45,2026-10-01
GEN-002,Classique 70,70,Yaoundé - Douala,Yaoundé-Edea-Douala,18:45,2026-10-01
GEN-011,Classique 70,70,Douala - Yaoundé,Douala-Edea-Yaoundé,19:00,2026-10-01
GEN-003,VIP 50,50,Yaoundé - Douala,Yaoundé-Edea-Douala,19:00,2026-10-01
GEN-031,Premium 30,30,Douala - Ouest,Douala-Bafang-Bafoussam,19:00,2026-10-01
GEN-023,Classique 70,70,Ouest - Douala,Bafoussam-Bafang-Douala,19:00,2026-10-01
GEN-012,VIP 50,50,Douala - Yaoundé,Douala-Edea-Yaoundé,19:15,2026-10-01
GEN-004,Classique 70,70,Yaoundé - Douala,Yaoundé-Edea-Douala,19:15,2026-10-01
GEN-013,Premium 30,30,Douala - Yaoundé,Douala-Edea-Yaoundé,19:30,2026-10-01
GEN-005,Classique 70,70,Yaoundé - Douala,Yaoundé-Edea-Douala,19:30,2026-10-01
GEN-032,VIP 50,50,Douala - Ouest,Douala-Bafang-Bafoussam,19:30,2026-10-01
GEN-024,Premium 30,30,Ouest - Douala,Bafoussam-Bafang-Douala,19:30,2026-10-01
GEN-014,Classique 70,70,Douala - Yaoundé,Douala-Edea-Yaoundé,19:45,2026-10-01
GEN-006,Classique 70,70,Yaoundé - Douala,Yaoundé-Edea-Douala,19:45,2026-10-01
GEN-015,VIP 50,50,Douala - Yaoundé,Douala-Edea-Yaoundé,20:00,2026-10-01
GEN-007,Classique 70,70,Yaoundé - Douala,Yaoundé-Edea-Douala,20:00,2026-10-01
GEN-016,VIP 50,50,Douala - Yaoundé,Douala-Edea-Yaoundé,20:15,2026-10-01
GEN-008,VIP 50,50,Yaoundé - Douala,Yaoundé-Edea-Douala,20:15,2026-10-01
GEN-001,VIP 50,50,Douala - Yaoundé,Douala-Edea-Yaoundé,05:00,2026-10-02
GEN-009,Classique 70,70,Yaoundé - Douala,Yaoundé-Edea-Douala,05:00,2026-10-02
GEN-017,VIP 50,50,Douala - Ouest,Douala-Bafang-Bafoussam,05:00,2026-10-02
GEN-025,VIP 50,50,Ouest - Douala,Bafoussam-Bafang-Douala,05:00,2026-10-02
GEN-002,Classique 70,70,Douala - Yaoundé,Douala-Edea-Yaoundé,05:15,2026-10-02
GEN-010,Premium 30,30,Yaoundé - Douala,Yaoundé-Edea-Douala,05:15,2026-10-02
GEN-003,VIP 50,50,Douala - Yaoundé,Douala-Edea-Yaoundé,05:30,2026-10-02
GEN-011,Classique 70,70,Yaoundé - Douala,Yaoundé-Edea-Douala,05:30,2026-10-02
GEN-018,Premium 30,30,Douala - Ouest,Douala-Bafang-Bafoussam,05:30,2026-10-02
GEN-026,VIP 50,50,Ouest - Douala,Bafoussam-Bafang-Douala,05:30,2026-10-02
GEN-004,Classique 70,70,Douala - Yaoundé,Douala-Edea-Yaoundé,05:45,2026-10-02
GEN-012,VIP 50,50,Yaoundé - Douala,Yaoundé-Edea-Douala,05:45,2026-10-02
GEN-005,Classique 70,70,Douala - Yaoundé,Douala-Edea-Yaoundé,06:00,2026-10-02
GEN-013,Premium 30,30,Yaoundé - Douala,Yaoundé-Edea-Douala,06:00,2026-10-02
GEN-019,Classique 70,70,Douala - Ouest,Douala-Bafang-Bafoussam,06:00,2026-10-02
GEN-027,Classique 70,70,Ouest - Douala,Bafoussam-Bafang-Douala,06:00,2026-10-02
GEN-006,Classique 70,70,Douala - Yaoundé,Douala-Edea-Yaoundé,06:15,2026-10-02
GEN-014,Classique 70,70,Yaoundé - Douala,Yaoundé-Edea-Douala,06:15,2026-10-02
GEN-007,Classique 70,70,Douala - Yaoundé,Douala-Edea-Yaoundé,06:30,2026-10-02
GEN-015,VIP 50,50,Yaoundé - Douala,Yaoundé-Edea-Douala,06:30,2026-10-02
GEN-020,Premium 30,30,Douala - Ouest,Douala-Bafang-Bafoussam,06:30,2026-10-02
GEN-028,Premium 30,30,Ouest - Douala,Bafoussam-Bafang-Douala,06:30,2026-10-02
GEN-008,VIP 50,50,Douala - Yaoundé,Douala-Edea-Yaoundé,06:45,2026-10-02
GEN-016,VIP 50,50,Yaoundé - Douala,Yaoundé-Edea-Douala,06:45,2026-10-02
GEN-021,Classique 70,70,Douala - Ouest,Douala-Bafang-Bafoussam,07:00,2026-10-02
GEN-029,Classique 70,70,Ouest - Douala,Bafoussam-Bafang-Douala,07:00,2026-10-02
GEN-022,VIP 50,50,Douala - Ouest,Douala-Bafang-Bafoussam,07:30,2026-10-02
GEN-030,VIP 50,50,Ouest - Douala,Bafoussam-Bafang-Douala,07:30,2026-10-02
GEN-023,Classique 70,70,Douala - Ouest,Douala-Bafang-Bafoussam,08:00,2026-10-02
GEN-031,Premium 30,30,Ouest - Douala,Bafoussam-Bafang-Douala,08:00,2026-10-02
GEN-024,Premium 30,30,Douala - Ouest,Douala-Bafang-Bafoussam,08:30,2026-10-02
GEN-032,VIP 50,50,Ouest - Douala,Bafoussam-Bafang-Douala,08:30,2026-10-02
GEN-009,Classique 70,70,Douala - Yaoundé,Douala-Edea-Yaoundé,09:30,2026-10-02
GEN-001,VIP 50,50,Yaoundé - Douala,Yaoundé-Edea-Douala,09:30,2026-10-02
GEN-010,Premium 30,30,Douala - Yaoundé,Douala-Edea-Yaoundé,09:45,2026-10-02
GEN-002,Classique 70,70,Yaoundé - Douala,Yaoundé-Edea-Douala,09:45,2026-10-02
GEN-011,Classique 70,70,Douala - Yaoundé,Douala-Edea-Yaoundé,10:00,2026-10-02
GEN-003,VIP 50,50,Yaoundé - Douala,Yaoundé-Edea-Douala,10:00,2026-10-02
GEN-012,VIP 50,50,Douala - Yaoundé,Douala-Edea-Yaoundé,10:15,2026-10-02
GEN-004,Classique 70,70,Yaoundé - Douala,Yaoundé-Edea-Douala,10:15,2026-10-02
GEN-013,Premium 30,30,Douala - Yaoundé,Douala-Edea-Yaoundé,10:30,2026-10-02
GEN-005,Classique 70,70,Yaoundé - Douala,Yaoundé-Edea-Douala,10:30,2026-10-02
GEN-025,VIP 50,50,Douala - Ouest,Douala-Bafang-Bafoussam,10:30,2026-10-02
GEN-017,VIP 50,50,Ouest - Douala,Bafoussam-Bafang-Douala,10:30,2026-10-02
GEN-014,Classique 70,70,Douala - Yaoundé,Douala-Edea-Yaoundé,10:45,2026-10-02
GEN-006,Classique 70,70,Yaoundé - Douala,Yaoundé-Edea-Douala,10:45,2026-10-02
GEN-015,VIP 50,50,Douala - Yaoundé,Douala-Edea-Yaoundé,11:00,2026-10-02
GEN-007,Classique 70,70,Yaoundé - Douala,Yaoundé-Edea-Douala,11:00,2026-10-02
GEN-026,VIP 50,50,Douala - Ouest,Douala-Bafang-Bafoussam,11:00,2026-10-02
GEN-018,Premium 30,30,Ouest - Douala,Bafoussam-Bafang-Douala,11:00,2026-10-02
GEN-016,VIP 50,50,Douala - Yaoundé,Douala-Edea-Yaoundé,11:15,2026-10-02
GEN-008,VIP 50,50,Yaoundé - Douala,Yaoundé-Edea-Douala,11:15,2026-10-02
GEN-027,Classique 70,70,Douala - Ouest,Douala-Bafang-Bafoussam,11:30,2026-10-02
GEN-019,Classique 70,70,Ouest - Douala,Bafoussam-Bafang-Douala,11:30,2026-10-02
GEN-028,Premium 30,30,Douala - Ouest,Douala-Bafang-Bafoussam,12:00,2026-10-02
GEN-020,Premium 30,30,Ouest - Douala,Bafoussam-Bafang-Douala,12:00,2026-10-02
GEN-029,Classique 70,70,Douala - Ouest,Douala-Bafang-Bafoussam,12:30,2026-10-02
GEN-021,Classique 70,70,Ouest - Douala,Bafoussam-Bafang-Douala,12:30,2026-10-02
GEN-030,VIP 50,50,Douala - Ouest,Douala-Bafang-Bafoussam,13:00,2026-10-02
GEN-022,VIP 50,50,Ouest - Douala,Bafoussam-Bafang-Douala,13:00,2026-10-02
GEN-031,Premium 30,30,Douala - Ouest,Douala-Bafang-Bafoussam,13:30,2026-10-02
GEN-023,Classique 70,70,Ouest - Douala,Bafoussam-Bafang-Douala,13:30,2026-10-02
GEN-001,VIP 50,50,Douala - Yaoundé,Douala-Edea-Yaoundé,14:00,2026-10-02
GEN-009,Classique 70,70,Yaoundé - Douala,Yaoundé-Edea-Douala,14:00,2026-10-02
GEN-032,VIP 50,50,Douala - Ouest,Douala-Bafang-Bafoussam,14:00,2026-10-02
GEN-024,Premium 30,30,Ouest - Douala,Bafoussam-Bafang-Douala,14:00,2026-10-02
GEN-002,Classique 70,70,Douala - Yaoundé,Douala-Edea-Yaoundé,14:15,2026-10-02
GEN-010,Premium 30,30,Yaoundé - Douala,Yaoundé-Edea-Douala,14:15,2026-10-02
GEN-003,VIP 50,50,Douala - Yaoundé,Douala-Edea-Yaoundé,14:30,2026-10-02
GEN-011,Classique 70,70,Yaoundé - Douala,Yaoundé-Edea-Douala,14:30,2026-10-02
GEN-004,Classique 70,70,Douala - Yaoundé,Douala-Edea-Yaoundé,14:45,2026-10-02
GEN-012,VIP 50,50,Yaoundé - Douala,Yaoundé-Edea-Douala,14:45,2026-10-02
GEN-005,Classique 70,70,Douala - Yaoundé,Douala-Edea-Yaoundé,15:00,2026-10-02
GEN-013,Premium 30,30,Yaoundé - Douala,Yaoundé-Edea-Douala,15:00,2026-10-02
GEN-006,Classique 70,70,Douala - Yaoundé,Douala-Edea-Yaoundé,15:15,2026-10-02
GEN-014,Classique 70,70,Yaoundé - Douala,Yaoundé-Edea-Douala,15:15,2026-10-02
GEN-007,Classique 70,70,Douala - Yaoundé,Douala-Edea-Yaoundé,15:30,2026-10-02
GEN-015,VIP 50,50,Yaoundé - Douala,Yaoundé-Edea-Douala,15:30,2026-10-02
GEN-008,VIP 50,50,Douala - Yaoundé,Douala-Edea-Yaoundé,15:45,2026-10-02
GEN-016,VIP 50,50,Yaoundé - Douala,Yaoundé-Edea-Douala,15:45,2026-10-02
GEN-017,VIP 50,50,Douala - Ouest,Douala-Bafang-Bafoussam,16:00,2026-10-02
GEN-025,VIP 50,50,Ouest - Douala,Bafoussam-Bafang-Douala,16:00,2026-10-02
GEN-018,Premium 30,30,Douala - Ouest,Douala-Bafang-Bafoussam,16:30,2026-10-02
GEN-026,VIP 50,50,Ouest - Douala,Bafoussam-Bafang-Douala,16:30,2026-10-02
GEN-019,Classique 70,70,Douala - Ouest,Douala-Bafang-Bafoussam,17:00,2026-10-02
GEN-027,Classique 70,70,Ouest - Douala,Bafoussam-Bafang-Douala,17:00,2026-10-02
GEN-020,Premium 30,30,Douala - Ouest,Douala-Bafang-Bafoussam,17:30,2026-10-02
GEN-028,Premium 30,30,Ouest - Douala,Bafoussam-Bafang-Douala,17:30,2026-10-02
GEN-021,Classique 70,70,Douala - Ouest,Douala-Bafang-Bafoussam,18:00,2026-10-02
GEN-029,Classique 70,70,Ouest - Douala,Bafoussam-Bafang-Douala,18:00,2026-10-02
GEN-009,Classique 70,70,Douala - Yaoundé,Douala-Edea-Yaoundé,18:30,2026-10-02
GEN-001,VIP 50,50,Yaoundé - Douala,Yaoundé-Edea-Douala,18:30,2026-10-02
GEN-022,VIP 50,50,Douala - Ouest,Douala-Bafang-Bafoussam,18:30,2026-10-02
GEN-030,VIP 50,50,Ouest - Douala,Bafoussam-Bafang-Douala,18:30,2026-10-02
GEN-010,Premium 30,30,Douala - Yaoundé,Douala-Edea-Yaoundé,18:45,2026-10-02
GEN-002,Classique 70,70,Yaoundé - Douala,Yaoundé-Edea-Douala,18:45,2026-10-02
GEN-011,Classique 70,70,Douala - Yaoundé,Douala-Edea-Yaoundé,19:00,2026-10-02
GEN-003,VIP 50,50,Yaoundé - Douala,Yaoundé-Edea-Douala,19:00,2026-10-02
GEN-023,Classique 70,70,Douala - Ouest,Douala-Bafang-Bafoussam,19:00,2026-10-02
GEN-031,Premium 30,30,Ouest - Douala,Bafoussam-Bafang-Douala,19:00,2026-10-02
GEN-012,VIP 50,50,Douala - Yaoundé,Douala-Edea-Yaoundé,19:15,2026-10-02
GEN-004,Classique 70,70,Yaoundé - Douala,Yaoundé-Edea-Douala,19:15,2026-10-02
GEN-013,Premium 30,30,Douala - Yaoundé,Douala-Edea-Yaoundé,19:30,2026-10-02
GEN-005,Classique 70,70,Yaoundé - Douala,Yaoundé-Edea-Douala,19:30,2026-10-02
GEN-024,Premium 30,30,Douala - Ouest,Douala-Bafang-Bafoussam,19:30,2026-10-02
GEN-032,VIP 50,50,Ouest - Douala,Bafoussam-Bafang-Douala,19:30,2026-10-02
GEN-014,Classique 70,70,Douala - Yaoundé,Douala-Edea-Yaoundé,19:45,2026-10-02
GEN-006,Classique 70,70,Yaoundé - Douala,Yaoundé-Edea-Douala,19:45,2026-10-02
GEN-015,VIP 50,50,Douala - Yaoundé,Douala-Edea-Yaoundé,20:00,2026-10-02
GEN-007,Classique 70,70,Yaoundé - Douala,Yaoundé-Edea-Douala,20:00,2026-10-02
GEN-016,VIP 50,50,Douala - Yaoundé,Douala-Edea-Yaoundé,20:15,2026-10-02
GEN-008,VIP 50,50,Yaoundé - Douala,Yaoundé-Edea-Douala,20:15,2026-10-02
GEN-001,VIP 50,50,Douala - Yaoundé,Douala-Edea-Yaoundé,05:00,2026-10-03
GEN-009,Classique 70,70,Yaoundé - Douala,Yaoundé-Edea-Douala,05:00,2026-10-03
GEN-025,VIP 50,50,Douala - Ouest,Douala-Bafang-Bafoussam,05:00,2026-10-03
GEN-017,VIP 50,50,Ouest - Douala,Bafoussam-Bafang-Douala,05:00,2026-10-03
GEN-002,Classique 70,70,Douala - Yaoundé,Douala-Edea-Yaoundé,05:15,2026-10-03
GEN-010,Premium 30,30,Yaoundé - Douala,Yaoundé-Edea-Douala,05:15,2026-10-03
GEN-003,VIP 50,50,Douala - Yaoundé,Douala-Edea-Yaoundé,05:30,2026-10-03
GEN-011,Classique 70,70,Yaoundé - Douala,Yaoundé-Edea-Douala,05:30,2026-10-03
GEN-026,VIP 50,50,Douala - Ouest,Douala-Bafang-Bafoussam,05:30,2026-10-03
GEN-018,Premium 30,30,Ouest - Douala,Bafoussam-Bafang-Douala,05:30,2026-10-03
GEN-004,Classique 70,70,Douala - Yaoundé,Douala-Edea-Yaoundé,05:45,2026-10-03
GEN-012,VIP 50,50,Yaoundé - Douala,Yaoundé-Edea-Douala,05:45,2026-10-03
GEN-005,Classique 70,70,Douala - Yaoundé,Douala-Edea-Yaoundé,06:00,2026-10-03
GEN-013,Premium 30,30,Yaoundé - Douala,Yaoundé-Edea-Douala,06:00,2026-10-03
GEN-027,Classique 70,70,Douala - Ouest,Douala-Bafang-Bafoussam,06:00,2026-10-03
GEN-019,Classique 70,70,Ouest - Douala,Bafoussam-Bafang-Douala,06:00,2026-10-03
GEN-006,Classique 70,70,Douala - Yaoundé,Douala-Edea-Yaoundé,06:15,2026-10-03
GEN-014,Classique 70,70,Yaoundé - Douala,Yaoundé-Edea-Douala,06:15,2026-10-03
GEN-007,Classique 70,70,Douala - Yaoundé,Douala-Edea-Yaoundé,06:30,2026-10-03
GEN-015,VIP 50,50,Yaoundé - Douala,Yaoundé-Edea-Douala,06:30,2026-10-03
GEN-028,Premium 30,30,Douala - Ouest,Douala-Bafang-Bafoussam,06:30,2026-10-03
GEN-020,Premium 30,30,Ouest - Douala,Bafoussam-Bafang-Douala,06:30,2026-10-03
GEN-008,VIP 50,50,Douala - Yaoundé,Douala-Edea-Yaoundé,06:45,2026-10-03
GEN-016,VIP 50,50,Yaoundé - Douala,Yaoundé-Edea-Douala,06:45,2026-10-03
GEN-029,Classique 70,70,Douala - Ouest,Douala-Bafang-Bafoussam,07:00,2026-10-03
GEN-021,Classique 70,70,Ouest - Douala,Bafoussam-Bafang-Douala,07:00,2026-10-03
GEN-030,VIP 50,50,Douala - Ouest,Douala-Bafang-Bafoussam,07:30,2026-10-03
GEN-022,VIP 50,50,Ouest - Douala,Bafoussam-Bafang-Douala,07:30,2026-10-03
GEN-031,Premium 30,30,Douala - Ouest,Douala-Bafang-Bafoussam,08:00,2026-10-03
GEN-023,Classique 70,70,Ouest - Douala,Bafoussam-Bafang-Douala,08:00,2026-10-03
GEN-032,VIP 50,50,Douala - Ouest,Douala-Bafang-Bafoussam,08:30,2026-10-03
GEN-024,Premium 30,30,Ouest - Douala,Bafoussam-Bafang-Douala,08:30,2026-10-03
GEN-009,Classique 70,70,Douala - Yaoundé,Douala-Edea-Yaoundé,09:30,2026-10-03
GEN-001,VIP 50,50,Yaoundé - Douala,Yaoundé-Edea-Douala,09:30,2026-10-03
GEN-010,Premium 30,30,Douala - Yaoundé,Douala-Edea-Yaoundé,09:45,2026-10-03
GEN-002,Classique 70,70,Yaoundé - Douala,Yaoundé-Edea-Douala,09:45,2026-10-03
GEN-011,Classique 70,70,Douala - Yaoundé,Douala-Edea-Yaoundé,10:00,2026-10-03
GEN-003,VIP 50,50,Yaoundé - Douala,Yaoundé-Edea-Douala,10:00,2026-10-03
GEN-012,VIP 50,50,Douala - Yaoundé,Douala-Edea-Yaoundé,10:15,2026-10-03
GEN-004,Classique 70,70,Yaoundé - Douala,Yaoundé-Edea-Douala,10:15,2026-10-03
GEN-013,Premium 30,30,Douala - Yaoundé,Douala-Edea-Yaoundé,10:30,2026-10-03
GEN-005,Classique 70,70,Yaoundé - Douala,Yaoundé-Edea-Douala,10:30,2026-10-03
GEN-017,VIP 50,50,Douala - Ouest,Douala-Bafang-Bafoussam,10:30,2026-10-03
GEN-025,VIP 50,50,Ouest - Douala,Bafoussam-Bafang-Douala,10:30,2026-10-03
GEN-014,Classique 70,70,Douala - Yaoundé,Douala-Edea-Yaoundé,10:45,2026-10-03
GEN-006,Classique 70,70,Yaoundé - Douala,Yaoundé-Edea-Douala,10:45,2026-10-03
GEN-015,VIP 50,50,Douala - Yaoundé,Douala-Edea-Yaoundé,11:00,2026-10-03
GEN-007,Classique 70,70,Yaoundé - Douala,Yaoundé-Edea-Douala,11:00,2026-10-03
GEN-018,Premium 30,30,Douala - Ouest,Douala-Bafang-Bafoussam,11:00,2026-10-03
GEN-026,VIP 50,50,Ouest - Douala,Bafoussam-Bafang-Douala,11:00,2026-10-03
GEN-016,VIP 50,50,Douala - Yaoundé,Douala-Edea-Yaoundé,11:15,2026-10-03
GEN-008,VIP 50,50,Yaoundé - Douala,Yaoundé-Edea-Douala,11:15,2026-10-03
GEN-019,Classique 70,70,Douala - Ouest,Douala-Bafang-Bafoussam,11:30,2026-10-03
GEN-027,Classique 70,70,Ouest - Douala,Bafoussam-Bafang-Douala,11:30,2026-10-03
GEN-020,Premium 30,30,Douala - Ouest,Douala-Bafang-Bafoussam,12:00,2026-10-03
GEN-028,Premium 30,30,Ouest - Douala,Bafoussam-Bafang-Douala,12:00,2026-10-03
GEN-021,Classique 70,70,Douala - Ouest,Douala-Bafang-Bafoussam,12:30,2026-10-03
GEN-029,Classique 70,70,Ouest - Douala,Bafoussam-Bafang-Douala,12:30,2026-10-03
GEN-022,VIP 50,50,Douala - Ouest,Douala-Bafang-Bafoussam,13:00,2026-10-03
GEN-030,VIP 50,50,Ouest - Douala,Bafoussam-Bafang-Douala,13:00,2026-10-03
GEN-023,Classique 70,70,Douala - Ouest,Douala-Bafang-Bafoussam,13:30,2026-10-03
GEN-031,Premium 30,30,Ouest - Douala,Bafoussam-Bafang-Douala,13:30,2026-10-03
GEN-001,VIP 50,50,Douala - Yaoundé,Douala-Edea-Yaoundé,14:00,2026-10-03
GEN-009,Classique 70,70,Yaoundé - Douala,Yaoundé-Edea-Douala,14:00,2026-10-03
GEN-024,Premium 30,30,Douala - Ouest,Douala-Bafang-Bafoussam,14:00,2026-10-03
GEN-032,VIP 50,50,Ouest - Douala,Bafoussam-Bafang-Douala,14:00,2026-10-03
GEN-002,Classique 70,70,Douala - Yaoundé,Douala-Edea-Yaoundé,14:15,2026-10-03
GEN-010,Premium 30,30,Yaoundé - Douala,Yaoundé-Edea-Douala,14:15,2026-10-03
GEN-003,VIP 50,50,Douala - Yaoundé,Douala-Edea-Yaoundé,14:30,2026-10-03
GEN-011,Classique 70,70,Yaoundé - Douala,Yaoundé-Edea-Douala,14:30,2026-10-03
GEN-004,Classique 70,70,Douala - Yaoundé,Douala-Edea-Yaoundé,14:45,2026-10-03
GEN-012,VIP 50,50,Yaoundé - Douala,Yaoundé-Edea-Douala,14:45,2026-10-03
GEN-005,Classique 70,70,Douala - Yaoundé,Douala-Edea-Yaoundé,15:00,2026-10-03
GEN-013,Premium 30,30,Yaoundé - Douala,Yaoundé-Edea-Douala,15:00,2026-10-03
GEN-006,Classique 70,70,Douala - Yaoundé,Douala-Edea-Yaoundé,15:15,2026-10-03
GEN-014,Classique 70,70,Yaoundé - Douala,Yaoundé-Edea-Douala,15:15,2026-10-03
GEN-007,Classique 70,70,Douala - Yaoundé,Douala-Edea-Yaoundé,15:30,2026-10-03
GEN-015,VIP 50,50,Yaoundé - Douala,Yaoundé-Edea-Douala,15:30,2026-10-03
GEN-008,VIP 50,50,Douala - Yaoundé,Douala-Edea-Yaoundé,15:45,2026-10-03
GEN-016,VIP 50,50,Yaoundé - Douala,Yaoundé-Edea-Douala,15:45,2026-10-03
GEN-025,VIP 50,50,Douala - Ouest,Douala-Bafang-Bafoussam,16:00,2026-10-03
GEN-017,VIP 50,50,Ouest - Douala,Bafoussam-Bafang-Douala,16:00,2026-10-03
GEN-026,VIP 50,50,Douala - Ouest,Douala-Bafang-Bafoussam,16:30,2026-10-03
GEN-018,Premium 30,30,Ouest - Douala,Bafoussam-Bafang-Douala,16:30,2026-10-03
GEN-027,Classique 70,70,Douala - Ouest,Douala-Bafang-Bafoussam,17:00,2026-10-03
GEN-019,Classique 70,70,Ouest - Douala,Bafoussam-Bafang-Douala,17:00,2026-10-03
GEN-028,Premium 30,30,Douala - Ouest,Douala-Bafang-Bafoussam,17:30,2026-10-03
GEN-020,Premium 30,30,Ouest - Douala,Bafoussam-Bafang-Douala,17:30,2026-10-03
GEN-029,Classique 70,70,Douala - Ouest,Douala-Bafang-Bafoussam,18:00,2026-10-03
GEN-021,Classique 70,70,Ouest - Douala,Bafoussam-Bafang-Douala,18:00,2026-10-03
GEN-009,Classique 70,70,Douala - Yaoundé,Douala-Edea-Yaoundé,18:30,2026-10-03
GEN-001,VIP 50,50,Yaoundé - Douala,Yaoundé-Edea-Douala,18:30,2026-10-03
GEN-030,VIP 50,50,Douala - Ouest,Douala-Bafang-Bafoussam,18:30,2026-10-03
GEN-022,VIP 50,50,Ouest - Douala,Bafoussam-Bafang-Douala,18:30,2026-10-03
GEN-010,Premium 30,30,Douala - Yaoundé,Douala-Edea-Yaoundé,18:45,2026-10-03
GEN-002,Classique 70,70,Yaoundé - Douala,Yaoundé-Edea-Douala,18:45,2026-10-03
GEN-011,Classique 70,70,Douala - Yaoundé,Douala-Edea-Yaoundé,19:00,2026-10-03
GEN-003,VIP 50,50,Yaoundé - Douala,Yaoundé-Edea-Douala,19:00,2026-10-03
GEN-031,Premium 30,30,Douala - Ouest,Douala-Bafang-Bafoussam,19:00,2026-10-03
GEN-023,Classique 70,70,Ouest - Douala,Bafoussam-Bafang-Douala,19:00,2026-10-03
GEN-012,VIP 50,50,Douala - Yaoundé,Douala-Edea-Yaoundé,19:15,2026-10-03
GEN-004,Classique 70,70,Yaoundé - Douala,Yaoundé-Edea-Douala,19:15,2026-10-03
GEN-013,Premium 30,30,Douala - Yaoundé,Douala-Edea-Yaoundé,19:30,2026-10-03
GEN-005,Classique 70,70,Yaoundé - Douala,Yaoundé-Edea-Douala,19:30,2026-10-03
GEN-032,VIP 50,50,Douala - Ouest,Douala-Bafang-Bafoussam,19:30,2026-10-03
GEN-024,Premium 30,30,Ouest - Douala,Bafoussam-Bafang-Douala,19:30,2026-10-03
GEN-014,Classique 70,70,Douala - Yaoundé,Douala-Edea-Yaoundé,19:45,2026-10-03
GEN-006,Classique 70,70,Yaoundé - Douala,Yaoundé-Edea-Douala,19:45,2026-10-03
GEN-015,VIP 50,50,Douala - Yaoundé,Douala-Edea-Yaoundé,20:00,2026-10-03
GEN-007,Classique 70,70,Yaoundé - Douala,Yaoundé-Edea-Douala,20:00,2026-10-03
GEN-016,VIP 50,50,Douala - Yaoundé,Douala-Edea-Yaoundé,20:15,2026-10-03
GEN-008,VIP 50,50,Yaoundé - Douala,Yaoundé-Edea-Douala,20:15,2026-10-03
GEN-001,VIP 50,50,Douala - Yaoundé,Douala-Edea-Yaoundé,05:00,2026-10-04
GEN-009,Classique 70,70,Yaoundé - Douala,Yaoundé-Edea-Douala,05:00,2026-10-04
GEN-017,VIP 50,50,Douala - Ouest,Douala-Bafang-Bafoussam,05:00,2026-10-04
GEN-025,VIP 50,50,Ouest - Douala,Bafoussam-Bafang-Douala,05:00,2026-10-04
GEN-002,Classique 70,70,Douala - Yaoundé,Douala-Edea-Yaoundé,05:15,2026-10-04
GEN-010,Premium 30,30,Yaoundé - Douala,Yaoundé-Edea-Douala,05:15,2026-10-04
GEN-003,VIP 50,50,Douala - Yaoundé,Douala-Edea-Yaoundé,05:30,2026-10-04
GEN-011,Classique 70,70,Yaoundé - Douala,Yaoundé-Edea-Douala,05:30,2026-10-04
GEN-018,Premium 30,30,Douala - Ouest,Douala-Bafang-Bafoussam,05:30,2026-10-04
GEN-026,VIP 50,50,Ouest - Douala,Bafoussam-Bafang-Douala,05:30,2026-10-04
GEN-004,Classique 70,70,Douala - Yaoundé,Douala-Edea-Yaoundé,05:45,2026-10-04
GEN-012,VIP 50,50,Yaoundé - Douala,Yaoundé-Edea-Douala,05:45,2026-10-04
GEN-005,Classique 70,70,Douala - Yaoundé,Douala-Edea-Yaoundé,06:00,2026-10-04
GEN-013,Premium 30,30,Yaoundé - Douala,Yaoundé-Edea-Douala,06:00,2026-10-04
GEN-019,Classique 70,70,Douala - Ouest,Douala-Bafang-Bafoussam,06:00,2026-10-04
GEN-027,Classique 70,70,Ouest - Douala,Bafoussam-Bafang-Douala,06:00,2026-10-04
GEN-006,Classique 70,70,Douala - Yaoundé,Douala-Edea-Yaoundé,06:15,2026-10-04
GEN-014,Classique 70,70,Yaoundé - Douala,Yaoundé-Edea-Douala,06:15,2026-10-04
GEN-007,Classique 70,70,Douala - Yaoundé,Douala-Edea-Yaoundé,06:30,2026-10-04
GEN-015,VIP 50,50,Yaoundé - Douala,Yaoundé-Edea-Douala,06:30,2026-10-04
GEN-020,Premium 30,30,Douala - Ouest,Douala-Bafang-Bafoussam,06:30,2026-10-04
GEN-028,Premium 30,30,Ouest - Douala,Bafoussam-Bafang-Douala,06:30,2026-10-04
GEN-008,VIP 50,50,Douala - Yaoundé,Douala-Edea-Yaoundé,06:45,2026-10-04
GEN-016,VIP 50,50,Yaoundé - Douala,Yaoundé-Edea-Douala,06:45,2026-10-04
GEN-021,Classique 70,70,Douala - Ouest,Douala-Bafang-Bafoussam,07:00,2026-10-04
GEN-029,Classique 70,70,Ouest - Douala,Bafoussam-Bafang-Douala,07:00,2026-10-04
GEN-022,VIP 50,50,Douala - Ouest,Douala-Bafang-Bafoussam,07:30,2026-10-04
GEN-030,VIP 50,50,Ouest - Douala,Bafoussam-Bafang-Douala,07:30,2026-10-04
GEN-023,Classique 70,70,Douala - Ouest,Douala-Bafang-Bafoussam,08:00,2026-10-04
GEN-031,Premium 30,30,Ouest - Douala,Bafoussam-Bafang-Douala,08:00,2026-10-04
GEN-024,Premium 30,30,Douala - Ouest,Douala-Bafang-Bafoussam,08:30,2026-10-04
GEN-032,VIP 50,50,Ouest - Douala,Bafoussam-Bafang-Douala,08:30,2026-10-04
GEN-009,Classique 70,70,Douala - Yaoundé,Douala-Edea-Yaoundé,09:30,2026-10-04
GEN-001,VIP 50,50,Yaoundé - Douala,Yaoundé-Edea-Douala,09:30,2026-10-04
GEN-010,Premium 30,30,Douala - Yaoundé,Douala-Edea-Yaoundé,09:45,2026-10-04
GEN-002,Classique 70,70,Yaoundé - Douala,Yaoundé-Edea-Douala,09:45,2026-10-04
GEN-011,Classique 70,70,Douala - Yaoundé,Douala-Edea-Yaoundé,10:00,2026-10-04
GEN-003,VIP 50,50,Yaoundé - Douala,Yaoundé-Edea-Douala,10:00,2026-10-04
GEN-012,VIP 50,50,Douala - Yaoundé,Douala-Edea-Yaoundé,10:15,2026-10-04
GEN-004,Classique 70,70,Yaoundé - Douala,Yaoundé-Edea-Douala,10:15,2026-10-04
GEN-013,Premium 30,30,Douala - Yaoundé,Douala-Edea-Yaoundé,10:30,2026-10-04
GEN-005,Classique 70,70,Yaoundé - Douala,Yaoundé-Edea-Douala,10:30,2026-10-04
GEN-025,VIP 50,50,Douala - Ouest,Douala-Bafang-Bafoussam,10:30,2026-10-04
GEN-017,VIP 50,50,Ouest - Douala,Bafoussam-Bafang-Douala,10:30,2026-10-04
GEN-014,Classique 70,70,Douala - Yaoundé,Douala-Edea-Yaoundé,10:45,2026-10-04
GEN-006,Classique 70,70,Yaoundé - Douala,Yaoundé-Edea-Douala,10:45,2026-10-04
GEN-015,VIP 50,50,Douala - Yaoundé,Douala-Edea-Yaoundé,11:00,2026-10-04
GEN-007,Classique 70,70,Yaoundé - Douala,Yaoundé-Edea-Douala,11:00,2026-10-04
GEN-026,VIP 50,50,Douala - Ouest,Douala-Bafang-Bafoussam,11:00,2026-10-04
GEN-018,Premium 30,30,Ouest - Douala,Bafoussam-Bafang-Douala,11:00,2026-10-04
GEN-016,VIP 50,50,Douala - Yaoundé,Douala-Edea-Yaoundé,11:15,2026-10-04
GEN-008,VIP 50,50,Yaoundé - Douala,Yaoundé-Edea-Douala,11:15,2026-10-04
GEN-027,Classique 70,70,Douala - Ouest,Douala-Bafang-Bafoussam,11:30,2026-10-04
GEN-019,Classique 70,70,Ouest - Douala,Bafoussam-Bafang-Douala,11:30,2026-10-04
GEN-028,Premium 30,30,Douala - Ouest,Douala-Bafang-Bafoussam,12:00,2026-10-04
GEN-020,Premium 30,30,Ouest - Douala,Bafoussam-Bafang-Douala,12:00,2026-10-04
GEN-029,Classique 70,70,Douala - Ouest,Douala-Bafang-Bafoussam,12:30,2026-10-04
GEN-021,Classique 70,70,Ouest - Douala,Bafoussam-Bafang-Douala,12:30,2026-10-04
GEN-030,VIP 50,50,Douala - Ouest,Douala-Bafang-Bafoussam,13:00,2026-10-04
GEN-022,VIP 50,50,Ouest - Douala,Bafoussam-Bafang-Douala,13:00,2026-10-04
GEN-031,Premium 30,30,Douala - Ouest,Douala-Bafang-Bafoussam,13:30,2026-10-04
GEN-023,Classique 70,70,Ouest - Douala,Bafoussam-Bafang-Douala,13:30,2026-10-04
GEN-001,VIP 50,50,Douala - Yaoundé,Douala-Edea-Yaoundé,14:00,2026-10-04
GEN-009,Classique 70,70,Yaoundé - Douala,Yaoundé-Edea-Douala,14:00,2026-10-04
GEN-032,VIP 50,50,Douala - Ouest,Douala-Bafang-Bafoussam,14:00,2026-10-04
GEN-024,Premium 30,30,Ouest - Douala,Bafoussam-Bafang-Douala,14:00,2026-10-04
GEN-002,Classique 70,70,Douala - Yaoundé,Douala-Edea-Yaoundé,14:15,2026-10-04
GEN-010,Premium 30,30,Yaoundé - Douala,Yaoundé-Edea-Douala,14:15,2026-10-04
GEN-003,VIP 50,50,Douala - Yaoundé,Douala-Edea-Yaoundé,14:30,2026-10-04
GEN-011,Classique 70,70,Yaoundé - Douala,Yaoundé-Edea-Douala,14:30,2026-10-04
GEN-004,Classique 70,70,Douala - Yaoundé,Douala-Edea-Yaoundé,14:45,2026-10-04
GEN-012,VIP 50,50,Yaoundé - Douala,Yaoundé-Edea-Douala,14:45,2026-10-04
GEN-005,Classique 70,70,Douala - Yaoundé,Douala-Edea-Yaoundé,15:00,2026-10-04
GEN-013,Premium 30,30,Yaoundé - Douala,Yaoundé-Edea-Douala,15:00,2026-10-04
GEN-006,Classique 70,70,Douala - Yaoundé,Douala-Edea-Yaoundé,15:15,2026-10-04
GEN-014,Classique 70,70,Yaoundé - Douala,Yaoundé-Edea-Douala,15:15,2026-10-04
GEN-007,Classique 70,70,Douala - Yaoundé,Douala-Edea-Yaoundé,15:30,2026-10-04
GEN-015,VIP 50,50,Yaoundé - Douala,Yaoundé-Edea-Douala,15:30,2026-10-04
GEN-008,VIP 50,50,Douala - Yaoundé,Douala-Edea-Yaoundé,15:45,2026-10-04
GEN-016,VIP 50,50,Yaoundé - Douala,Yaoundé-Edea-Douala,15:45,2026-10-04
GEN-017,VIP 50,50,Douala - Ouest,Douala-Bafang-Bafoussam,16:00,2026-10-04
GEN-025,VIP 50,50,Ouest - Douala,Bafoussam-Bafang-Douala,16:00,2026-10-04
GEN-018,Premium 30,30,Douala - Ouest,Douala-Bafang-Bafoussam,16:30,2026-10-04
GEN-026,VIP 50,50,Ouest - Douala,Bafoussam-Bafang-Douala,16:30,2026-10-04
GEN-019,Classique 70,70,Douala - Ouest,Douala-Bafang-Bafoussam,17:00,2026-10-04
GEN-027,Classique 70,70,Ouest - Douala,Bafoussam-Bafang-Douala,17:00,2026-10-04
GEN-020,Premium 30,30,Douala - Ouest,Douala-Bafang-Bafoussam,17:30,2026-10-04
GEN-028,Premium 30,30,Ouest - Douala,Bafoussam-Bafang-Douala,17:30,2026-10-04
GEN-021,Classique 70,70,Douala - Ouest,Douala-Bafang-Bafoussam,18:00,2026-10-04
GEN-029,Classique 70,70,Ouest - Douala,Bafoussam-Bafang-Douala,18:00,2026-10-04
GEN-009,Classique 70,70,Douala - Yaoundé,Douala-Edea-Yaoundé,18:30,2026-10-04
GEN-001,VIP 50,50,Yaoundé - Douala,Yaoundé-Edea-Douala,18:30,2026-10-04
GEN-022,VIP 50,50,Douala - Ouest,Douala-Bafang-Bafoussam,18:30,2026-10-04
GEN-030,VIP 50,50,Ouest - Douala,Bafoussam-Bafang-Douala,18:30,2026-10-04
GEN-010,Premium 30,30,Douala - Yaoundé,Douala-Edea-Yaoundé,18:45,2026-10-04
GEN-002,Classique 70,70,Yaoundé - Douala,Yaoundé-Edea-Douala,18:45,2026-10-04
GEN-011,Classique 70,70,Douala - Yaoundé,Douala-Edea-Yaoundé,19:00,2026-10-04
GEN-003,VIP 50,50,Yaoundé - Douala,Yaoundé-Edea-Douala,19:00,2026-10-04
GEN-023,Classique 70,70,Douala - Ouest,Douala-Bafang-Bafoussam,19:00,2026-10-04
GEN-031,Premium 30,30,Ouest - Douala,Bafoussam-Bafang-Douala,19:00,2026-10-04
GEN-012,VIP 50,50,Douala - Yaoundé,Douala-Edea-Yaoundé,19:15,2026-10-04
GEN-004,Classique 70,70,Yaoundé - Douala,Yaoundé-Edea-Douala,19:15,2026-10-04
GEN-013,Premium 30,30,Douala - Yaoundé,Douala-Edea-Yaoundé,19:30,2026-10-04
GEN-005,Classique 70,70,Yaoundé - Douala,Yaoundé-Edea-Douala,19:30,2026-10-04
GEN-024,Premium 30,30,Douala - Ouest,Douala-Bafang-Bafoussam,19:30,2026-10-04
GEN-032,VIP 50,50,Ouest - Douala,Bafoussam-Bafang-Douala,19:30,2026-10-04
GEN-014,Classique 70,70,Douala - Yaoundé,Douala-Edea-Yaoundé,19:45,2026-10-04
GEN-006,Classique 70,70,Yaoundé - Douala,Yaoundé-Edea-Douala,19:45,2026-10-04
GEN-015,VIP 50,50,Douala - Yaoundé,Douala-Edea-Yaoundé,20:00,2026-10-04
GEN-007,Classique 70,70,Yaoundé - Douala,Yaoundé-Edea-Douala,20:00,2026-10-04
GEN-016,VIP 50,50,Douala - Yaoundé,Douala-Edea-Yaoundé,20:15,2026-10-04
GEN-008,VIP 50,50,Yaoundé - Douala,Yaoundé-Edea-Douala,20:15,2026-10-04
GEN-001,VIP 50,50,Douala - Yaoundé,Douala-Edea-Yaoundé,05:00,2026-10-05
GEN-009,Classique 70,70,Yaoundé - Douala,Yaoundé-Edea-Douala,05:00,2026-10-05
GEN-025,VIP 50,50,Douala - Ouest,Douala-Bafang-Bafoussam,05:00,2026-10-05
GEN-017,VIP 50,50,Ouest - Douala,Bafoussam-Bafang-Douala,05:00,2026-10-05
GEN-002,Classique 70,70,Douala - Yaoundé,Douala-Edea-Yaoundé,05:15,2026-10-05
GEN-010,Premium 30,30,Yaoundé - Douala,Yaoundé-Edea-Douala,05:15,2026-10-05
GEN-003,VIP 50,50,Douala - Yaoundé,Douala-Edea-Yaoundé,05:30,2026-10-05
GEN-011,Classique 70,70,Yaoundé - Douala,Yaoundé-Edea-Douala,05:30,2026-10-05
GEN-026,VIP 50,50,Douala - Ouest,Douala-Bafang-Bafoussam,05:30,2026-10-05
GEN-018,Premium 30,30,Ouest - Douala,Bafoussam-Bafang-Douala,05:30,2026-10-05
GEN-004,Classique 70,70,Douala - Yaoundé,Douala-Edea-Yaoundé,05:45,2026-10-05
GEN-012,VIP 50,50,Yaoundé - Douala,Yaoundé-Edea-Douala,05:45,2026-10-05
GEN-005,Classique 70,70,Douala - Yaoundé,Douala-Edea-Yaoundé,06:00,2026-10-05
GEN-013,Premium 30,30,Yaoundé - Douala,Yaoundé-Edea-Douala,06:00,2026-10-05
GEN-027,Classique 70,70,Douala - Ouest,Douala-Bafang-Bafoussam,06:00,2026-10-05
GEN-019,Classique 70,70,Ouest - Douala,Bafoussam-Bafang-Douala,06:00,2026-10-05
GEN-006,Classique 70,70,Douala - Yaoundé,Douala-Edea-Yaoundé,06:15,2026-10-05
GEN-014,Classique 70,70,Yaoundé - Douala,Yaoundé-Edea-Douala,06:15,2026-10-05
GEN-007,Classique 70,70,Douala - Yaoundé,Douala-Edea-Yaoundé,06:30,2026-10-05
GEN-015,VIP 50,50,Yaoundé - Douala,Yaoundé-Edea-Douala,06:30,2026-10-05
GEN-028,Premium 30,30,Douala - Ouest,Douala-Bafang-Bafoussam,06:30,2026-10-05
GEN-020,Premium 30,30,Ouest - Douala,Bafoussam-Bafang-Douala,06:30,2026-10-05
GEN-008,VIP 50,50,Douala - Yaoundé,Douala-Edea-Yaoundé,06:45,2026-10-05
GEN-016,VIP 50,50,Yaoundé - Douala,Yaoundé-Edea-Douala,06:45,2026-10-05
GEN-029,Classique 70,70,Douala - Ouest,Douala-Bafang-Bafoussam,07:00,2026-10-05
GEN-021,Classique 70,70,Ouest - Douala,Bafoussam-Bafang-Douala,07:00,2026-10-05
GEN-030,VIP 50,50,Douala - Ouest,Douala-Bafang-Bafoussam,07:30,2026-10-05
GEN-022,VIP 50,50,Ouest - Douala,Bafoussam-Bafang-Douala,07:30,2026-10-05
GEN-031,Premium 30,30,Douala - Ouest,Douala-Bafang-Bafoussam,08:00,2026-10-05
GEN-023,Classique 70,70,Ouest - Douala,Bafoussam-Bafang-Douala,08:00,2026-10-05
GEN-032,VIP 50,50,Douala - Ouest,Douala-Bafang-Bafoussam,08:30,2026-10-05
GEN-024,Premium 30,30,Ouest - Douala,Bafoussam-Bafang-Douala,08:30,2026-10-05
GEN-009,Classique 70,70,Douala - Yaoundé,Douala-Edea-Yaoundé,09:30,2026-10-05
GEN-001,VIP 50,50,Yaoundé - Douala,Yaoundé-Edea-Douala,09:30,2026-10-05
GEN-010,Premium 30,30,Douala - Yaoundé,Douala-Edea-Yaoundé,09:45,2026-10-05
GEN-002,Classique 70,70,Yaoundé - Douala,Yaoundé-Edea-Douala,09:45,2026-10-05
GEN-011,Classique 70,70,Douala - Yaoundé,Douala-Edea-Yaoundé,10:00,2026-10-05
GEN-003,VIP 50,50,Yaoundé - Douala,Yaoundé-Edea-Douala,10:00,2026-10-05
GEN-012,VIP 50,50,Douala - Yaoundé,Douala-Edea-Yaoundé,10:15,2026-10-05
GEN-004,Classique 70,70,Yaoundé - Douala,Yaoundé-Edea-Douala,10:15,2026-10-05
GEN-013,Premium 30,30,Douala - Yaoundé,Douala-Edea-Yaoundé,10:30,2026-10-05
GEN-005,Classique 70,70,Yaoundé - Douala,Yaoundé-Edea-Douala,10:30,2026-10-05
GEN-017,VIP 50,50,Douala - Ouest,Douala-Bafang-Bafoussam,10:30,2026-10-05
GEN-025,VIP 50,50,Ouest - Douala,Bafoussam-Bafang-Douala,10:30,2026-10-05
GEN-014,Classique 70,70,Douala - Yaoundé,Douala-Edea-Yaoundé,10:45,2026-10-05
GEN-006,Classique 70,70,Yaoundé - Douala,Yaoundé-Edea-Douala,10:45,2026-10-05
GEN-015,VIP 50,50,Douala - Yaoundé,Douala-Edea-Yaoundé,11:00,2026-10-05
GEN-007,Classique 70,70,Yaoundé - Douala,Yaoundé-Edea-Douala,11:00,2026-10-05
GEN-018,Premium 30,30,Douala - Ouest,Douala-Bafang-Bafoussam,11:00,2026-10-05
GEN-026,VIP 50,50,Ouest - Douala,Bafoussam-Bafang-Douala,11:00,2026-10-05
GEN-016,VIP 50,50,Douala - Yaoundé,Douala-Edea-Yaoundé,11:15,2026-10-05
GEN-008,VIP 50,50,Yaoundé - Douala,Yaoundé-Edea-Douala,11:15,2026-10-05
GEN-019,Classique 70,70,Douala - Ouest,Douala-Bafang-Bafoussam,11:30,2026-10-05
GEN-027,Classique 70,70,Ouest - Douala,Bafoussam-Bafang-Douala,11:30,2026-10-05
GEN-020,Premium 30,30,Douala - Ouest,Douala-Bafang-Bafoussam,12:00,2026-10-05
GEN-028,Premium 30,30,Ouest - Douala,Bafoussam-Bafang-Douala,12:00,2026-10-05
GEN-021,Classique 70,70,Douala - Ouest,Douala-Bafang-Bafoussam,12:30,2026-10-05
GEN-029,Classique 70,70,Ouest - Douala,Bafoussam-Bafang-Douala,12:30,2026-10-05
GEN-022,VIP 50,50,Douala - Ouest,Douala-Bafang-Bafoussam,13:00,2026-10-05
GEN-030,VIP 50,50,Ouest - Douala,Bafoussam-Bafang-Douala,13:00,2026-10-05
GEN-023,Classique 70,70,Douala - Ouest,Douala-Bafang-Bafoussam,13:30,2026-10-05
GEN-031,Premium 30,30,Ouest - Douala,Bafoussam-Bafang-Douala,13:30,2026-10-05
GEN-001,VIP 50,50,Douala - Yaoundé,Douala-Edea-Yaoundé,14:00,2026-10-05
GEN-009,Classique 70,70,Yaoundé - Douala,Yaoundé-Edea-Douala,14:00,2026-10-05
GEN-024,Premium 30,30,Douala - Ouest,Douala-Bafang-Bafoussam,14:00,2026-10-05
GEN-032,VIP 50,50,Ouest - Douala,Bafoussam-Bafang-Douala,14:00,2026-10-05
GEN-002,Classique 70,70,Douala - Yaoundé,Douala-Edea-Yaoundé,14:15,2026-10-05
GEN-010,Premium 30,30,Yaoundé - Douala,Yaoundé-Edea-Douala,14:15,2026-10-05
GEN-003,VIP 50,50,Douala - Yaoundé,Douala-Edea-Yaoundé,14:30,2026-10-05
GEN-011,Classique 70,70,Yaoundé - Douala,Yaoundé-Edea-Douala,14:30,2026-10-05
GEN-004,Classique 70,70,Douala - Yaoundé,Douala-Edea-Yaoundé,14:45,2026-10-05
GEN-012,VIP 50,50,Yaoundé - Douala,Yaoundé-Edea-Douala,14:45,2026-10-05
GEN-005,Classique 70,70,Douala - Yaoundé,Douala-Edea-Yaoundé,15:00,2026-10-05
GEN-013,Premium 30,30,Yaoundé - Douala,Yaoundé-Edea-Douala,15:00,2026-10-05
GEN-006,Classique 70,70,Douala - Yaoundé,Douala-Edea-Yaoundé,15:15,2026-10-05
GEN-014,Classique 70,70,Yaoundé - Douala,Yaoundé-Edea-Douala,15:15,2026-10-05
GEN-007,Classique 70,70,Douala - Yaoundé,Douala-Edea-Yaoundé,15:30,2026-10-05
GEN-015,VIP 50,50,Yaoundé - Douala,Yaoundé-Edea-Douala,15:30,2026-10-05
GEN-008,VIP 50,50,Douala - Yaoundé,Douala-Edea-Yaoundé,15:45,2026-10-05
GEN-016,VIP 50,50,Yaoundé - Douala,Yaoundé-Edea-Douala,15:45,2026-10-05
GEN-025,VIP 50,50,Douala - Ouest,Douala-Bafang-Bafoussam,16:00,2026-10-05
GEN-017,VIP 50,50,Ouest - Douala,Bafoussam-Bafang-Douala,16:00,2026-10-05
GEN-026,VIP 50,50,Douala - Ouest,Douala-Bafang-Bafoussam,16:30,2026-10-05
GEN-018,Premium 30,30,Ouest - Douala,Bafoussam-Bafang-Douala,16:30,2026-10-05
GEN-027,Classique 70,70,Douala - Ouest,Douala-Bafang-Bafoussam,17:00,2026-10-05
GEN-019,Classique 70,70,Ouest - Douala,Bafoussam-Bafang-Douala,17:00,2026-10-05
GEN-028,Premium 30,30,Douala - Ouest,Douala-Bafang-Bafoussam,17:30,2026-10-05
GEN-020,Premium 30,30,Ouest - Douala,Bafoussam-Bafang-Douala,17:30,2026-10-05
GEN-029,Classique 70,70,Douala - Ouest,Douala-Bafang-Bafoussam,18:00,2026-10-05
GEN-021,Classique 70,70,Ouest - Douala,Bafoussam-Bafang-Douala,18:00,2026-10-05
GEN-009,Classique 70,70,Douala - Yaoundé,Douala-Edea-Yaoundé,18:30,2026-10-05
GEN-001,VIP 50,50,Yaoundé - Douala,Yaoundé-Edea-Douala,18:30,2026-10-05
GEN-030,VIP 50,50,Douala - Ouest,Douala-Bafang-Bafoussam,18:30,2026-10-05
GEN-022,VIP 50,50,Ouest - Douala,Bafoussam-Bafang-Douala,18:30,2026-10-05
GEN-010,Premium 30,30,Douala - Yaoundé,Douala-Edea-Yaoundé,18:45,2026-10-05
GEN-002,Classique 70,70,Yaoundé - Douala,Yaoundé-Edea-Douala,18:45,2026-10-05
GEN-011,Classique 70,70,Douala - Yaoundé,Douala-Edea-Yaoundé,19:00,2026-10-05
GEN-003,VIP 50,50,Yaoundé - Douala,Yaoundé-Edea-Douala,19:00,2026-10-05
GEN-031,Premium 30,30,Douala - Ouest,Douala-Bafang-Bafoussam,19:00,2026-10-05
GEN-023,Classique 70,70,Ouest - Douala,Bafoussam-Bafang-Douala,19:00,2026-10-05
GEN-012,VIP 50,50,Douala - Yaoundé,Douala-Edea-Yaoundé,19:15,2026-10-05
GEN-004,Classique 70,70,Yaoundé - Douala,Yaoundé-Edea-Douala,19:15,2026-10-05
GEN-013,Premium 30,30,Douala - Yaoundé,Douala-Edea-Yaoundé,19:30,2026-10-05
GEN-005,Classique 70,70,Yaoundé - Douala,Yaoundé-Edea-Douala,19:30,2026-10-05
GEN-032,VIP 50,50,Douala - Ouest,Douala-Bafang-Bafoussam,19:30,2026-10-05
GEN-024,Premium 30,30,Ouest - Douala,Bafoussam-Bafang-Douala,19:30,2026-10-05
GEN-014,Classique 70,70,Douala - Yaoundé,Douala-Edea-Yaoundé,19:45,2026-10-05
GEN-006,Classique 70,70,Yaoundé - Douala,Yaoundé-Edea-Douala,19:45,2026-10-05
GEN-015,VIP 50,50,Douala - Yaoundé,Douala-Edea-Yaoundé,20:00,2026-10-05
GEN-007,Classique 70,70,Yaoundé - Douala,Yaoundé-Edea-Douala,20:00,2026-10-05
GEN-016,VIP 50,50,Douala - Yaoundé,Douala-Edea-Yaoundé,20:15,2026-10-05
GEN-008,VIP 50,50,Yaoundé - Douala,Yaoundé-Edea-Douala,20:15,2026-10-05
GEN-001,VIP 50,50,Douala - Yaoundé,Douala-Edea-Yaoundé,05:00,2026-10-06
GEN-009,Classique 70,70,Yaoundé - Douala,Yaoundé-Edea-Douala,05:00,2026-10-06
GEN-017,VIP 50,50,Douala - Ouest,Douala-Bafang-Bafoussam,05:00,2026-10-06
GEN-025,VIP 50,50,Ouest - Douala,Bafoussam-Bafang-Douala,05:00,2026-10-06
GEN-002,Classique 70,70,Douala - Yaoundé,Douala-Edea-Yaoundé,05:15,2026-10-06
GEN-010,Premium 30,30,Yaoundé - Douala,Yaoundé-Edea-Douala,05:15,2026-10-06
GEN-003,VIP 50,50,Douala - Yaoundé,Douala-Edea-Yaoundé,05:30,2026-10-06
GEN-011,Classique 70,70,Yaoundé - Douala,Yaoundé-Edea-Douala,05:30,2026-10-06
GEN-018,Premium 30,30,Douala - Ouest,Douala-Bafang-Bafoussam,05:30,2026-10-06
GEN-026,VIP 50,50,Ouest - Douala,Bafoussam-Bafang-Douala,05:30,2026-10-06
GEN-004,Classique 70,70,Douala - Yaoundé,Douala-Edea-Yaoundé,05:45,2026-10-06
GEN-012,VIP 50,50,Yaoundé - Douala,Yaoundé-Edea-Douala,05:45,2026-10-06
GEN-005,Classique 70,70,Douala - Yaoundé,Douala-Edea-Yaoundé,06:00,2026-10-06
GEN-013,Premium 30,30,Yaoundé - Douala,Yaoundé-Edea-Douala,06:00,2026-10-06
GEN-019,Classique 70,70,Douala - Ouest,Douala-Bafang-Bafoussam,06:00,2026-10-06
GEN-027,Classique 70,70,Ouest - Douala,Bafoussam-Bafang-Douala,06:00,2026-10-06
GEN-006,Classique 70,70,Douala - Yaoundé,Douala-Edea-Yaoundé,06:15,2026-10-06
GEN-014,Classique 70,70,Yaoundé - Douala,Yaoundé-Edea-Douala,06:15,2026-10-06
GEN-007,Classique 70,70,Douala - Yaoundé,Douala-Edea-Yaoundé,06:30,2026-10-06
GEN-015,VIP 50,50,Yaoundé - Douala,Yaoundé-Edea-Douala,06:30,2026-10-06
GEN-020,Premium 30,30,Douala - Ouest,Douala-Bafang-Bafoussam,06:30,2026-10-06
GEN-028,Premium 30,30,Ouest - Douala,Bafoussam-Bafang-Douala,06:30,2026-10-06
GEN-008,VIP 50,50,Douala - Yaoundé,Douala-Edea-Yaoundé,06:45,2026-10-06
GEN-016,VIP 50,50,Yaoundé - Douala,Yaoundé-Edea-Douala,06:45,2026-10-06
GEN-021,Classique 70,70,Douala - Ouest,Douala-Bafang-Bafoussam,07:00,2026-10-06
GEN-029,Classique 70,70,Ouest - Douala,Bafoussam-Bafang-Douala,07:00,2026-10-06
GEN-022,VIP 50,50,Douala - Ouest,Douala-Bafang-Bafoussam,07:30,2026-10-06
GEN-030,VIP 50,50,Ouest - Douala,Bafoussam-Bafang-Douala,07:30,2026-10-06
GEN-023,Classique 70,70,Douala - Ouest,Douala-Bafang-Bafoussam,08:00,2026-10-06
GEN-031,Premium 30,30,Ouest - Douala,Bafoussam-Bafang-Douala,08:00,2026-10-06
GEN-024,Premium 30,30,Douala - Ouest,Douala-Bafang-Bafoussam,08:30,2026-10-06
GEN-032,VIP 50,50,Ouest - Douala,Bafoussam-Bafang-Douala,08:30,2026-10-06
GEN-009,Classique 70,70,Douala - Yaoundé,Douala-Edea-Yaoundé,09:30,2026-10-06
GEN-001,VIP 50,50,Yaoundé - Douala,Yaoundé-Edea-Douala,09:30,2026-10-06
GEN-010,Premium 30,30,Douala - Yaoundé,Douala-Edea-Yaoundé,09:45,2026-10-06
GEN-002,Classique 70,70,Yaoundé - Douala,Yaoundé-Edea-Douala,09:45,2026-10-06
GEN-011,Classique 70,70,Douala - Yaoundé,Douala-Edea-Yaoundé,10:00,2026-10-06
GEN-003,VIP 50,50,Yaoundé - Douala,Yaoundé-Edea-Douala,10:00,2026-10-06
GEN-012,VIP 50,50,Douala - Yaoundé,Douala-Edea-Yaoundé,10:15,2026-10-06
GEN-004,Classique 70,70,Yaoundé - Douala,Yaoundé-Edea-Douala,10:15,2026-10-06
GEN-013,Premium 30,30,Douala - Yaoundé,Douala-Edea-Yaoundé,10:30,2026-10-06
GEN-005,Classique 70,70,Yaoundé - Douala,Yaoundé-Edea-Douala,10:30,2026-10-06
GEN-025,VIP 50,50,Douala - Ouest,Douala-Bafang-Bafoussam,10:30,2026-10-06
GEN-017,VIP 50,50,Ouest - Douala,Bafoussam-Bafang-Douala,10:30,2026-10-06
GEN-014,Classique 70,70,Douala - Yaoundé,Douala-Edea-Yaoundé,10:45,2026-10-06
GEN-006,Classique 70,70,Yaoundé - Douala,Yaoundé-Edea-Douala,10:45,2026-10-06
GEN-015,VIP 50,50,Douala - Yaoundé,Douala-Edea-Yaoundé,11:00,2026-10-06
GEN-007,Classique 70,70,Yaoundé - Douala,Yaoundé-Edea-Douala,11:00,2026-10-06
GEN-026,VIP 50,50,Douala - Ouest,Douala-Bafang-Bafoussam,11:00,2026-10-06
GEN-018,Premium 30,30,Ouest - Douala,Bafoussam-Bafang-Douala,11:00,2026-10-06
GEN-016,VIP 50,50,Douala - Yaoundé,Douala-Edea-Yaoundé,11:15,2026-10-06
GEN-008,VIP 50,50,Yaoundé - Douala,Yaoundé-Edea-Douala,11:15,2026-10-06
GEN-027,Classique 70,70,Douala - Ouest,Douala-Bafang-Bafoussam,11:30,2026-10-06
GEN-019,Classique 70,70,Ouest - Douala,Bafoussam-Bafang-Douala,11:30,2026-10-06
GEN-028,Premium 30,30,Douala - Ouest,Douala-Bafang-Bafoussam,12:00,2026-10-06
GEN-020,Premium 30,30,Ouest - Douala,Bafoussam-Bafang-Douala,12:00,2026-10-06
GEN-029,Classique 70,70,Douala - Ouest,Douala-Bafang-Bafoussam,12:30,2026-10-06
GEN-021,Classique 70,70,Ouest - Douala,Bafoussam-Bafang-Douala,12:30,2026-10-06
GEN-030,VIP 50,50,Douala - Ouest,Douala-Bafang-Bafoussam,13:00,2026-10-06
GEN-022,VIP 50,50,Ouest - Douala,Bafoussam-Bafang-Douala,13:00,2026-10-06
GEN-031,Premium 30,30,Douala - Ouest,Douala-Bafang-Bafoussam,13:30,2026-10-06
GEN-023,Classique 70,70,Ouest - Douala,Bafoussam-Bafang-Douala,13:30,2026-10-06
GEN-001,VIP 50,50,Douala - Yaoundé,Douala-Edea-Yaoundé,14:00,2026-10-06
GEN-009,Classique 70,70,Yaoundé - Douala,Yaoundé-Edea-Douala,14:00,2026-10-06
GEN-032,VIP 50,50,Douala - Ouest,Douala-Bafang-Bafoussam,14:00,2026-10-06
GEN-024,Premium 30,30,Ouest - Douala,Bafoussam-Bafang-Douala,14:00,2026-10-06
GEN-002,Classique 70,70,Douala - Yaoundé,Douala-Edea-Yaoundé,14:15,2026-10-06
GEN-010,Premium 30,30,Yaoundé - Douala,Yaoundé-Edea-Douala,14:15,2026-10-06
GEN-003,VIP 50,50,Douala - Yaoundé,Douala-Edea-Yaoundé,14:30,2026-10-06
GEN-011,Classique 70,70,Yaoundé - Douala,Yaoundé-Edea-Douala,14:30,2026-10-06
GEN-004,Classique 70,70,Douala - Yaoundé,Douala-Edea-Yaoundé,14:45,2026-10-06
GEN-012,VIP 50,50,Yaoundé - Douala,Yaoundé-Edea-Douala,14:45,2026-10-06
GEN-005,Classique 70,70,Douala - Yaoundé,Douala-Edea-Yaoundé,15:00,2026-10-06
GEN-013,Premium 30,30,Yaoundé - Douala,Yaoundé-Edea-Douala,15:00,2026-10-06
GEN-006,Classique 70,70,Douala - Yaoundé,Douala-Edea-Yaoundé,15:15,2026-10-06
GEN-014,Classique 70,70,Yaoundé - Douala,Yaoundé-Edea-Douala,15:15,2026-10-06
GEN-007,Classique 70,70,Douala - Yaoundé,Douala-Edea-Yaoundé,15:30,2026-10-06
GEN-015,VIP 50,50,Yaoundé - Douala,Yaoundé-Edea-Douala,15:30,2026-10-06
GEN-008,VIP 50,50,Douala - Yaoundé,Douala-Edea-Yaoundé,15:45,2026-10-06
GEN-016,VIP 50,50,Yaoundé - Douala,Yaoundé-Edea-Douala,15:45,2026-10-06
GEN-017,VIP 50,50,Douala - Ouest,Douala-Bafang-Bafoussam,16:00,2026-10-06
GEN-025,VIP 50,50,Ouest - Douala,Bafoussam-Bafang-Douala,16:00,2026-10-06
GEN-018,Premium 30,30,Douala - Ouest,Douala-Bafang-Bafoussam,16:30,2026-10-06
GEN-026,VIP 50,50,Ouest - Douala,Bafoussam-Bafang-Douala,16:30,2026-10-06
GEN-019,Classique 70,70,Douala - Ouest,Douala-Bafang-Bafoussam,17:00,2026-10-06
GEN-027,Classique 70,70,Ouest - Douala,Bafoussam-Bafang-Douala,17:00,2026-10-06
GEN-020,Premium 30,30,Douala - Ouest,Douala-Bafang-Bafoussam,17:30,2026-10-06
GEN-028,Premium 30,30,Ouest - Douala,Bafoussam-Bafang-Douala,17:30,2026-10-06
GEN-021,Classique 70,70,Douala - Ouest,Douala-Bafang-Bafoussam,18:00,2026-10-06
GEN-029,Classique 70,70,Ouest - Douala,Bafoussam-Bafang-Douala,18:00,2026-10-06
GEN-009,Classique 70,70,Douala - Yaoundé,Douala-Edea-Yaoundé,18:30,2026-10-06
GEN-001,VIP 50,50,Yaoundé - Douala,Yaoundé-Edea-Douala,18:30,2026-10-06
GEN-022,VIP 50,50,Douala - Ouest,Douala-Bafang-Bafoussam,18:30,2026-10-06
GEN-030,VIP 50,50,Ouest - Douala,Bafoussam-Bafang-Douala,18:30,2026-10-06
GEN-010,Premium 30,30,Douala - Yaoundé,Douala-Edea-Yaoundé,18:45,2026-10-06
GEN-002,Classique 70,70,Yaoundé - Douala,Yaoundé-Edea-Douala,18:45,2026-10-06
GEN-011,Classique 70,70,Douala - Yaoundé,Douala-Edea-Yaoundé,19:00,2026-10-06
GEN-003,VIP 50,50,Yaoundé - Douala,Yaoundé-Edea-Douala,19:00,2026-10-06
GEN-023,Classique 70,70,Douala - Ouest,Douala-Bafang-Bafoussam,19:00,2026-10-06
GEN-031,Premium 30,30,Ouest - Douala,Bafoussam-Bafang-Douala,19:00,2026-10-06
GEN-012,VIP 50,50,Douala - Yaoundé,Douala-Edea-Yaoundé,19:15,2026-10-06
GEN-004,Classique 70,70,Yaoundé - Douala,Yaoundé-Edea-Douala,19:15,2026-10-06
GEN-013,Premium 30,30,Douala - Yaoundé,Douala-Edea-Yaoundé,19:30,2026-10-06
GEN-005,Classique 70,70,Yaoundé - Douala,Yaoundé-Edea-Douala,19:30,2026-10-06
GEN-024,Premium 30,30,Douala - Ouest,Douala-Bafang-Bafoussam,19:30,2026-10-06
GEN-032,VIP 50,50,Ouest - Douala,Bafoussam-Bafang-Douala,19:30,2026-10-06
GEN-014,Classique 70,70,Douala - Yaoundé,Douala-Edea-Yaoundé,19:45,2026-10-06
GEN-006,Classique 70,70,Yaoundé - Douala,Yaoundé-Edea-Douala,19:45,2026-10-06
GEN-015,VIP 50,50,Douala - Yaoundé,Douala-Edea-Yaoundé,20:00,2026-10-06
GEN-007,Classique 70,70,Yaoundé - Douala,Yaoundé-Edea-Douala,20:00,2026-10-06
GEN-016,VIP 50,50,Douala - Yaoundé,Douala-Edea-Yaoundé,20:15,2026-10-06
GEN-008,VIP 50,50,Yaoundé - Douala,Yaoundé-Edea-Douala,20:15,2026-10-06
GEN-001,VIP 50,50,Douala - Yaoundé,Douala-Edea-Yaoundé,05:00,2026-10-07
GEN-009,Classique 70,70,Yaoundé - Douala,Yaoundé-Edea-Douala,05:00,2026-10-07
GEN-025,VIP 50,50,Douala - Ouest,Douala-Bafang-Bafoussam,05:00,2026-10-07
GEN-017,VIP 50,50,Ouest - Douala,Bafoussam-Bafang-Douala,05:00,2026-10-07
GEN-002,Classique 70,70,Douala - Yaoundé,Douala-Edea-Yaoundé,05:15,2026-10-07
GEN-010,Premium 30,30,Yaoundé - Douala,Yaoundé-Edea-Douala,05:15,2026-10-07
GEN-003,VIP 50,50,Douala - Yaoundé,Douala-Edea-Yaoundé,05:30,2026-10-07
GEN-011,Classique 70,70,Yaoundé - Douala,Yaoundé-Edea-Douala,05:30,2026-10-07
GEN-026,VIP 50,50,Douala - Ouest,Douala-Bafang-Bafoussam,05:30,2026-10-07
GEN-018,Premium 30,30,Ouest - Douala,Bafoussam-Bafang-Douala,05:30,2026-10-07
GEN-004,Classique 70,70,Douala - Yaoundé,Douala-Edea-Yaoundé,05:45,2026-10-07
GEN-012,VIP 50,50,Yaoundé - Douala,Yaoundé-Edea-Douala,05:45,2026-10-07
GEN-005,Classique 70,70,Douala - Yaoundé,Douala-Edea-Yaoundé,06:00,2026-10-07
GEN-013,Premium 30,30,Yaoundé - Douala,Yaoundé-Edea-Douala,06:00,2026-10-07
GEN-027,Classique 70,70,Douala - Ouest,Douala-Bafang-Bafoussam,06:00,2026-10-07
GEN-019,Classique 70,70,Ouest - Douala,Bafoussam-Bafang-Douala,06:00,2026-10-07
GEN-006,Classique 70,70,Douala - Yaoundé,Douala-Edea-Yaoundé,06:15,2026-10-07
GEN-014,Classique 70,70,Yaoundé - Douala,Yaoundé-Edea-Douala,06:15,2026-10-07
GEN-007,Classique 70,70,Douala - Yaoundé,Douala-Edea-Yaoundé,06:30,2026-10-07
GEN-015,VIP 50,50,Yaoundé - Douala,Yaoundé-Edea-Douala,06:30,2026-10-07
GEN-028,Premium 30,30,Douala - Ouest,Douala-Bafang-Bafoussam,06:30,2026-10-07
GEN-020,Premium 30,30,Ouest - Douala,Bafoussam-Bafang-Douala,06:30,2026-10-07
GEN-008,VIP 50,50,Douala - Yaoundé,Douala-Edea-Yaoundé,06:45,2026-10-07
GEN-016,VIP 50,50,Yaoundé - Douala,Yaoundé-Edea-Douala,06:45,2026-10-07
GEN-029,Classique 70,70,Douala - Ouest,Douala-Bafang-Bafoussam,07:00,2026-10-07
GEN-021,Classique 70,70,Ouest - Douala,Bafoussam-Bafang-Douala,07:00,2026-10-07
GEN-030,VIP 50,50,Douala - Ouest,Douala-Bafang-Bafoussam,07:30,2026-10-07
GEN-022,VIP 50,50,Ouest - Douala,Bafoussam-Bafang-Douala,07:30,2026-10-07
GEN-031,Premium 30,30,Douala - Ouest,Douala-Bafang-Bafoussam,08:00,2026-10-07
GEN-023,Classique 70,70,Ouest - Douala,Bafoussam-Bafang-Douala,08:00,2026-10-07
GEN-032,VIP 50,50,Douala - Ouest,Douala-Bafang-Bafoussam,08:30,2026-10-07
GEN-024,Premium 30,30,Ouest - Douala,Bafoussam-Bafang-Douala,08:30,2026-10-07
GEN-009,Classique 70,70,Douala - Yaoundé,Douala-Edea-Yaoundé,09:30,2026-10-07
GEN-001,VIP 50,50,Yaoundé - Douala,Yaoundé-Edea-Douala,09:30,2026-10-07
GEN-010,Premium 30,30,Douala - Yaoundé,Douala-Edea-Yaoundé,09:45,2026-10-07
GEN-002,Classique 70,70,Yaoundé - Douala,Yaoundé-Edea-Douala,09:45,2026-10-07
GEN-011,Classique 70,70,Douala - Yaoundé,Douala-Edea-Yaoundé,10:00,2026-10-07
GEN-003,VIP 50,50,Yaoundé - Douala,Yaoundé-Edea-Douala,10:00,2026-10-07
GEN-012,VIP 50,50,Douala - Yaoundé,Douala-Edea-Yaoundé,10:15,2026-10-07
GEN-004,Classique 70,70,Yaoundé - Douala,Yaoundé-Edea-Douala,10:15,2026-10-07
GEN-013,Premium 30,30,Douala - Yaoundé,Douala-Edea-Yaoundé,10:30,2026-10-07
GEN-005,Classique 70,70,Yaoundé - Douala,Yaoundé-Edea-Douala,10:30,2026-10-07
GEN-017,VIP 50,50,Douala - Ouest,Douala-Bafang-Bafoussam,10:30,2026-10-07
GEN-025,VIP 50,50,Ouest - Douala,Bafoussam-Bafang-Douala,10:30,2026-10-07
GEN-014,Classique 70,70,Douala - Yaoundé,Douala-Edea-Yaoundé,10:45,2026-10-07
GEN-006,Classique 70,70,Yaoundé - Douala,Yaoundé-Edea-Douala,10:45,2026-10-07
GEN-015,VIP 50,50,Douala - Yaoundé,Douala-Edea-Yaoundé,11:00,2026-10-07
GEN-007,Classique 70,70,Yaoundé - Douala,Yaoundé-Edea-Douala,11:00,2026-10-07
GEN-018,Premium 30,30,Douala - Ouest,Douala-Bafang-Bafoussam,11:00,2026-10-07
GEN-026,VIP 50,50,Ouest - Douala,Bafoussam-Bafang-Douala,11:00,2026-10-07
GEN-016,VIP 50,50,Douala - Yaoundé,Douala-Edea-Yaoundé,11:15,2026-10-07
GEN-008,VIP 50,50,Yaoundé - Douala,Yaoundé-Edea-Douala,11:15,2026-10-07
GEN-019,Classique 70,70,Douala - Ouest,Douala-Bafang-Bafoussam,11:30,2026-10-07
GEN-027,Classique 70,70,Ouest - Douala,Bafoussam-Bafang-Douala,11:30,2026-10-07
GEN-020,Premium 30,30,Douala - Ouest,Douala-Bafang-Bafoussam,12:00,2026-10-07
GEN-028,Premium 30,30,Ouest - Douala,Bafoussam-Bafang-Douala,12:00,2026-10-07
GEN-021,Classique 70,70,Douala - Ouest,Douala-Bafang-Bafoussam,12:30,2026-10-07
GEN-029,Classique 70,70,Ouest - Douala,Bafoussam-Bafang-Douala,12:30,2026-10-07
GEN-022,VIP 50,50,Douala - Ouest,Douala-Bafang-Bafoussam,13:00,2026-10-07
GEN-030,VIP 50,50,Ouest - Douala,Bafoussam-Bafang-Douala,13:00,2026-10-07
GEN-023,Classique 70,70,Douala - Ouest,Douala-Bafang-Bafoussam,13:30,2026-10-07
GEN-031,Premium 30,30,Ouest - Douala,Bafoussam-Bafang-Douala,13:30,2026-10-07
GEN-001,VIP 50,50,Douala - Yaoundé,Douala-Edea-Yaoundé,14:00,2026-10-07
GEN-009,Classique 70,70,Yaoundé - Douala,Yaoundé-Edea-Douala,14:00,2026-10-07
GEN-024,Premium 30,30,Douala - Ouest,Douala-Bafang-Bafoussam,14:00,2026-10-07
GEN-032,VIP 50,50,Ouest - Douala,Bafoussam-Bafang-Douala,14:00,2026-10-07
GEN-002,Classique 70,70,Douala - Yaoundé,Douala-Edea-Yaoundé,14:15,2026-10-07
GEN-010,Premium 30,30,Yaoundé - Douala,Yaoundé-Edea-Douala,14:15,2026-10-07
GEN-003,VIP 50,50,Douala - Yaoundé,Douala-Edea-Yaoundé,14:30,2026-10-07
GEN-011,Classique 70,70,Yaoundé - Douala,Yaoundé-Edea-Douala,14:30,2026-10-07
GEN-004,Classique 70,70,Douala - Yaoundé,Douala-Edea-Yaoundé,14:45,2026-10-07
GEN-012,VIP 50,50,Yaoundé - Douala,Yaoundé-Edea-Douala,14:45,2026-10-07
GEN-005,Classique 70,70,Douala - Yaoundé,Douala-Edea-Yaoundé,15:00,2026-10-07
GEN-013,Premium 30,30,Yaoundé - Douala,Yaoundé-Edea-Douala,15:00,2026-10-07
GEN-006,Classique 70,70,Douala - Yaoundé,Douala-Edea-Yaoundé,15:15,2026-10-07
GEN-014,Classique 70,70,Yaoundé - Douala,Yaoundé-Edea-Douala,15:15,2026-10-07
GEN-007,Classique 70,70,Douala - Yaoundé,Douala-Edea-Yaoundé,15:30,2026-10-07
GEN-015,VIP 50,50,Yaoundé - Douala,Yaoundé-Edea-Douala,15:30,2026-10-07
GEN-008,VIP 50,50,Douala - Yaoundé,Douala-Edea-Yaoundé,15:45,2026-10-07
GEN-016,VIP 50,50,Yaoundé - Douala,Yaoundé-Edea-Douala,15:45,2026-10-07
GEN-025,VIP 50,50,Douala - Ouest,Douala-Bafang-Bafoussam,16:00,2026-10-07
GEN-017,VIP 50,50,Ouest - Douala,Bafoussam-Bafang-Douala,16:00,2026-10-07
GEN-026,VIP 50,50,Douala - Ouest,Douala-Bafang-Bafoussam,16:30,2026-10-07
GEN-018,Premium 30,30,Ouest - Douala,Bafoussam-Bafang-Douala,16:30,2026-10-07
GEN-027,Classique 70,70,Douala - Ouest,Douala-Bafang-Bafoussam,17:00,2026-10-07
GEN-019,Classique 70,70,Ouest - Douala,Bafoussam-Bafang-Douala,17:00,2026-10-07
GEN-028,Premium 30,30,Douala - Ouest,Douala-Bafang-Bafoussam,17:30,2026-10-07
GEN-020,Premium 30,30,Ouest - Douala,Bafoussam-Bafang-Douala,17:30,2026-10-07
GEN-029,Classique 70,70,Douala - Ouest,Douala-Bafang-Bafoussam,18:00,2026-10-07
GEN-021,Classique 70,70,Ouest - Douala,Bafoussam-Bafang-Douala,18:00,2026-10-07
GEN-009,Classique 70,70,Douala - Yaoundé,Douala-Edea-Yaoundé,18:30,2026-10-07
GEN-001,VIP 50,50,Yaoundé - Douala,Yaoundé-Edea-Douala,18:30,2026-10-07
GEN-030,VIP 50,50,Douala - Ouest,Douala-Bafang-Bafoussam,18:30,2026-10-07
GEN-022,VIP 50,50,Ouest - Douala,Bafoussam-Bafang-Douala,18:30,2026-10-07
GEN-010,Premium 30,30,Douala - Yaoundé,Douala-Edea-Yaoundé,18:45,2026-10-07
GEN-002,Classique 70,70,Yaoundé - Douala,Yaoundé-Edea-Douala,18:45,2026-10-07
GEN-011,Classique 70,70,Douala - Yaoundé,Douala-Edea-Yaoundé,19:00,2026-10-07
GEN-003,VIP 50,50,Yaoundé - Douala,Yaoundé-Edea-Douala,19:00,2026-10-07
GEN-031,Premium 30,30,Douala - Ouest,Douala-Bafang-Bafoussam,19:00,2026-10-07
GEN-023,Classique 70,70,Ouest - Douala,Bafoussam-Bafang-Douala,19:00,2026-10-07
GEN-012,VIP 50,50,Douala - Yaoundé,Douala-Edea-Yaoundé,19:15,2026-10-07
GEN-004,Classique 70,70,Yaoundé - Douala,Yaoundé-Edea-Douala,19:15,2026-10-07
GEN-013,Premium 30,30,Douala - Yaoundé,Douala-Edea-Yaoundé,19:30,2026-10-07
GEN-005,Classique 70,70,Yaoundé - Douala,Yaoundé-Edea-Douala,19:30,2026-10-07
GEN-032,VIP 50,50,Douala - Ouest,Douala-Bafang-Bafoussam,19:30,2026-10-07
GEN-024,Premium 30,30,Ouest - Douala,Bafoussam-Bafang-Douala,19:30,2026-10-07
GEN-014,Classique 70,70,Douala - Yaoundé,Douala-Edea-Yaoundé,19:45,2026-10-07
GEN-006,Classique 70,70,Yaoundé - Douala,Yaoundé-Edea-Douala,19:45,2026-10-07
GEN-015,VIP 50,50,Douala - Yaoundé,Douala-Edea-Yaoundé,20:00,2026-10-07
GEN-007,Classique 70,70,Yaoundé - Douala,Yaoundé-Edea-Douala,20:00,2026-10-07
GEN-016,VIP 50,50,Douala - Yaoundé,Douala-Edea-Yaoundé,20:15,2026-10-07
GEN-008,VIP 50,50,Yaoundé - Douala,Yaoundé-Edea-Douala,20:15,2026-10-07
GEN-001,VIP 50,50,Douala - Yaoundé,Douala-Edea-Yaoundé,05:00,2026-10-08
GEN-009,Classique 70,70,Yaoundé - Douala,Yaoundé-Edea-Douala,05:00,2026-10-08
GEN-017,VIP 50,50,Douala - Ouest,Douala-Bafang-Bafoussam,05:00,2026-10-08
GEN-025,VIP 50,50,Ouest - Douala,Bafoussam-Bafang-Douala,05:00,2026-10-08
GEN-002,Classique 70,70,Douala - Yaoundé,Douala-Edea-Yaoundé,05:15,2026-10-08
GEN-010,Premium 30,30,Yaoundé - Douala,Yaoundé-Edea-Douala,05:15,2026-10-08
GEN-003,VIP 50,50,Douala - Yaoundé,Douala-Edea-Yaoundé,05:30,2026-10-08
GEN-011,Classique 70,70,Yaoundé - Douala,Yaoundé-Edea-Douala,05:30,2026-10-08
GEN-018,Premium 30,30,Douala - Ouest,Douala-Bafang-Bafoussam,05:30,2026-10-08
GEN-026,VIP 50,50,Ouest - Douala,Bafoussam-Bafang-Douala,05:30,2026-10-08
GEN-004,Classique 70,70,Douala - Yaoundé,Douala-Edea-Yaoundé,05:45,2026-10-08
GEN-012,VIP 50,50,Yaoundé - Douala,Yaoundé-Edea-Douala,05:45,2026-10-08
GEN-005,Classique 70,70,Douala - Yaoundé,Douala-Edea-Yaoundé,06:00,2026-10-08
GEN-013,Premium 30,30,Yaoundé - Douala,Yaoundé-Edea-Douala,06:00,2026-10-08
GEN-019,Classique 70,70,Douala - Ouest,Douala-Bafang-Bafoussam,06:00,2026-10-08
GEN-027,Classique 70,70,Ouest - Douala,Bafoussam-Bafang-Douala,06:00,2026-10-08
GEN-006,Classique 70,70,Douala - Yaoundé,Douala-Edea-Yaoundé,06:15,2026-10-08
GEN-014,Classique 70,70,Yaoundé - Douala,Yaoundé-Edea-Douala,06:15,2026-10-08
GEN-007,Classique 70,70,Douala - Yaoundé,Douala-Edea-Yaoundé,06:30,2026-10-08
GEN-015,VIP 50,50,Yaoundé - Douala,Yaoundé-Edea-Douala,06:30,2026-10-08
GEN-020,Premium 30,30,Douala - Ouest,Douala-Bafang-Bafoussam,06:30,2026-10-08
GEN-028,Premium 30,30,Ouest - Douala,Bafoussam-Bafang-Douala,06:30,2026-10-08
GEN-008,VIP 50,50,Douala - Yaoundé,Douala-Edea-Yaoundé,06:45,2026-10-08
GEN-016,VIP 50,50,Yaoundé - Douala,Yaoundé-Edea-Douala,06:45,2026-10-08
GEN-021,Classique 70,70,Douala - Ouest,Douala-Bafang-Bafoussam,07:00,2026-10-08
GEN-029,Classique 70,70,Ouest - Douala,Bafoussam-Bafang-Douala,07:00,2026-10-08
GEN-022,VIP 50,50,Douala - Ouest,Douala-Bafang-Bafoussam,07:30,2026-10-08
GEN-030,VIP 50,50,Ouest - Douala,Bafoussam-Bafang-Douala,07:30,2026-10-08
GEN-023,Classique 70,70,Douala - Ouest,Douala-Bafang-Bafoussam,08:00,2026-10-08
GEN-031,Premium 30,30,Ouest - Douala,Bafoussam-Bafang-Douala,08:00,2026-10-08
GEN-024,Premium 30,30,Douala - Ouest,Douala-Bafang-Bafoussam,08:30,2026-10-08
GEN-032,VIP 50,50,Ouest - Douala,Bafoussam-Bafang-Douala,08:30,2026-10-08
GEN-009,Classique 70,70,Douala - Yaoundé,Douala-Edea-Yaoundé,09:30,2026-10-08
GEN-001,VIP 50,50,Yaoundé - Douala,Yaoundé-Edea-Douala,09:30,2026-10-08
GEN-010,Premium 30,30,Douala - Yaoundé,Douala-Edea-Yaoundé,09:45,2026-10-08
GEN-002,Classique 70,70,Yaoundé - Douala,Yaoundé-Edea-Douala,09:45,2026-10-08
GEN-011,Classique 70,70,Douala - Yaoundé,Douala-Edea-Yaoundé,10:00,2026-10-08
GEN-003,VIP 50,50,Yaoundé - Douala,Yaoundé-Edea-Douala,10:00,2026-10-08
GEN-012,VIP 50,50,Douala - Yaoundé,Douala-Edea-Yaoundé,10:15,2026-10-08
GEN-004,Classique 70,70,Yaoundé - Douala,Yaoundé-Edea-Douala,10:15,2026-10-08
GEN-013,Premium 30,30,Douala - Yaoundé,Douala-Edea-Yaoundé,10:30,2026-10-08
GEN-005,Classique 70,70,Yaoundé - Douala,Yaoundé-Edea-Douala,10:30,2026-10-08
GEN-025,VIP 50,50,Douala - Ouest,Douala-Bafang-Bafoussam,10:30,2026-10-08
GEN-017,VIP 50,50,Ouest - Douala,Bafoussam-Bafang-Douala,10:30,2026-10-08
GEN-014,Classique 70,70,Douala - Yaoundé,Douala-Edea-Yaoundé,10:45,2026-10-08
GEN-006,Classique 70,70,Yaoundé - Douala,Yaoundé-Edea-Douala,10:45,2026-10-08
GEN-015,VIP 50,50,Douala - Yaoundé,Douala-Edea-Yaoundé,11:00,2026-10-08
GEN-007,Classique 70,70,Yaoundé - Douala,Yaoundé-Edea-Douala,11:00,2026-10-08
GEN-026,VIP 50,50,Douala - Ouest,Douala-Bafang-Bafoussam,11:00,2026-10-08
GEN-018,Premium 30,30,Ouest - Douala,Bafoussam-Bafang-Douala,11:00,2026-10-08
GEN-016,VIP 50,50,Douala - Yaoundé,Douala-Edea-Yaoundé,11:15,2026-10-08
GEN-008,VIP 50,50,Yaoundé - Douala,Yaoundé-Edea-Douala,11:15,2026-10-08
GEN-027,Classique 70,70,Douala - Ouest,Douala-Bafang-Bafoussam,11:30,2026-10-08
GEN-019,Classique 70,70,Ouest - Douala,Bafoussam-Bafang-Douala,11:30,2026-10-08
GEN-028,Premium 30,30,Douala - Ouest,Douala-Bafang-Bafoussam,12:00,2026-10-08
GEN-020,Premium 30,30,Ouest - Douala,Bafoussam-Bafang-Douala,12:00,2026-10-08
GEN-029,Classique 70,70,Douala - Ouest,Douala-Bafang-Bafoussam,12:30,2026-10-08
GEN-021,Classique 70,70,Ouest - Douala,Bafoussam-Bafang-Douala,12:30,2026-10-08
GEN-030,VIP 50,50,Douala - Ouest,Douala-Bafang-Bafoussam,13:00,2026-10-08
GEN-022,VIP 50,50,Ouest - Douala,Bafoussam-Bafang-Douala,13:00,2026-10-08
GEN-031,Premium 30,30,Douala - Ouest,Douala-Bafang-Bafoussam,13:30,2026-10-08
GEN-023,Classique 70,70,Ouest - Douala,Bafoussam-Bafang-Douala,13:30,2026-10-08
GEN-001,VIP 50,50,Douala - Yaoundé,Douala-Edea-Yaoundé,14:00,2026-10-08
GEN-009,Classique 70,70,Yaoundé - Douala,Yaoundé-Edea-Douala,14:00,2026-10-08
GEN-032,VIP 50,50,Douala - Ouest,Douala-Bafang-Bafoussam,14:00,2026-10-08
GEN-024,Premium 30,30,Ouest - Douala,Bafoussam-Bafang-Douala,14:00,2026-10-08
GEN-002,Classique 70,70,Douala - Yaoundé,Douala-Edea-Yaoundé,14:15,2026-10-08
GEN-010,Premium 30,30,Yaoundé - Douala,Yaoundé-Edea-Douala,14:15,2026-10-08
GEN-003,VIP 50,50,Douala - Yaoundé,Douala-Edea-Yaoundé,14:30,2026-10-08
GEN-011,Classique 70,70,Yaoundé - Douala,Yaoundé-Edea-Douala,14:30,2026-10-08
GEN-004,Classique 70,70,Douala - Yaoundé,Douala-Edea-Yaoundé,14:45,2026-10-08
GEN-012,VIP 50,50,Yaoundé - Douala,Yaoundé-Edea-Douala,14:45,2026-10-08
GEN-005,Classique 70,70,Douala - Yaoundé,Douala-Edea-Yaoundé,15:00,2026-10-08
GEN-013,Premium 30,30,Yaoundé - Douala,Yaoundé-Edea-Douala,15:00,2026-10-08
GEN-006,Classique 70,70,Douala - Yaoundé,Douala-Edea-Yaoundé,15:15,2026-10-08
GEN-014,Classique 70,70,Yaoundé - Douala,Yaoundé-Edea-Douala,15:15,2026-10-08
GEN-007,Classique 70,70,Douala - Yaoundé,Douala-Edea-Yaoundé,15:30,2026-10-08
GEN-015,VIP 50,50,Yaoundé - Douala,Yaoundé-Edea-Douala,15:30,2026-10-08
GEN-008,VIP 50,50,Douala - Yaoundé,Douala-Edea-Yaoundé,15:45,2026-10-08
GEN-016,VIP 50,50,Yaoundé - Douala,Yaoundé-Edea-Douala,15:45,2026-10-08
GEN-017,VIP 50,50,Douala - Ouest,Douala-Bafang-Bafoussam,16:00,2026-10-08
GEN-025,VIP 50,50,Ouest - Douala,Bafoussam-Bafang-Douala,16:00,2026-10-08
GEN-018,Premium 30,30,Douala - Ouest,Douala-Bafang-Bafoussam,16:30,2026-10-08
GEN-026,VIP 50,50,Ouest - Douala,Bafoussam-Bafang-Douala,16:30,2026-10-08
GEN-019,Classique 70,70,Douala - Ouest,Douala-Bafang-Bafoussam,17:00,2026-10-08
GEN-027,Classique 70,70,Ouest - Douala,Bafoussam-Bafang-Douala,17:00,2026-10-08
GEN-020,Premium 30,30,Douala - Ouest,Douala-Bafang-Bafoussam,17:30,2026-10-08
GEN-028,Premium 30,30,Ouest - Douala,Bafoussam-Bafang-Douala,17:30,2026-10-08
GEN-021,Classique 70,70,Douala - Ouest,Douala-Bafang-Bafoussam,18:00,2026-10-08
GEN-029,Classique 70,70,Ouest - Douala,Bafoussam-Bafang-Douala,18:00,2026-10-08
GEN-009,Classique 70,70,Douala - Yaoundé,Douala-Edea-Yaoundé,18:30,2026-10-08
GEN-001,VIP 50,50,Yaoundé - Douala,Yaoundé-Edea-Douala,18:30,2026-10-08
GEN-022,VIP 50,50,Douala - Ouest,Douala-Bafang-Bafoussam,18:30,2026-10-08
GEN-030,VIP 50,50,Ouest - Douala,Bafoussam-Bafang-Douala,18:30,2026-10-08
GEN-010,Premium 30,30,Douala - Yaoundé,Douala-Edea-Yaoundé,18:45,2026-10-08
GEN-002,Classique 70,70,Yaoundé - Douala,Yaoundé-Edea-Douala,18:45,2026-10-08
GEN-011,Classique 70,70,Douala - Yaoundé,Douala-Edea-Yaoundé,19:00,2026-10-08
GEN-003,VIP 50,50,Yaoundé - Douala,Yaoundé-Edea-Douala,19:00,2026-10-08
GEN-023,Classique 70,70,Douala - Ouest,Douala-Bafang-Bafoussam,19:00,2026-10-08
GEN-031,Premium 30,30,Ouest - Douala,Bafoussam-Bafang-Douala,19:00,2026-10-08
GEN-012,VIP 50,50,Douala - Yaoundé,Douala-Edea-Yaoundé,19:15,2026-10-08
GEN-004,Classique 70,70,Yaoundé - Douala,Yaoundé-Edea-Douala,19:15,2026-10-08
GEN-013,Premium 30,30,Douala - Yaoundé,Douala-Edea-Yaoundé,19:30,2026-10-08
GEN-005,Classique 70,70,Yaoundé - Douala,Yaoundé-Edea-Douala,19:30,2026-10-08
GEN-024,Premium 30,30,Douala - Ouest,Douala-Bafang-Bafoussam,19:30,2026-10-08
GEN-032,VIP 50,50,Ouest - Douala,Bafoussam-Bafang-Douala,19:30,2026-10-08
GEN-014,Classique 70,70,Douala - Yaoundé,Douala-Edea-Yaoundé,19:45,2026-10-08
GEN-006,Classique 70,70,Yaoundé - Douala,Yaoundé-Edea-Douala,19:45,2026-10-08
GEN-015,VIP 50,50,Douala - Yaoundé,Douala-Edea-Yaoundé,20:00,2026-10-08
GEN-007,Classique 70,70,Yaoundé - Douala,Yaoundé-Edea-Douala,20:00,2026-10-08
GEN-016,VIP 50,50,Douala - Yaoundé,Douala-Edea-Yaoundé,20:15,2026-10-08
GEN-008,VIP 50,50,Yaoundé - Douala,Yaoundé-Edea-Douala,20:15,2026-10-08
GEN-001,VIP 50,50,Douala - Yaoundé,Douala-Edea-Yaoundé,05:00,2026-10-09
GEN-009,Classique 70,70,Yaoundé - Douala,Yaoundé-Edea-Douala,05:00,2026-10-09
GEN-025,VIP 50,50,Douala - Ouest,Douala-Bafang-Bafoussam,05:00,2026-10-09
GEN-017,VIP 50,50,Ouest - Douala,Bafoussam-Bafang-Douala,05:00,2026-10-09
GEN-002,Classique 70,70,Douala - Yaoundé,Douala-Edea-Yaoundé,05:15,2026-10-09
GEN-010,Premium 30,30,Yaoundé - Douala,Yaoundé-Edea-Douala,05:15,2026-10-09
GEN-003,VIP 50,50,Douala - Yaoundé,Douala-Edea-Yaoundé,05:30,2026-10-09
GEN-011,Classique 70,70,Yaoundé - Douala,Yaoundé-Edea-Douala,05:30,2026-10-09
GEN-026,VIP 50,50,Douala - Ouest,Douala-Bafang-Bafoussam,05:30,2026-10-09
GEN-018,Premium 30,30,Ouest - Douala,Bafoussam-Bafang-Douala,05:30,2026-10-09
GEN-004,Classique 70,70,Douala - Yaoundé,Douala-Edea-Yaoundé,05:45,2026-10-09
GEN-012,VIP 50,50,Yaoundé - Douala,Yaoundé-Edea-Douala,05:45,2026-10-09
GEN-005,Classique 70,70,Douala - Yaoundé,Douala-Edea-Yaoundé,06:00,2026-10-09
GEN-013,Premium 30,30,Yaoundé - Douala,Yaoundé-Edea-Douala,06:00,2026-10-09
GEN-027,Classique 70,70,Douala - Ouest,Douala-Bafang-Bafoussam,06:00,2026-10-09
GEN-019,Classique 70,70,Ouest - Douala,Bafoussam-Bafang-Douala,06:00,2026-10-09
GEN-006,Classique 70,70,Douala - Yaoundé,Douala-Edea-Yaoundé,06:15,2026-10-09
GEN-014,Classique 70,70,Yaoundé - Douala,Yaoundé-Edea-Douala,06:15,2026-10-09
GEN-007,Classique 70,70,Douala - Yaoundé,Douala-Edea-Yaoundé,06:30,2026-10-09
GEN-015,VIP 50,50,Yaoundé - Douala,Yaoundé-Edea-Douala,06:30,2026-10-09
GEN-028,Premium 30,30,Douala - Ouest,Douala-Bafang-Bafoussam,06:30,2026-10-09
GEN-020,Premium 30,30,Ouest - Douala,Bafoussam-Bafang-Douala,06:30,2026-10-09
GEN-008,VIP 50,50,Douala - Yaoundé,Douala-Edea-Yaoundé,06:45,2026-10-09
GEN-016,VIP 50,50,Yaoundé - Douala,Yaoundé-Edea-Douala,06:45,2026-10-09
GEN-029,Classique 70,70,Douala - Ouest,Douala-Bafang-Bafoussam,07:00,2026-10-09
GEN-021,Classique 70,70,Ouest - Douala,Bafoussam-Bafang-Douala,07:00,2026-10-09
GEN-030,VIP 50,50,Douala - Ouest,Douala-Bafang-Bafoussam,07:30,2026-10-09
GEN-022,VIP 50,50,Ouest - Douala,Bafoussam-Bafang-Douala,07:30,2026-10-09
GEN-031,Premium 30,30,Douala - Ouest,Douala-Bafang-Bafoussam,08:00,2026-10-09
GEN-023,Classique 70,70,Ouest - Douala,Bafoussam-Bafang-Douala,08:00,2026-10-09
GEN-032,VIP 50,50,Douala - Ouest,Douala-Bafang-Bafoussam,08:30,2026-10-09
GEN-024,Premium 30,30,Ouest - Douala,Bafoussam-Bafang-Douala,08:30,2026-10-09
GEN-009,Classique 70,70,Douala - Yaoundé,Douala-Edea-Yaoundé,09:30,2026-10-09
GEN-001,VIP 50,50,Yaoundé - Douala,Yaoundé-Edea-Douala,09:30,2026-10-09
GEN-010,Premium 30,30,Douala - Yaoundé,Douala-Edea-Yaoundé,09:45,2026-10-09
GEN-002,Classique 70,70,Yaoundé - Douala,Yaoundé-Edea-Douala,09:45,2026-10-09
GEN-011,Classique 70,70,Douala - Yaoundé,Douala-Edea-Yaoundé,10:00,2026-10-09
GEN-003,VIP 50,50,Yaoundé - Douala,Yaoundé-Edea-Douala,10:00,2026-10-09
GEN-012,VIP 50,50,Douala - Yaoundé,Douala-Edea-Yaoundé,10:15,2026-10-09
GEN-004,Classique 70,70,Yaoundé - Douala,Yaoundé-Edea-Douala,10:15,2026-10-09
GEN-013,Premium 30,30,Douala - Yaoundé,Douala-Edea-Yaoundé,10:30,2026-10-09
GEN-005,Classique 70,70,Yaoundé - Douala,Yaoundé-Edea-Douala,10:30,2026-10-09
GEN-017,VIP 50,50,Douala - Ouest,Douala-Bafang-Bafoussam,10:30,2026-10-09
GEN-025,VIP 50,50,Ouest - Douala,Bafoussam-Bafang-Douala,10:30,2026-10-09
GEN-014,Classique 70,70,Douala - Yaoundé,Douala-Edea-Yaoundé,10:45,2026-10-09
GEN-006,Classique 70,70,Yaoundé - Douala,Yaoundé-Edea-Douala,10:45,2026-10-09
GEN-015,VIP 50,50,Douala - Yaoundé,Douala-Edea-Yaoundé,11:00,2026-10-09
GEN-007,Classique 70,70,Yaoundé - Douala,Yaoundé-Edea-Douala,11:00,2026-10-09
GEN-018,Premium 30,30,Douala - Ouest,Douala-Bafang-Bafoussam,11:00,2026-10-09
GEN-026,VIP 50,50,Ouest - Douala,Bafoussam-Bafang-Douala,11:00,2026-10-09
GEN-016,VIP 50,50,Douala - Yaoundé,Douala-Edea-Yaoundé,11:15,2026-10-09
GEN-008,VIP 50,50,Yaoundé - Douala,Yaoundé-Edea-Douala,11:15,2026-10-09
GEN-019,Classique 70,70,Douala - Ouest,Douala-Bafang-Bafoussam,11:30,2026-10-09
GEN-027,Classique 70,70,Ouest - Douala,Bafoussam-Bafang-Douala,11:30,2026-10-09
GEN-020,Premium 30,30,Douala - Ouest,Douala-Bafang-Bafoussam,12:00,2026-10-09
GEN-028,Premium 30,30,Ouest - Douala,Bafoussam-Bafang-Douala,12:00,2026-10-09
GEN-021,Classique 70,70,Douala - Ouest,Douala-Bafang-Bafoussam,12:30,2026-10-09
GEN-029,Classique 70,70,Ouest - Douala,Bafoussam-Bafang-Douala,12:30,2026-10-09
GEN-022,VIP 50,50,Douala - Ouest,Douala-Bafang-Bafoussam,13:00,2026-10-09
GEN-030,VIP 50,50,Ouest - Douala,Bafoussam-Bafang-Douala,13:00,2026-10-09
GEN-023,Classique 70,70,Douala - Ouest,Douala-Bafang-Bafoussam,13:30,2026-10-09
GEN-031,Premium 30,30,Ouest - Douala,Bafoussam-Bafang-Douala,13:30,2026-10-09
GEN-001,VIP 50,50,Douala - Yaoundé,Douala-Edea-Yaoundé,14:00,2026-10-09
GEN-009,Classique 70,70,Yaoundé - Douala,Yaoundé-Edea-Douala,14:00,2026-10-09
GEN-024,Premium 30,30,Douala - Ouest,Douala-Bafang-Bafoussam,14:00,2026-10-09
GEN-032,VIP 50,50,Ouest - Douala,Bafoussam-Bafang-Douala,14:00,2026-10-09
GEN-002,Classique 70,70,Douala - Yaoundé,Douala-Edea-Yaoundé,14:15,2026-10-09
GEN-010,Premium 30,30,Yaoundé - Douala,Yaoundé-Edea-Douala,14:15,2026-10-09
GEN-003,VIP 50,50,Douala - Yaoundé,Douala-Edea-Yaoundé,14:30,2026-10-09
GEN-011,Classique 70,70,Yaoundé - Douala,Yaoundé-Edea-Douala,14:30,2026-10-09
GEN-004,Classique 70,70,Douala - Yaoundé,Douala-Edea-Yaoundé,14:45,2026-10-09
GEN-012,VIP 50,50,Yaoundé - Douala,Yaoundé-Edea-Douala,14:45,2026-10-09
GEN-005,Classique 70,70,Douala - Yaoundé,Douala-Edea-Yaoundé,15:00,2026-10-09
GEN-013,Premium 30,30,Yaoundé - Douala,Yaoundé-Edea-Douala,15:00,2026-10-09
GEN-006,Classique 70,70,Douala - Yaoundé,Douala-Edea-Yaoundé,15:15,2026-10-09
GEN-014,Classique 70,70,Yaoundé - Douala,Yaoundé-Edea-Douala,15:15,2026-10-09
GEN-007,Classique 70,70,Douala - Yaoundé,Douala-Edea-Yaoundé,15:30,2026-10-09
GEN-015,VIP 50,50,Yaoundé - Douala,Yaoundé-Edea-Douala,15:30,2026-10-09
GEN-008,VIP 50,50,Douala - Yaoundé,Douala-Edea-Yaoundé,15:45,2026-10-09
GEN-016,VIP 50,50,Yaoundé - Douala,Yaoundé-Edea-Douala,15:45,2026-10-09
GEN-025,VIP 50,50,Douala - Ouest,Douala-Bafang-Bafoussam,16:00,2026-10-09
GEN-017,VIP 50,50,Ouest - Douala,Bafoussam-Bafang-Douala,16:00,2026-10-09
GEN-026,VIP 50,50,Douala - Ouest,Douala-Bafang-Bafoussam,16:30,2026-10-09
GEN-018,Premium 30,30,Ouest - Douala,Bafoussam-Bafang-Douala,16:30,2026-10-09
GEN-027,Classique 70,70,Douala - Ouest,Douala-Bafang-Bafoussam,17:00,2026-10-09
GEN-019,Classique 70,70,Ouest - Douala,Bafoussam-Bafang-Douala,17:00,2026-10-09
GEN-028,Premium 30,30,Douala - Ouest,Douala-Bafang-Bafoussam,17:30,2026-10-09
GEN-020,Premium 30,30,Ouest - Douala,Bafoussam-Bafang-Douala,17:30,2026-10-09
GEN-029,Classique 70,70,Douala - Ouest,Douala-Bafang-Bafoussam,18:00,2026-10-09
GEN-021,Classique 70,70,Ouest - Douala,Bafoussam-Bafang-Douala,18:00,2026-10-09
GEN-009,Classique 70,70,Douala - Yaoundé,Douala-Edea-Yaoundé,18:30,2026-10-09
GEN-001,VIP 50,50,Yaoundé - Douala,Yaoundé-Edea-Douala,18:30,2026-10-09
GEN-030,VIP 50,50,Douala - Ouest,Douala-Bafang-Bafoussam,18:30,2026-10-09
GEN-022,VIP 50,50,Ouest - Douala,Bafoussam-Bafang-Douala,18:30,2026-10-09
GEN-010,Premium 30,30,Douala - Yaoundé,Douala-Edea-Yaoundé,18:45,2026-10-09
GEN-002,Classique 70,70,Yaoundé - Douala,Yaoundé-Edea-Douala,18:45,2026-10-09
GEN-011,Classique 70,70,Douala - Yaoundé,Douala-Edea-Yaoundé,19:00,2026-10-09
GEN-003,VIP 50,50,Yaoundé - Douala,Yaoundé-Edea-Douala,19:00,2026-10-09
GEN-031,Premium 30,30,Douala - Ouest,Douala-Bafang-Bafoussam,19:00,2026-10-09
GEN-023,Classique 70,70,Ouest - Douala,Bafoussam-Bafang-Douala,19:00,2026-10-09
GEN-012,VIP 50,50,Douala - Yaoundé,Douala-Edea-Yaoundé,19:15,2026-10-09
GEN-004,Classique 70,70,Yaoundé - Douala,Yaoundé-Edea-Douala,19:15,2026-10-09
GEN-013,Premium 30,30,Douala - Yaoundé,Douala-Edea-Yaoundé,19:30,2026-10-09
GEN-005,Classique 70,70,Yaoundé - Douala,Yaoundé-Edea-Douala,19:30,2026-10-09
GEN-032,VIP 50,50,Douala - Ouest,Douala-Bafang-Bafoussam,19:30,2026-10-09
GEN-024,Premium 30,30,Ouest - Douala,Bafoussam-Bafang-Douala,19:30,2026-10-09
GEN-014,Classique 70,70,Douala - Yaoundé,Douala-Edea-Yaoundé,19:45,2026-10-09
GEN-006,Classique 70,70,Yaoundé - Douala,Yaoundé-Edea-Douala,19:45,2026-10-09
GEN-015,VIP 50,50,Douala - Yaoundé,Douala-Edea-Yaoundé,20:00,2026-10-09
GEN-007,Classique 70,70,Yaoundé - Douala,Yaoundé-Edea-Douala,20:00,2026-10-09
GEN-016,VIP 50,50,Douala - Yaoundé,Douala-Edea-Yaoundé,20:15,2026-10-09
GEN-008,VIP 50,50,Yaoundé - Douala,Yaoundé-Edea-Douala,20:15,2026-10-09
GEN-001,VIP 50,50,Douala - Yaoundé,Douala-Edea-Yaoundé,05:00,2026-10-10
GEN-009,Classique 70,70,Yaoundé - Douala,Yaoundé-Edea-Douala,05:00,2026-10-10
GEN-017,VIP 50,50,Douala - Ouest,Douala-Bafang-Bafoussam,05:00,2026-10-10
GEN-025,VIP 50,50,Ouest - Douala,Bafoussam-Bafang-Douala,05:00,2026-10-10
GEN-002,Classique 70,70,Douala - Yaoundé,Douala-Edea-Yaoundé,05:15,2026-10-10
GEN-010,Premium 30,30,Yaoundé - Douala,Yaoundé-Edea-Douala,05:15,2026-10-10
GEN-003,VIP 50,50,Douala - Yaoundé,Douala-Edea-Yaoundé,05:30,2026-10-10
GEN-011,Classique 70,70,Yaoundé - Douala,Yaoundé-Edea-Douala,05:30,2026-10-10
GEN-018,Premium 30,30,Douala - Ouest,Douala-Bafang-Bafoussam,05:30,2026-10-10
GEN-026,VIP 50,50,Ouest - Douala,Bafoussam-Bafang-Douala,05:30,2026-10-10
GEN-004,Classique 70,70,Douala - Yaoundé,Douala-Edea-Yaoundé,05:45,2026-10-10
GEN-012,VIP 50,50,Yaoundé - Douala,Yaoundé-Edea-Douala,05:45,2026-10-10
GEN-005,Classique 70,70,Douala - Yaoundé,Douala-Edea-Yaoundé,06:00,2026-10-10
GEN-013,Premium 30,30,Yaoundé - Douala,Yaoundé-Edea-Douala,06:00,2026-10-10
GEN-019,Classique 70,70,Douala - Ouest,Douala-Bafang-Bafoussam,06:00,2026-10-10
GEN-027,Classique 70,70,Ouest - Douala,Bafoussam-Bafang-Douala,06:00,2026-10-10
GEN-006,Classique 70,70,Douala - Yaoundé,Douala-Edea-Yaoundé,06:15,2026-10-10
GEN-014,Classique 70,70,Yaoundé - Douala,Yaoundé-Edea-Douala,06:15,2026-10-10
GEN-007,Classique 70,70,Douala - Yaoundé,Douala-Edea-Yaoundé,06:30,2026-10-10
GEN-015,VIP 50,50,Yaoundé - Douala,Yaoundé-Edea-Douala,06:30,2026-10-10
GEN-020,Premium 30,30,Douala - Ouest,Douala-Bafang-Bafoussam,06:30,2026-10-10
GEN-028,Premium 30,30,Ouest - Douala,Bafoussam-Bafang-Douala,06:30,2026-10-10
GEN-008,VIP 50,50,Douala - Yaoundé,Douala-Edea-Yaoundé,06:45,2026-10-10
GEN-016,VIP 50,50,Yaoundé - Douala,Yaoundé-Edea-Douala,06:45,2026-10-10
GEN-021,Classique 70,70,Douala - Ouest,Douala-Bafang-Bafoussam,07:00,2026-10-10
GEN-029,Classique 70,70,Ouest - Douala,Bafoussam-Bafang-Douala,07:00,2026-10-10
GEN-022,VIP 50,50,Douala - Ouest,Douala-Bafang-Bafoussam,07:30,2026-10-10
GEN-030,VIP 50,50,Ouest - Douala,Bafoussam-Bafang-Douala,07:30,2026-10-10
GEN-023,Classique 70,70,Douala - Ouest,Douala-Bafang-Bafoussam,08:00,2026-10-10
GEN-031,Premium 30,30,Ouest - Douala,Bafoussam-Bafang-Douala,08:00,2026-10-10
GEN-024,Premium 30,30,Douala - Ouest,Douala-Bafang-Bafoussam,08:30,2026-10-10
GEN-032,VIP 50,50,Ouest - Douala,Bafoussam-Bafang-Douala,08:30,2026-10-10
GEN-009,Classique 70,70,Douala - Yaoundé,Douala-Edea-Yaoundé,09:30,2026-10-10
GEN-001,VIP 50,50,Yaoundé - Douala,Yaoundé-Edea-Douala,09:30,2026-10-10
GEN-010,Premium 30,30,Douala - Yaoundé,Douala-Edea-Yaoundé,09:45,2026-10-10
GEN-002,Classique 70,70,Yaoundé - Douala,Yaoundé-Edea-Douala,09:45,2026-10-10
GEN-011,Classique 70,70,Douala - Yaoundé,Douala-Edea-Yaoundé,10:00,2026-10-10
GEN-003,VIP 50,50,Yaoundé - Douala,Yaoundé-Edea-Douala,10:00,2026-10-10
GEN-012,VIP 50,50,Douala - Yaoundé,Douala-Edea-Yaoundé,10:15,2026-10-10
GEN-004,Classique 70,70,Yaoundé - Douala,Yaoundé-Edea-Douala,10:15,2026-10-10
GEN-013,Premium 30,30,Douala - Yaoundé,Douala-Edea-Yaoundé,10:30,2026-10-10
GEN-005,Classique 70,70,Yaoundé - Douala,Yaoundé-Edea-Douala,10:30,2026-10-10
GEN-025,VIP 50,50,Douala - Ouest,Douala-Bafang-Bafoussam,10:30,2026-10-10
GEN-017,VIP 50,50,Ouest - Douala,Bafoussam-Bafang-Douala,10:30,2026-10-10
GEN-014,Classique 70,70,Douala - Yaoundé,Douala-Edea-Yaoundé,10:45,2026-10-10
GEN-006,Classique 70,70,Yaoundé - Douala,Yaoundé-Edea-Douala,10:45,2026-10-10
GEN-015,VIP 50,50,Douala - Yaoundé,Douala-Edea-Yaoundé,11:00,2026-10-10
GEN-007,Classique 70,70,Yaoundé - Douala,Yaoundé-Edea-Douala,11:00,2026-10-10
GEN-026,VIP 50,50,Douala - Ouest,Douala-Bafang-Bafoussam,11:00,2026-10-10
GEN-018,Premium 30,30,Ouest - Douala,Bafoussam-Bafang-Douala,11:00,2026-10-10
GEN-016,VIP 50,50,Douala - Yaoundé,Douala-Edea-Yaoundé,11:15,2026-10-10
GEN-008,VIP 50,50,Yaoundé - Douala,Yaoundé-Edea-Douala,11:15,2026-10-10
GEN-027,Classique 70,70,Douala - Ouest,Douala-Bafang-Bafoussam,11:30,2026-10-10
GEN-019,Classique 70,70,Ouest - Douala,Bafoussam-Bafang-Douala,11:30,2026-10-10
GEN-028,Premium 30,30,Douala - Ouest,Douala-Bafang-Bafoussam,12:00,2026-10-10
GEN-020,Premium 30,30,Ouest - Douala,Bafoussam-Bafang-Douala,12:00,2026-10-10
GEN-029,Classique 70,70,Douala - Ouest,Douala-Bafang-Bafoussam,12:30,2026-10-10
GEN-021,Classique 70,70,Ouest - Douala,Bafoussam-Bafang-Douala,12:30,2026-10-10
GEN-030,VIP 50,50,Douala - Ouest,Douala-Bafang-Bafoussam,13:00,2026-10-10
GEN-022,VIP 50,50,Ouest - Douala,Bafoussam-Bafang-Douala,13:00,2026-10-10
GEN-031,Premium 30,30,Douala - Ouest,Douala-Bafang-Bafoussam,13:30,2026-10-10
GEN-023,Classique 70,70,Ouest - Douala,Bafoussam-Bafang-Douala,13:30,2026-10-10
GEN-001,VIP 50,50,Douala - Yaoundé,Douala-Edea-Yaoundé,14:00,2026-10-10
GEN-009,Classique 70,70,Yaoundé - Douala,Yaoundé-Edea-Douala,14:00,2026-10-10
GEN-032,VIP 50,50,Douala - Ouest,Douala-Bafang-Bafoussam,14:00,2026-10-10
GEN-024,Premium 30,30,Ouest - Douala,Bafoussam-Bafang-Douala,14:00,2026-10-10
GEN-002,Classique 70,70,Douala - Yaoundé,Douala-Edea-Yaoundé,14:15,2026-10-10
GEN-010,Premium 30,30,Yaoundé - Douala,Yaoundé-Edea-Douala,14:15,2026-10-10
GEN-003,VIP 50,50,Douala - Yaoundé,Douala-Edea-Yaoundé,14:30,2026-10-10
GEN-011,Classique 70,70,Yaoundé - Douala,Yaoundé-Edea-Douala,14:30,2026-10-10
GEN-004,Classique 70,70,Douala - Yaoundé,Douala-Edea-Yaoundé,14:45,2026-10-10
GEN-012,VIP 50,50,Yaoundé - Douala,Yaoundé-Edea-Douala,14:45,2026-10-10
GEN-005,Classique 70,70,Douala - Yaoundé,Douala-Edea-Yaoundé,15:00,2026-10-10
GEN-013,Premium 30,30,Yaoundé - Douala,Yaoundé-Edea-Douala,15:00,2026-10-10
GEN-006,Classique 70,70,Douala - Yaoundé,Douala-Edea-Yaoundé,15:15,2026-10-10
GEN-014,Classique 70,70,Yaoundé - Douala,Yaoundé-Edea-Douala,15:15,2026-10-10
GEN-007,Classique 70,70,Douala - Yaoundé,Douala-Edea-Yaoundé,15:30,2026-10-10
GEN-015,VIP 50,50,Yaoundé - Douala,Yaoundé-Edea-Douala,15:30,2026-10-10
GEN-008,VIP 50,50,Douala - Yaoundé,Douala-Edea-Yaoundé,15:45,2026-10-10
GEN-016,VIP 50,50,Yaoundé - Douala,Yaoundé-Edea-Douala,15:45,2026-10-10
GEN-017,VIP 50,50,Douala - Ouest,Douala-Bafang-Bafoussam,16:00,2026-10-10
GEN-025,VIP 50,50,Ouest - Douala,Bafoussam-Bafang-Douala,16:00,2026-10-10
GEN-018,Premium 30,30,Douala - Ouest,Douala-Bafang-Bafoussam,16:30,2026-10-10
GEN-026,VIP 50,50,Ouest - Douala,Bafoussam-Bafang-Douala,16:30,2026-10-10
GEN-019,Classique 70,70,Douala - Ouest,Douala-Bafang-Bafoussam,17:00,2026-10-10
GEN-027,Classique 70,70,Ouest - Douala,Bafoussam-Bafang-Douala,17:00,2026-10-10
GEN-020,Premium 30,30,Douala - Ouest,Douala-Bafang-Bafoussam,17:30,2026-10-10
GEN-028,Premium 30,30,Ouest - Douala,Bafoussam-Bafang-Douala,17:30,2026-10-10
GEN-021,Classique 70,70,Douala - Ouest,Douala-Bafang-Bafoussam,18:00,2026-10-10
GEN-029,Classique 70,70,Ouest - Douala,Bafoussam-Bafang-Douala,18:00,2026-10-10
GEN-009,Classique 70,70,Douala - Yaoundé,Douala-Edea-Yaoundé,18:30,2026-10-10
GEN-001,VIP 50,50,Yaoundé - Douala,Yaoundé-Edea-Douala,18:30,2026-10-10
GEN-022,VIP 50,50,Douala - Ouest,Douala-Bafang-Bafoussam,18:30,2026-10-10
GEN-030,VIP 50,50,Ouest - Douala,Bafoussam-Bafang-Douala,18:30,2026-10-10
GEN-010,Premium 30,30,Douala - Yaoundé,Douala-Edea-Yaoundé,18:45,2026-10-10
GEN-002,Classique 70,70,Yaoundé - Douala,Yaoundé-Edea-Douala,18:45,2026-10-10
GEN-011,Classique 70,70,Douala - Yaoundé,Douala-Edea-Yaoundé,19:00,2026-10-10
GEN-003,VIP 50,50,Yaoundé - Douala,Yaoundé-Edea-Douala,19:00,2026-10-10
GEN-023,Classique 70,70,Douala - Ouest,Douala-Bafang-Bafoussam,19:00,2026-10-10
GEN-031,Premium 30,30,Ouest - Douala,Bafoussam-Bafang-Douala,19:00,2026-10-10
GEN-012,VIP 50,50,Douala - Yaoundé,Douala-Edea-Yaoundé,19:15,2026-10-10
GEN-004,Classique 70,70,Yaoundé - Douala,Yaoundé-Edea-Douala,19:15,2026-10-10
GEN-013,Premium 30,30,Douala - Yaoundé,Douala-Edea-Yaoundé,19:30,2026-10-10
GEN-005,Classique 70,70,Yaoundé - Douala,Yaoundé-Edea-Douala,19:30,2026-10-10
GEN-024,Premium 30,30,Douala - Ouest,Douala-Bafang-Bafoussam,19:30,2026-10-10
GEN-032,VIP 50,50,Ouest - Douala,Bafoussam-Bafang-Douala,19:30,2026-10-10
GEN-014,Classique 70,70,Douala - Yaoundé,Douala-Edea-Yaoundé,19:45,2026-10-10
GEN-006,Classique 70,70,Yaoundé - Douala,Yaoundé-Edea-Douala,19:45,2026-10-10
GEN-015,VIP 50,50,Douala - Yaoundé,Douala-Edea-Yaoundé,20:00,2026-10-10
GEN-007,Classique 70,70,Yaoundé - Douala,Yaoundé-Edea-Douala,20:00,2026-10-10
GEN-016,VIP 50,50,Douala - Yaoundé,Douala-Edea-Yaoundé,20:15,2026-10-10
GEN-008,VIP 50,50,Yaoundé - Douala,Yaoundé-Edea-Douala,20:15,2026-10-10
GEN-001,VIP 50,50,Douala - Yaoundé,Douala-Edea-Yaoundé,05:00,2026-10-11
GEN-009,Classique 70,70,Yaoundé - Douala,Yaoundé-Edea-Douala,05:00,2026-10-11
GEN-025,VIP 50,50,Douala - Ouest,Douala-Bafang-Bafoussam,05:00,2026-10-11
GEN-017,VIP 50,50,Ouest - Douala,Bafoussam-Bafang-Douala,05:00,2026-10-11
GEN-002,Classique 70,70,Douala - Yaoundé,Douala-Edea-Yaoundé,05:15,2026-10-11
GEN-010,Premium 30,30,Yaoundé - Douala,Yaoundé-Edea-Douala,05:15,2026-10-11
GEN-003,VIP 50,50,Douala - Yaoundé,Douala-Edea-Yaoundé,05:30,2026-10-11
GEN-011,Classique 70,70,Yaoundé - Douala,Yaoundé-Edea-Douala,05:30,2026-10-11
GEN-026,VIP 50,50,Douala - Ouest,Douala-Bafang-Bafoussam,05:30,2026-10-11
GEN-018,Premium 30,30,Ouest - Douala,Bafoussam-Bafang-Douala,05:30,2026-10-11
GEN-004,Classique 70,70,Douala - Yaoundé,Douala-Edea-Yaoundé,05:45,2026-10-11
GEN-012,VIP 50,50,Yaoundé - Douala,Yaoundé-Edea-Douala,05:45,2026-10-11
GEN-005,Classique 70,70,Douala - Yaoundé,Douala-Edea-Yaoundé,06:00,2026-10-11
GEN-013,Premium 30,30,Yaoundé - Douala,Yaoundé-Edea-Douala,06:00,2026-10-11
GEN-027,Classique 70,70,Douala - Ouest,Douala-Bafang-Bafoussam,06:00,2026-10-11
GEN-019,Classique 70,70,Ouest - Douala,Bafoussam-Bafang-Douala,06:00,2026-10-11
GEN-006,Classique 70,70,Douala - Yaoundé,Douala-Edea-Yaoundé,06:15,2026-10-11
GEN-014,Classique 70,70,Yaoundé - Douala,Yaoundé-Edea-Douala,06:15,2026-10-11
GEN-007,Classique 70,70,Douala - Yaoundé,Douala-Edea-Yaoundé,06:30,2026-10-11
GEN-015,VIP 50,50,Yaoundé - Douala,Yaoundé-Edea-Douala,06:30,2026-10-11
GEN-028,Premium 30,30,Douala - Ouest,Douala-Bafang-Bafoussam,06:30,2026-10-11
GEN-020,Premium 30,30,Ouest - Douala,Bafoussam-Bafang-Douala,06:30,2026-10-11
GEN-008,VIP 50,50,Douala - Yaoundé,Douala-Edea-Yaoundé,06:45,2026-10-11
GEN-016,VIP 50,50,Yaoundé - Douala,Yaoundé-Edea-Douala,06:45,2026-10-11
GEN-029,Classique 70,70,Douala - Ouest,Douala-Bafang-Bafoussam,07:00,2026-10-11
GEN-021,Classique 70,70,Ouest - Douala,Bafoussam-Bafang-Douala,07:00,2026-10-11
GEN-030,VIP 50,50,Douala - Ouest,Douala-Bafang-Bafoussam,07:30,2026-10-11
GEN-022,VIP 50,50,Ouest - Douala,Bafoussam-Bafang-Douala,07:30,2026-10-11
GEN-031,Premium 30,30,Douala - Ouest,Douala-Bafang-Bafoussam,08:00,2026-10-11
GEN-023,Classique 70,70,Ouest - Douala,Bafoussam-Bafang-Douala,08:00,2026-10-11
GEN-032,VIP 50,50,Douala - Ouest,Douala-Bafang-Bafoussam,08:30,2026-10-11
GEN-024,Premium 30,30,Ouest - Douala,Bafoussam-Bafang-Douala,08:30,2026-10-11
GEN-009,Classique 70,70,Douala - Yaoundé,Douala-Edea-Yaoundé,09:30,2026-10-11
GEN-001,VIP 50,50,Yaoundé - Douala,Yaoundé-Edea-Douala,09:30,2026-10-11
GEN-010,Premium 30,30,Douala - Yaoundé,Douala-Edea-Yaoundé,09:45,2026-10-11
GEN-002,Classique 70,70,Yaoundé - Douala,Yaoundé-Edea-Douala,09:45,2026-10-11
GEN-011,Classique 70,70,Douala - Yaoundé,Douala-Edea-Yaoundé,10:00,2026-10-11
GEN-003,VIP 50,50,Yaoundé - Douala,Yaoundé-Edea-Douala,10:00,2026-10-11
GEN-012,VIP 50,50,Douala - Yaoundé,Douala-Edea-Yaoundé,10:15,2026-10-11
GEN-004,Classique 70,70,Yaoundé - Douala,Yaoundé-Edea-Douala,10:15,2026-10-11
GEN-013,Premium 30,30,Douala - Yaoundé,Douala-Edea-Yaoundé,10:30,2026-10-11
GEN-005,Classique 70,70,Yaoundé - Douala,Yaoundé-Edea-Douala,10:30,2026-10-11
GEN-017,VIP 50,50,Douala - Ouest,Douala-Bafang-Bafoussam,10:30,2026-10-11
GEN-025,VIP 50,50,Ouest - Douala,Bafoussam-Bafang-Douala,10:30,2026-10-11
GEN-014,Classique 70,70,Douala - Yaoundé,Douala-Edea-Yaoundé,10:45,2026-10-11
GEN-006,Classique 70,70,Yaoundé - Douala,Yaoundé-Edea-Douala,10:45,2026-10-11
GEN-015,VIP 50,50,Douala - Yaoundé,Douala-Edea-Yaoundé,11:00,2026-10-11
GEN-007,Classique 70,70,Yaoundé - Douala,Yaoundé-Edea-Douala,11:00,2026-10-11
GEN-018,Premium 30,30,Douala - Ouest,Douala-Bafang-Bafoussam,11:00,2026-10-11
GEN-026,VIP 50,50,Ouest - Douala,Bafoussam-Bafang-Douala,11:00,2026-10-11
GEN-016,VIP 50,50,Douala - Yaoundé,Douala-Edea-Yaoundé,11:15,2026-10-11
GEN-008,VIP 50,50,Yaoundé - Douala,Yaoundé-Edea-Douala,11:15,2026-10-11
GEN-019,Classique 70,70,Douala - Ouest,Douala-Bafang-Bafoussam,11:30,2026-10-11
GEN-027,Classique 70,70,Ouest - Douala,Bafoussam-Bafang-Douala,11:30,2026-10-11
GEN-020,Premium 30,30,Douala - Ouest,Douala-Bafang-Bafoussam,12:00,2026-10-11
GEN-028,Premium 30,30,Ouest - Douala,Bafoussam-Bafang-Douala,12:00,2026-10-11
GEN-021,Classique 70,70,Douala - Ouest,Douala-Bafang-Bafoussam,12:30,2026-10-11
GEN-029,Classique 70,70,Ouest - Douala,Bafoussam-Bafang-Douala,12:30,2026-10-11
GEN-022,VIP 50,50,Douala - Ouest,Douala-Bafang-Bafoussam,13:00,2026-10-11
GEN-030,VIP 50,50,Ouest - Douala,Bafoussam-Bafang-Douala,13:00,2026-10-11
GEN-023,Classique 70,70,Douala - Ouest,Douala-Bafang-Bafoussam,13:30,2026-10-11
GEN-031,Premium 30,30,Ouest - Douala,Bafoussam-Bafang-Douala,13:30,2026-10-11
GEN-001,VIP 50,50,Douala - Yaoundé,Douala-Edea-Yaoundé,14:00,2026-10-11
GEN-009,Classique 70,70,Yaoundé - Douala,Yaoundé-Edea-Douala,14:00,2026-10-11
GEN-024,Premium 30,30,Douala - Ouest,Douala-Bafang-Bafoussam,14:00,2026-10-11
GEN-032,VIP 50,50,Ouest - Douala,Bafoussam-Bafang-Douala,14:00,2026-10-11
GEN-002,Classique 70,70,Douala - Yaoundé,Douala-Edea-Yaoundé,14:15,2026-10-11
GEN-010,Premium 30,30,Yaoundé - Douala,Yaoundé-Edea-Douala,14:15,2026-10-11
GEN-003,VIP 50,50,Douala - Yaoundé,Douala-Edea-Yaoundé,14:30,2026-10-11
GEN-011,Classique 70,70,Yaoundé - Douala,Yaoundé-Edea-Douala,14:30,2026-10-11
GEN-004,Classique 70,70,Douala - Yaoundé,Douala-Edea-Yaoundé,14:45,2026-10-11
GEN-012,VIP 50,50,Yaoundé - Douala,Yaoundé-Edea-Douala,14:45,2026-10-11
GEN-005,Classique 70,70,Douala - Yaoundé,Douala-Edea-Yaoundé,15:00,2026-10-11
GEN-013,Premium 30,30,Yaoundé - Douala,Yaoundé-Edea-Douala,15:00,2026-10-11
GEN-006,Classique 70,70,Douala - Yaoundé,Douala-Edea-Yaoundé,15:15,2026-10-11
GEN-014,Classique 70,70,Yaoundé - Douala,Yaoundé-Edea-Douala,15:15,2026-10-11
GEN-007,Classique 70,70,Douala - Yaoundé,Douala-Edea-Yaoundé,15:30,2026-10-11
GEN-015,VIP 50,50,Yaoundé - Douala,Yaoundé-Edea-Douala,15:30,2026-10-11
GEN-008,VIP 50,50,Douala - Yaoundé,Douala-Edea-Yaoundé,15:45,2026-10-11
GEN-016,VIP 50,50,Yaoundé - Douala,Yaoundé-Edea-Douala,15:45,2026-10-11
GEN-025,VIP 50,50,Douala - Ouest,Douala-Bafang-Bafoussam,16:00,2026-10-11
GEN-017,VIP 50,50,Ouest - Douala,Bafoussam-Bafang-Douala,16:00,2026-10-11
GEN-026,VIP 50,50,Douala - Ouest,Douala-Bafang-Bafoussam,16:30,2026-10-11
GEN-018,Premium 30,30,Ouest - Douala,Bafoussam-Bafang-Douala,16:30,2026-10-11
GEN-027,Classique 70,70,Douala - Ouest,Douala-Bafang-Bafoussam,17:00,2026-10-11
GEN-019,Classique 70,70,Ouest - Douala,Bafoussam-Bafang-Douala,17:00,2026-10-11
GEN-028,Premium 30,30,Douala - Ouest,Douala-Bafang-Bafoussam,17:30,2026-10-11
GEN-020,Premium 30,30,Ouest - Douala,Bafoussam-Bafang-Douala,17:30,2026-10-11
GEN-029,Classique 70,70,Douala - Ouest,Douala-Bafang-Bafoussam,18:00,2026-10-11
GEN-021,Classique 70,70,Ouest - Douala,Bafoussam-Bafang-Douala,18:00,2026-10-11
GEN-009,Classique 70,70,Douala - Yaoundé,Douala-Edea-Yaoundé,18:30,2026-10-11
GEN-001,VIP 50,50,Yaoundé - Douala,Yaoundé-Edea-Douala,18:30,2026-10-11
GEN-030,VIP 50,50,Douala - Ouest,Douala-Bafang-Bafoussam,18:30,2026-10-11
GEN-022,VIP 50,50,Ouest - Douala,Bafoussam-Bafang-Douala,18:30,2026-10-11
GEN-010,Premium 30,30,Douala - Yaoundé,Douala-Edea-Yaoundé,18:45,2026-10-11
GEN-002,Classique 70,70,Yaoundé - Douala,Yaoundé-Edea-Douala,18:45,2026-10-11
GEN-011,Classique 70,70,Douala - Yaoundé,Douala-Edea-Yaoundé,19:00,2026-10-11
GEN-003,VIP 50,50,Yaoundé - Douala,Yaoundé-Edea-Douala,19:00,2026-10-11
GEN-031,Premium 30,30,Douala - Ouest,Douala-Bafang-Bafoussam,19:00,2026-10-11
GEN-023,Classique 70,70,Ouest - Douala,Bafoussam-Bafang-Douala,19:00,2026-10-11
GEN-012,VIP 50,50,Douala - Yaoundé,Douala-Edea-Yaoundé,19:15,2026-10-11
GEN-004,Classique 70,70,Yaoundé - Douala,Yaoundé-Edea-Douala,19:15,2026-10-11
GEN-013,Premium 30,30,Douala - Yaoundé,Douala-Edea-Yaoundé,19:30,2026-10-11
GEN-005,Classique 70,70,Yaoundé - Douala,Yaoundé-Edea-Douala,19:30,2026-10-11
GEN-032,VIP 50,50,Douala - Ouest,Douala-Bafang-Bafoussam,19:30,2026-10-11
GEN-024,Premium 30,30,Ouest - Douala,Bafoussam-Bafang-Douala,19:30,2026-10-11
GEN-014,Classique 70,70,Douala - Yaoundé,Douala-Edea-Yaoundé,19:45,2026-10-11
GEN-006,Classique 70,70,Yaoundé - Douala,Yaoundé-Edea-Douala,19:45,2026-10-11
GEN-015,VIP 50,50,Douala - Yaoundé,Douala-Edea-Yaoundé,20:00,2026-10-11
GEN-007,Classique 70,70,Yaoundé - Douala,Yaoundé-Edea-Douala,20:00,2026-10-11
GEN-016,VIP 50,50,Douala - Yaoundé,Douala-Edea-Yaoundé,20:15,2026-10-11
GEN-008,VIP 50,50,Yaoundé - Douala,Yaoundé-Edea-Douala,20:15,2026-10-11
GEN-001,VIP 50,50,Douala - Yaoundé,Douala-Edea-Yaoundé,05:00,2026-10-12
GEN-009,Classique 70,70,Yaoundé - Douala,Yaoundé-Edea-Douala,05:00,2026-10-12
GEN-017,VIP 50,50,Douala - Ouest,Douala-Bafang-Bafoussam,05:00,2026-10-12
GEN-025,VIP 50,50,Ouest - Douala,Bafoussam-Bafang-Douala,05:00,2026-10-12
GEN-002,Classique 70,70,Douala - Yaoundé,Douala-Edea-Yaoundé,05:15,2026-10-12
GEN-010,Premium 30,30,Yaoundé - Douala,Yaoundé-Edea-Douala,05:15,2026-10-12
GEN-003,VIP 50,50,Douala - Yaoundé,Douala-Edea-Yaoundé,05:30,2026-10-12
GEN-011,Classique 70,70,Yaoundé - Douala,Yaoundé-Edea-Douala,05:30,2026-10-12
GEN-018,Premium 30,30,Douala - Ouest,Douala-Bafang-Bafoussam,05:30,2026-10-12
GEN-026,VIP 50,50,Ouest - Douala,Bafoussam-Bafang-Douala,05:30,2026-10-12
GEN-004,Classique 70,70,Douala - Yaoundé,Douala-Edea-Yaoundé,05:45,2026-10-12
GEN-012,VIP 50,50,Yaoundé - Douala,Yaoundé-Edea-Douala,05:45,2026-10-12
GEN-005,Classique 70,70,Douala - Yaoundé,Douala-Edea-Yaoundé,06:00,2026-10-12
GEN-013,Premium 30,30,Yaoundé - Douala,Yaoundé-Edea-Douala,06:00,2026-10-12
GEN-019,Classique 70,70,Douala - Ouest,Douala-Bafang-Bafoussam,06:00,2026-10-12
GEN-027,Classique 70,70,Ouest - Douala,Bafoussam-Bafang-Douala,06:00,2026-10-12
GEN-006,Classique 70,70,Douala - Yaoundé,Douala-Edea-Yaoundé,06:15,2026-10-12
GEN-014,Classique 70,70,Yaoundé - Douala,Yaoundé-Edea-Douala,06:15,2026-10-12
GEN-007,Classique 70,70,Douala - Yaoundé,Douala-Edea-Yaoundé,06:30,2026-10-12
GEN-015,VIP 50,50,Yaoundé - Douala,Yaoundé-Edea-Douala,06:30,2026-10-12
GEN-020,Premium 30,30,Douala - Ouest,Douala-Bafang-Bafoussam,06:30,2026-10-12
GEN-028,Premium 30,30,Ouest - Douala,Bafoussam-Bafang-Douala,06:30,2026-10-12
GEN-008,VIP 50,50,Douala - Yaoundé,Douala-Edea-Yaoundé,06:45,2026-10-12
GEN-016,VIP 50,50,Yaoundé - Douala,Yaoundé-Edea-Douala,06:45,2026-10-12
GEN-021,Classique 70,70,Douala - Ouest,Douala-Bafang-Bafoussam,07:00,2026-10-12
GEN-029,Classique 70,70,Ouest - Douala,Bafoussam-Bafang-Douala,07:00,2026-10-12
GEN-022,VIP 50,50,Douala - Ouest,Douala-Bafang-Bafoussam,07:30,2026-10-12
GEN-030,VIP 50,50,Ouest - Douala,Bafoussam-Bafang-Douala,07:30,2026-10-12
GEN-023,Classique 70,70,Douala - Ouest,Douala-Bafang-Bafoussam,08:00,2026-10-12
GEN-031,Premium 30,30,Ouest - Douala,Bafoussam-Bafang-Douala,08:00,2026-10-12
GEN-024,Premium 30,30,Douala - Ouest,Douala-Bafang-Bafoussam,08:30,2026-10-12
GEN-032,VIP 50,50,Ouest - Douala,Bafoussam-Bafang-Douala,08:30,2026-10-12
GEN-009,Classique 70,70,Douala - Yaoundé,Douala-Edea-Yaoundé,09:30,2026-10-12
GEN-001,VIP 50,50,Yaoundé - Douala,Yaoundé-Edea-Douala,09:30,2026-10-12
GEN-010,Premium 30,30,Douala - Yaoundé,Douala-Edea-Yaoundé,09:45,2026-10-12
GEN-002,Classique 70,70,Yaoundé - Douala,Yaoundé-Edea-Douala,09:45,2026-10-12
GEN-011,Classique 70,70,Douala - Yaoundé,Douala-Edea-Yaoundé,10:00,2026-10-12
GEN-003,VIP 50,50,Yaoundé - Douala,Yaoundé-Edea-Douala,10:00,2026-10-12
GEN-012,VIP 50,50,Douala - Yaoundé,Douala-Edea-Yaoundé,10:15,2026-10-12
GEN-004,Classique 70,70,Yaoundé - Douala,Yaoundé-Edea-Douala,10:15,2026-10-12
GEN-013,Premium 30,30,Douala - Yaoundé,Douala-Edea-Yaoundé,10:30,2026-10-12
GEN-005,Classique 70,70,Yaoundé - Douala,Yaoundé-Edea-Douala,10:30,2026-10-12
GEN-025,VIP 50,50,Douala - Ouest,Douala-Bafang-Bafoussam,10:30,2026-10-12
GEN-017,VIP 50,50,Ouest - Douala,Bafoussam-Bafang-Douala,10:30,2026-10-12
GEN-014,Classique 70,70,Douala - Yaoundé,Douala-Edea-Yaoundé,10:45,2026-10-12
GEN-006,Classique 70,70,Yaoundé - Douala,Yaoundé-Edea-Douala,10:45,2026-10-12
GEN-015,VIP 50,50,Douala - Yaoundé,Douala-Edea-Yaoundé,11:00,2026-10-12
GEN-007,Classique 70,70,Yaoundé - Douala,Yaoundé-Edea-Douala,11:00,2026-10-12
GEN-026,VIP 50,50,Douala - Ouest,Douala-Bafang-Bafoussam,11:00,2026-10-12
GEN-018,Premium 30,30,Ouest - Douala,Bafoussam-Bafang-Douala,11:00,2026-10-12
GEN-016,VIP 50,50,Douala - Yaoundé,Douala-Edea-Yaoundé,11:15,2026-10-12
GEN-008,VIP 50,50,Yaoundé - Douala,Yaoundé-Edea-Douala,11:15,2026-10-12
GEN-027,Classique 70,70,Douala - Ouest,Douala-Bafang-Bafoussam,11:30,2026-10-12
GEN-019,Classique 70,70,Ouest - Douala,Bafoussam-Bafang-Douala,11:30,2026-10-12
GEN-028,Premium 30,30,Douala - Ouest,Douala-Bafang-Bafoussam,12:00,2026-10-12
GEN-020,Premium 30,30,Ouest - Douala,Bafoussam-Bafang-Douala,12:00,2026-10-12
GEN-029,Classique 70,70,Douala - Ouest,Douala-Bafang-Bafoussam,12:30,2026-10-12
GEN-021,Classique 70,70,Ouest - Douala,Bafoussam-Bafang-Douala,12:30,2026-10-12
GEN-030,VIP 50,50,Douala - Ouest,Douala-Bafang-Bafoussam,13:00,2026-10-12
GEN-022,VIP 50,50,Ouest - Douala,Bafoussam-Bafang-Douala,13:00,2026-10-12
GEN-031,Premium 30,30,Douala - Ouest,Douala-Bafang-Bafoussam,13:30,2026-10-12
GEN-023,Classique 70,70,Ouest - Douala,Bafoussam-Bafang-Douala,13:30,2026-10-12
GEN-001,VIP 50,50,Douala - Yaoundé,Douala-Edea-Yaoundé,14:00,2026-10-12
GEN-009,Classique 70,70,Yaoundé - Douala,Yaoundé-Edea-Douala,14:00,2026-10-12
GEN-032,VIP 50,50,Douala - Ouest,Douala-Bafang-Bafoussam,14:00,2026-10-12
GEN-024,Premium 30,30,Ouest - Douala,Bafoussam-Bafang-Douala,14:00,2026-10-12
GEN-002,Classique 70,70,Douala - Yaoundé,Douala-Edea-Yaoundé,14:15,2026-10-12
GEN-010,Premium 30,30,Yaoundé - Douala,Yaoundé-Edea-Douala,14:15,2026-10-12
GEN-003,VIP 50,50,Douala - Yaoundé,Douala-Edea-Yaoundé,14:30,2026-10-12
GEN-011,Classique 70,70,Yaoundé - Douala,Yaoundé-Edea-Douala,14:30,2026-10-12
GEN-004,Classique 70,70,Douala - Yaoundé,Douala-Edea-Yaoundé,14:45,2026-10-12
GEN-012,VIP 50,50,Yaoundé - Douala,Yaoundé-Edea-Douala,14:45,2026-10-12
GEN-005,Classique 70,70,Douala - Yaoundé,Douala-Edea-Yaoundé,15:00,2026-10-12
GEN-013,Premium 30,30,Yaoundé - Douala,Yaoundé-Edea-Douala,15:00,2026-10-12
GEN-006,Classique 70,70,Douala - Yaoundé,Douala-Edea-Yaoundé,15:15,2026-10-12
GEN-014,Classique 70,70,Yaoundé - Douala,Yaoundé-Edea-Douala,15:15,2026-10-12
GEN-007,Classique 70,70,Douala - Yaoundé,Douala-Edea-Yaoundé,15:30,2026-10-12
GEN-015,VIP 50,50,Yaoundé - Douala,Yaoundé-Edea-Douala,15:30,2026-10-12
GEN-008,VIP 50,50,Douala - Yaoundé,Douala-Edea-Yaoundé,15:45,2026-10-12
GEN-016,VIP 50,50,Yaoundé - Douala,Yaoundé-Edea-Douala,15:45,2026-10-12
GEN-017,VIP 50,50,Douala - Ouest,Douala-Bafang-Bafoussam,16:00,2026-10-12
GEN-025,VIP 50,50,Ouest - Douala,Bafoussam-Bafang-Douala,16:00,2026-10-12
GEN-018,Premium 30,30,Douala - Ouest,Douala-Bafang-Bafoussam,16:30,2026-10-12
GEN-026,VIP 50,50,Ouest - Douala,Bafoussam-Bafang-Douala,16:30,2026-10-12
GEN-019,Classique 70,70,Douala - Ouest,Douala-Bafang-Bafoussam,17:00,2026-10-12
GEN-027,Classique 70,70,Ouest - Douala,Bafoussam-Bafang-Douala,17:00,2026-10-12
GEN-020,Premium 30,30,Douala - Ouest,Douala-Bafang-Bafoussam,17:30,2026-10-12
GEN-028,Premium 30,30,Ouest - Douala,Bafoussam-Bafang-Douala,17:30,2026-10-12
GEN-021,Classique 70,70,Douala - Ouest,Douala-Bafang-Bafoussam,18:00,2026-10-12
GEN-029,Classique 70,70,Ouest - Douala,Bafoussam-Bafang-Douala,18:00,2026-10-12
GEN-009,Classique 70,70,Douala - Yaoundé,Douala-Edea-Yaoundé,18:30,2026-10-12
GEN-001,VIP 50,50,Yaoundé - Douala,Yaoundé-Edea-Douala,18:30,2026-10-12
GEN-022,VIP 50,50,Douala - Ouest,Douala-Bafang-Bafoussam,18:30,2026-10-12
GEN-030,VIP 50,50,Ouest - Douala,Bafoussam-Bafang-Douala,18:30,2026-10-12
GEN-010,Premium 30,30,Douala - Yaoundé,Douala-Edea-Yaoundé,18:45,2026-10-12
GEN-002,Classique 70,70,Yaoundé - Douala,Yaoundé-Edea-Douala,18:45,2026-10-12
GEN-011,Classique 70,70,Douala - Yaoundé,Douala-Edea-Yaoundé,19:00,2026-10-12
GEN-003,VIP 50,50,Yaoundé - Douala,Yaoundé-Edea-Douala,19:00,2026-10-12
GEN-023,Classique 70,70,Douala - Ouest,Douala-Bafang-Bafoussam,19:00,2026-10-12
GEN-031,Premium 30,30,Ouest - Douala,Bafoussam-Bafang-Douala,19:00,2026-10-12
GEN-012,VIP 50,50,Douala - Yaoundé,Douala-Edea-Yaoundé,19:15,2026-10-12
GEN-004,Classique 70,70,Yaoundé - Douala,Yaoundé-Edea-Douala,19:15,2026-10-12
GEN-013,Premium 30,30,Douala - Yaoundé,Douala-Edea-Yaoundé,19:30,2026-10-12
GEN-005,Classique 70,70,Yaoundé - Douala,Yaoundé-Edea-Douala,19:30,2026-10-12
GEN-024,Premium 30,30,Douala - Ouest,Douala-Bafang-Bafoussam,19:30,2026-10-12
GEN-032,VIP 50,50,Ouest - Douala,Bafoussam-Bafang-Douala,19:30,2026-10-12
GEN-014,Classique 70,70,Douala - Yaoundé,Douala-Edea-Yaoundé,19:45,2026-10-12
GEN-006,Classique 70,70,Yaoundé - Douala,Yaoundé-Edea-Douala,19:45,2026-10-12
GEN-015,VIP 50,50,Douala - Yaoundé,Douala-Edea-Yaoundé,20:00,2026-10-12
GEN-007,Classique 70,70,Yaoundé - Douala,Yaoundé-Edea-Douala,20:00,2026-10-12
GEN-016,VIP 50,50,Douala - Yaoundé,Douala-Edea-Yaoundé,20:15,2026-10-12
GEN-008,VIP 50,50,Yaoundé - Douala,Yaoundé-Edea-Douala,20:15,2026-10-12
GEN-001,VIP 50,50,Douala - Yaoundé,Douala-Edea-Yaoundé,05:00,2026-10-13
GEN-009,Classique 70,70,Yaoundé - Douala,Yaoundé-Edea-Douala,05:00,2026-10-13
GEN-025,VIP 50,50,Douala - Ouest,Douala-Bafang-Bafoussam,05:00,2026-10-13
GEN-017,VIP 50,50,Ouest - Douala,Bafoussam-Bafang-Douala,05:00,2026-10-13
GEN-002,Classique 70,70,Douala - Yaoundé,Douala-Edea-Yaoundé,05:15,2026-10-13
GEN-010,Premium 30,30,Yaoundé - Douala,Yaoundé-Edea-Douala,05:15,2026-10-13
GEN-003,VIP 50,50,Douala - Yaoundé,Douala-Edea-Yaoundé,05:30,2026-10-13
GEN-011,Classique 70,70,Yaoundé - Douala,Yaoundé-Edea-Douala,05:30,2026-10-13
GEN-026,VIP 50,50,Douala - Ouest,Douala-Bafang-Bafoussam,05:30,2026-10-13
GEN-018,Premium 30,30,Ouest - Douala,Bafoussam-Bafang-Douala,05:30,2026-10-13
GEN-004,Classique 70,70,Douala - Yaoundé,Douala-Edea-Yaoundé,05:45,2026-10-13
GEN-012,VIP 50,50,Yaoundé - Douala,Yaoundé-Edea-Douala,05:45,2026-10-13
GEN-005,Classique 70,70,Douala - Yaoundé,Douala-Edea-Yaoundé,06:00,2026-10-13
GEN-013,Premium 30,30,Yaoundé - Douala,Yaoundé-Edea-Douala,06:00,2026-10-13
GEN-027,Classique 70,70,Douala - Ouest,Douala-Bafang-Bafoussam,06:00,2026-10-13
GEN-019,Classique 70,70,Ouest - Douala,Bafoussam-Bafang-Douala,06:00,2026-10-13
GEN-006,Classique 70,70,Douala - Yaoundé,Douala-Edea-Yaoundé,06:15,2026-10-13
GEN-014,Classique 70,70,Yaoundé - Douala,Yaoundé-Edea-Douala,06:15,2026-10-13
GEN-007,Classique 70,70,Douala - Yaoundé,Douala-Edea-Yaoundé,06:30,2026-10-13
GEN-015,VIP 50,50,Yaoundé - Douala,Yaoundé-Edea-Douala,06:30,2026-10-13
GEN-028,Premium 30,30,Douala - Ouest,Douala-Bafang-Bafoussam,06:30,2026-10-13
GEN-020,Premium 30,30,Ouest - Douala,Bafoussam-Bafang-Douala,06:30,2026-10-13
GEN-008,VIP 50,50,Douala - Yaoundé,Douala-Edea-Yaoundé,06:45,2026-10-13
GEN-016,VIP 50,50,Yaoundé - Douala,Yaoundé-Edea-Douala,06:45,2026-10-13
GEN-029,Classique 70,70,Douala - Ouest,Douala-Bafang-Bafoussam,07:00,2026-10-13
GEN-021,Classique 70,70,Ouest - Douala,Bafoussam-Bafang-Douala,07:00,2026-10-13
GEN-030,VIP 50,50,Douala - Ouest,Douala-Bafang-Bafoussam,07:30,2026-10-13
GEN-022,VIP 50,50,Ouest - Douala,Bafoussam-Bafang-Douala,07:30,2026-10-13
GEN-031,Premium 30,30,Douala - Ouest,Douala-Bafang-Bafoussam,08:00,2026-10-13
GEN-023,Classique 70,70,Ouest - Douala,Bafoussam-Bafang-Douala,08:00,2026-10-13
GEN-032,VIP 50,50,Douala - Ouest,Douala-Bafang-Bafoussam,08:30,2026-10-13
GEN-024,Premium 30,30,Ouest - Douala,Bafoussam-Bafang-Douala,08:30,2026-10-13
GEN-009,Classique 70,70,Douala - Yaoundé,Douala-Edea-Yaoundé,09:30,2026-10-13
GEN-001,VIP 50,50,Yaoundé - Douala,Yaoundé-Edea-Douala,09:30,2026-10-13
GEN-010,Premium 30,30,Douala - Yaoundé,Douala-Edea-Yaoundé,09:45,2026-10-13
GEN-002,Classique 70,70,Yaoundé - Douala,Yaoundé-Edea-Douala,09:45,2026-10-13
GEN-011,Classique 70,70,Douala - Yaoundé,Douala-Edea-Yaoundé,10:00,2026-10-13
GEN-003,VIP 50,50,Yaoundé - Douala,Yaoundé-Edea-Douala,10:00,2026-10-13
GEN-012,VIP 50,50,Douala - Yaoundé,Douala-Edea-Yaoundé,10:15,2026-10-13
GEN-004,Classique 70,70,Yaoundé - Douala,Yaoundé-Edea-Douala,10:15,2026-10-13
GEN-013,Premium 30,30,Douala - Yaoundé,Douala-Edea-Yaoundé,10:30,2026-10-13
GEN-005,Classique 70,70,Yaoundé - Douala,Yaoundé-Edea-Douala,10:30,2026-10-13
GEN-017,VIP 50,50,Douala - Ouest,Douala-Bafang-Bafoussam,10:30,2026-10-13
GEN-025,VIP 50,50,Ouest - Douala,Bafoussam-Bafang-Douala,10:30,2026-10-13
GEN-014,Classique 70,70,Douala - Yaoundé,Douala-Edea-Yaoundé,10:45,2026-10-13
GEN-006,Classique 70,70,Yaoundé - Douala,Yaoundé-Edea-Douala,10:45,2026-10-13
GEN-015,VIP 50,50,Douala - Yaoundé,Douala-Edea-Yaoundé,11:00,2026-10-13
GEN-007,Classique 70,70,Yaoundé - Douala,Yaoundé-Edea-Douala,11:00,2026-10-13
GEN-018,Premium 30,30,Douala - Ouest,Douala-Bafang-Bafoussam,11:00,2026-10-13
GEN-026,VIP 50,50,Ouest - Douala,Bafoussam-Bafang-Douala,11:00,2026-10-13
GEN-016,VIP 50,50,Douala - Yaoundé,Douala-Edea-Yaoundé,11:15,2026-10-13
GEN-008,VIP 50,50,Yaoundé - Douala,Yaoundé-Edea-Douala,11:15,2026-10-13
GEN-019,Classique 70,70,Douala - Ouest,Douala-Bafang-Bafoussam,11:30,2026-10-13
GEN-027,Classique 70,70,Ouest - Douala,Bafoussam-Bafang-Douala,11:30,2026-10-13
GEN-020,Premium 30,30,Douala - Ouest,Douala-Bafang-Bafoussam,12:00,2026-10-13
GEN-028,Premium 30,30,Ouest - Douala,Bafoussam-Bafang-Douala,12:00,2026-10-13
GEN-021,Classique 70,70,Douala - Ouest,Douala-Bafang-Bafoussam,12:30,2026-10-13
GEN-029,Classique 70,70,Ouest - Douala,Bafoussam-Bafang-Douala,12:30,2026-10-13
GEN-022,VIP 50,50,Douala - Ouest,Douala-Bafang-Bafoussam,13:00,2026-10-13
GEN-030,VIP 50,50,Ouest - Douala,Bafoussam-Bafang-Douala,13:00,2026-10-13
GEN-023,Classique 70,70,Douala - Ouest,Douala-Bafang-Bafoussam,13:30,2026-10-13
GEN-031,Premium 30,30,Ouest - Douala,Bafoussam-Bafang-Douala,13:30,2026-10-13
GEN-001,VIP 50,50,Douala - Yaoundé,Douala-Edea-Yaoundé,14:00,2026-10-13
GEN-009,Classique 70,70,Yaoundé - Douala,Yaoundé-Edea-Douala,14:00,2026-10-13
GEN-024,Premium 30,30,Douala - Ouest,Douala-Bafang-Bafoussam,14:00,2026-10-13
GEN-032,VIP 50,50,Ouest - Douala,Bafoussam-Bafang-Douala,14:00,2026-10-13
GEN-002,Classique 70,70,Douala - Yaoundé,Douala-Edea-Yaoundé,14:15,2026-10-13
GEN-010,Premium 30,30,Yaoundé - Douala,Yaoundé-Edea-Douala,14:15,2026-10-13
GEN-003,VIP 50,50,Douala - Yaoundé,Douala-Edea-Yaoundé,14:30,2026-10-13
GEN-011,Classique 70,70,Yaoundé - Douala,Yaoundé-Edea-Douala,14:30,2026-10-13
GEN-004,Classique 70,70,Douala - Yaoundé,Douala-Edea-Yaoundé,14:45,2026-10-13
GEN-012,VIP 50,50,Yaoundé - Douala,Yaoundé-Edea-Douala,14:45,2026-10-13
GEN-005,Classique 70,70,Douala - Yaoundé,Douala-Edea-Yaoundé,15:00,2026-10-13
GEN-013,Premium 30,30,Yaoundé - Douala,Yaoundé-Edea-Douala,15:00,2026-10-13
GEN-006,Classique 70,70,Douala - Yaoundé,Douala-Edea-Yaoundé,15:15,2026-10-13
GEN-014,Classique 70,70,Yaoundé - Douala,Yaoundé-Edea-Douala,15:15,2026-10-13
GEN-007,Classique 70,70,Douala - Yaoundé,Douala-Edea-Yaoundé,15:30,2026-10-13
GEN-015,VIP 50,50,Yaoundé - Douala,Yaoundé-Edea-Douala,15:30,2026-10-13
GEN-008,VIP 50,50,Douala - Yaoundé,Douala-Edea-Yaoundé,15:45,2026-10-13
GEN-016,VIP 50,50,Yaoundé - Douala,Yaoundé-Edea-Douala,15:45,2026-10-13
GEN-025,VIP 50,50,Douala - Ouest,Douala-Bafang-Bafoussam,16:00,2026-10-13
GEN-017,VIP 50,50,Ouest - Douala,Bafoussam-Bafang-Douala,16:00,2026-10-13
GEN-026,VIP 50,50,Douala - Ouest,Douala-Bafang-Bafoussam,16:30,2026-10-13
GEN-018,Premium 30,30,Ouest - Douala,Bafoussam-Bafang-Douala,16:30,2026-10-13
GEN-027,Classique 70,70,Douala - Ouest,Douala-Bafang-Bafoussam,17:00,2026-10-13
GEN-019,Classique 70,70,Ouest - Douala,Bafoussam-Bafang-Douala,17:00,2026-10-13
GEN-028,Premium 30,30,Douala - Ouest,Douala-Bafang-Bafoussam,17:30,2026-10-13
GEN-020,Premium 30,30,Ouest - Douala,Bafoussam-Bafang-Douala,17:30,2026-10-13
GEN-029,Classique 70,70,Douala - Ouest,Douala-Bafang-Bafoussam,18:00,2026-10-13
GEN-021,Classique 70,70,Ouest - Douala,Bafoussam-Bafang-Douala,18:00,2026-10-13
GEN-009,Classique 70,70,Douala - Yaoundé,Douala-Edea-Yaoundé,18:30,2026-10-13
GEN-001,VIP 50,50,Yaoundé - Douala,Yaoundé-Edea-Douala,18:30,2026-10-13
GEN-030,VIP 50,50,Douala - Ouest,Douala-Bafang-Bafoussam,18:30,2026-10-13
GEN-022,VIP 50,50,Ouest - Douala,Bafoussam-Bafang-Douala,18:30,2026-10-13
GEN-010,Premium 30,30,Douala - Yaoundé,Douala-Edea-Yaoundé,18:45,2026-10-13
GEN-002,Classique 70,70,Yaoundé - Douala,Yaoundé-Edea-Douala,18:45,2026-10-13
GEN-011,Classique 70,70,Douala - Yaoundé,Douala-Edea-Yaoundé,19:00,2026-10-13
GEN-003,VIP 50,50,Yaoundé - Douala,Yaoundé-Edea-Douala,19:00,2026-10-13
GEN-031,Premium 30,30,Douala - Ouest,Douala-Bafang-Bafoussam,19:00,2026-10-13
GEN-023,Classique 70,70,Ouest - Douala,Bafoussam-Bafang-Douala,19:00,2026-10-13
GEN-012,VIP 50,50,Douala - Yaoundé,Douala-Edea-Yaoundé,19:15,2026-10-13
GEN-004,Classique 70,70,Yaoundé - Douala,Yaoundé-Edea-Douala,19:15,2026-10-13
GEN-013,Premium 30,30,Douala - Yaoundé,Douala-Edea-Yaoundé,19:30,2026-10-13
GEN-005,Classique 70,70,Yaoundé - Douala,Yaoundé-Edea-Douala,19:30,2026-10-13
GEN-032,VIP 50,50,Douala - Ouest,Douala-Bafang-Bafoussam,19:30,2026-10-13
GEN-024,Premium 30,30,Ouest - Douala,Bafoussam-Bafang-Douala,19:30,2026-10-13
GEN-014,Classique 70,70,Douala - Yaoundé,Douala-Edea-Yaoundé,19:45,2026-10-13
GEN-006,Classique 70,70,Yaoundé - Douala,Yaoundé-Edea-Douala,19:45,2026-10-13
GEN-015,VIP 50,50,Douala - Yaoundé,Douala-Edea-Yaoundé,20:00,2026-10-13
GEN-007,Classique 70,70,Yaoundé - Douala,Yaoundé-Edea-Douala,20:00,2026-10-13
GEN-016,VIP 50,50,Douala - Yaoundé,Douala-Edea-Yaoundé,20:15,2026-10-13
GEN-008,VIP 50,50,Yaoundé - Douala,Yaoundé-Edea-Douala,20:15,2026-10-13
GEN-001,VIP 50,50,Douala - Yaoundé,Douala-Edea-Yaoundé,05:00,2026-10-14
GEN-009,Classique 70,70,Yaoundé - Douala,Yaoundé-Edea-Douala,05:00,2026-10-14
GEN-017,VIP 50,50,Douala - Ouest,Douala-Bafang-Bafoussam,05:00,2026-10-14
GEN-025,VIP 50,50,Ouest - Douala,Bafoussam-Bafang-Douala,05:00,2026-10-14
GEN-002,Classique 70,70,Douala - Yaoundé,Douala-Edea-Yaoundé,05:15,2026-10-14
GEN-010,Premium 30,30,Yaoundé - Douala,Yaoundé-Edea-Douala,05:15,2026-10-14
GEN-003,VIP 50,50,Douala - Yaoundé,Douala-Edea-Yaoundé,05:30,2026-10-14
GEN-011,Classique 70,70,Yaoundé - Douala,Yaoundé-Edea-Douala,05:30,2026-10-14
GEN-018,Premium 30,30,Douala - Ouest,Douala-Bafang-Bafoussam,05:30,2026-10-14
GEN-026,VIP 50,50,Ouest - Douala,Bafoussam-Bafang-Douala,05:30,2026-10-14
GEN-004,Classique 70,70,Douala - Yaoundé,Douala-Edea-Yaoundé,05:45,2026-10-14
GEN-012,VIP 50,50,Yaoundé - Douala,Yaoundé-Edea-Douala,05:45,2026-10-14
GEN-005,Classique 70,70,Douala - Yaoundé,Douala-Edea-Yaoundé,06:00,2026-10-14
GEN-013,Premium 30,30,Yaoundé - Douala,Yaoundé-Edea-Douala,06:00,2026-10-14
GEN-019,Classique 70,70,Douala - Ouest,Douala-Bafang-Bafoussam,06:00,2026-10-14
GEN-027,Classique 70,70,Ouest - Douala,Bafoussam-Bafang-Douala,06:00,2026-10-14
GEN-006,Classique 70,70,Douala - Yaoundé,Douala-Edea-Yaoundé,06:15,2026-10-14
GEN-014,Classique 70,70,Yaoundé - Douala,Yaoundé-Edea-Douala,06:15,2026-10-14
GEN-007,Classique 70,70,Douala - Yaoundé,Douala-Edea-Yaoundé,06:30,2026-10-14
GEN-015,VIP 50,50,Yaoundé - Douala,Yaoundé-Edea-Douala,06:30,2026-10-14
GEN-020,Premium 30,30,Douala - Ouest,Douala-Bafang-Bafoussam,06:30,2026-10-14
GEN-028,Premium 30,30,Ouest - Douala,Bafoussam-Bafang-Douala,06:30,2026-10-14
GEN-008,VIP 50,50,Douala - Yaoundé,Douala-Edea-Yaoundé,06:45,2026-10-14
GEN-016,VIP 50,50,Yaoundé - Douala,Yaoundé-Edea-Douala,06:45,2026-10-14
GEN-021,Classique 70,70,Douala - Ouest,Douala-Bafang-Bafoussam,07:00,2026-10-14
GEN-029,Classique 70,70,Ouest - Douala,Bafoussam-Bafang-Douala,07:00,2026-10-14
GEN-022,VIP 50,50,Douala - Ouest,Douala-Bafang-Bafoussam,07:30,2026-10-14
GEN-030,VIP 50,50,Ouest - Douala,Bafoussam-Bafang-Douala,07:30,2026-10-14
GEN-023,Classique 70,70,Douala - Ouest,Douala-Bafang-Bafoussam,08:00,2026-10-14
GEN-031,Premium 30,30,Ouest - Douala,Bafoussam-Bafang-Douala,08:00,2026-10-14
GEN-024,Premium 30,30,Douala - Ouest,Douala-Bafang-Bafoussam,08:30,2026-10-14
GEN-032,VIP 50,50,Ouest - Douala,Bafoussam-Bafang-Douala,08:30,2026-10-14
GEN-009,Classique 70,70,Douala - Yaoundé,Douala-Edea-Yaoundé,09:30,2026-10-14
GEN-001,VIP 50,50,Yaoundé - Douala,Yaoundé-Edea-Douala,09:30,2026-10-14
GEN-010,Premium 30,30,Douala - Yaoundé,Douala-Edea-Yaoundé,09:45,2026-10-14
GEN-002,Classique 70,70,Yaoundé - Douala,Yaoundé-Edea-Douala,09:45,2026-10-14
GEN-011,Classique 70,70,Douala - Yaoundé,Douala-Edea-Yaoundé,10:00,2026-10-14
GEN-003,VIP 50,50,Yaoundé - Douala,Yaoundé-Edea-Douala,10:00,2026-10-14
GEN-012,VIP 50,50,Douala - Yaoundé,Douala-Edea-Yaoundé,10:15,2026-10-14
GEN-004,Classique 70,70,Yaoundé - Douala,Yaoundé-Edea-Douala,10:15,2026-10-14
GEN-013,Premium 30,30,Douala - Yaoundé,Douala-Edea-Yaoundé,10:30,2026-10-14
GEN-005,Classique 70,70,Yaoundé - Douala,Yaoundé-Edea-Douala,10:30,2026-10-14
GEN-025,VIP 50,50,Douala - Ouest,Douala-Bafang-Bafoussam,10:30,2026-10-14
GEN-017,VIP 50,50,Ouest - Douala,Bafoussam-Bafang-Douala,10:30,2026-10-14
GEN-014,Classique 70,70,Douala - Yaoundé,Douala-Edea-Yaoundé,10:45,2026-10-14
GEN-006,Classique 70,70,Yaoundé - Douala,Yaoundé-Edea-Douala,10:45,2026-10-14
GEN-015,VIP 50,50,Douala - Yaoundé,Douala-Edea-Yaoundé,11:00,2026-10-14
GEN-007,Classique 70,70,Yaoundé - Douala,Yaoundé-Edea-Douala,11:00,2026-10-14
GEN-026,VIP 50,50,Douala - Ouest,Douala-Bafang-Bafoussam,11:00,2026-10-14
GEN-018,Premium 30,30,Ouest - Douala,Bafoussam-Bafang-Douala,11:00,2026-10-14
GEN-016,VIP 50,50,Douala - Yaoundé,Douala-Edea-Yaoundé,11:15,2026-10-14
GEN-008,VIP 50,50,Yaoundé - Douala,Yaoundé-Edea-Douala,11:15,2026-10-14
GEN-027,Classique 70,70,Douala - Ouest,Douala-Bafang-Bafoussam,11:30,2026-10-14
GEN-019,Classique 70,70,Ouest - Douala,Bafoussam-Bafang-Douala,11:30,2026-10-14
GEN-028,Premium 30,30,Douala - Ouest,Douala-Bafang-Bafoussam,12:00,2026-10-14
GEN-020,Premium 30,30,Ouest - Douala,Bafoussam-Bafang-Douala,12:00,2026-10-14
GEN-029,Classique 70,70,Douala - Ouest,Douala-Bafang-Bafoussam,12:30,2026-10-14
GEN-021,Classique 70,70,Ouest - Douala,Bafoussam-Bafang-Douala,12:30,2026-10-14
GEN-030,VIP 50,50,Douala - Ouest,Douala-Bafang-Bafoussam,13:00,2026-10-14
GEN-022,VIP 50,50,Ouest - Douala,Bafoussam-Bafang-Douala,13:00,2026-10-14
GEN-031,Premium 30,30,Douala - Ouest,Douala-Bafang-Bafoussam,13:30,2026-10-14
GEN-023,Classique 70,70,Ouest - Douala,Bafoussam-Bafang-Douala,13:30,2026-10-14
GEN-001,VIP 50,50,Douala - Yaoundé,Douala-Edea-Yaoundé,14:00,2026-10-14
GEN-009,Classique 70,70,Yaoundé - Douala,Yaoundé-Edea-Douala,14:00,2026-10-14
GEN-032,VIP 50,50,Douala - Ouest,Douala-Bafang-Bafoussam,14:00,2026-10-14
GEN-024,Premium 30,30,Ouest - Douala,Bafoussam-Bafang-Douala,14:00,2026-10-14
GEN-002,Classique 70,70,Douala - Yaoundé,Douala-Edea-Yaoundé,14:15,2026-10-14
GEN-010,Premium 30,30,Yaoundé - Douala,Yaoundé-Edea-Douala,14:15,2026-10-14
GEN-003,VIP 50,50,Douala - Yaoundé,Douala-Edea-Yaoundé,14:30,2026-10-14
GEN-011,Classique 70,70,Yaoundé - Douala,Yaoundé-Edea-Douala,14:30,2026-10-14
GEN-004,Classique 70,70,Douala - Yaoundé,Douala-Edea-Yaoundé,14:45,2026-10-14
GEN-012,VIP 50,50,Yaoundé - Douala,Yaoundé-Edea-Douala,14:45,2026-10-14
GEN-005,Classique 70,70,Douala - Yaoundé,Douala-Edea-Yaoundé,15:00,2026-10-14
GEN-013,Premium 30,30,Yaoundé - Douala,Yaoundé-Edea-Douala,15:00,2026-10-14
GEN-006,Classique 70,70,Douala - Yaoundé,Douala-Edea-Yaoundé,15:15,2026-10-14
GEN-014,Classique 70,70,Yaoundé - Douala,Yaoundé-Edea-Douala,15:15,2026-10-14
GEN-007,Classique 70,70,Douala - Yaoundé,Douala-Edea-Yaoundé,15:30,2026-10-14
GEN-015,VIP 50,50,Yaoundé - Douala,Yaoundé-Edea-Douala,15:30,2026-10-14
GEN-008,VIP 50,50,Douala - Yaoundé,Douala-Edea-Yaoundé,15:45,2026-10-14
GEN-016,VIP 50,50,Yaoundé - Douala,Yaoundé-Edea-Douala,15:45,2026-10-14
GEN-017,VIP 50,50,Douala - Ouest,Douala-Bafang-Bafoussam,16:00,2026-10-14
GEN-025,VIP 50,50,Ouest - Douala,Bafoussam-Bafang-Douala,16:00,2026-10-14
GEN-018,Premium 30,30,Douala - Ouest,Douala-Bafang-Bafoussam,16:30,2026-10-14
GEN-026,VIP 50,50,Ouest - Douala,Bafoussam-Bafang-Douala,16:30,2026-10-14
GEN-019,Classique 70,70,Douala - Ouest,Douala-Bafang-Bafoussam,17:00,2026-10-14
GEN-027,Classique 70,70,Ouest - Douala,Bafoussam-Bafang-Douala,17:00,2026-10-14
GEN-020,Premium 30,30,Douala - Ouest,Douala-Bafang-Bafoussam,17:30,2026-10-14
GEN-028,Premium 30,30,Ouest - Douala,Bafoussam-Bafang-Douala,17:30,2026-10-14
GEN-021,Classique 70,70,Douala - Ouest,Douala-Bafang-Bafoussam,18:00,2026-10-14
GEN-029,Classique 70,70,Ouest - Douala,Bafoussam-Bafang-Douala,18:00,2026-10-14
GEN-009,Classique 70,70,Douala - Yaoundé,Douala-Edea-Yaoundé,18:30,2026-10-14
GEN-001,VIP 50,50,Yaoundé - Douala,Yaoundé-Edea-Douala,18:30,2026-10-14
GEN-022,VIP 50,50,Douala - Ouest,Douala-Bafang-Bafoussam,18:30,2026-10-14
GEN-030,VIP 50,50,Ouest - Douala,Bafoussam-Bafang-Douala,18:30,2026-10-14
GEN-010,Premium 30,30,Douala - Yaoundé,Douala-Edea-Yaoundé,18:45,2026-10-14
GEN-002,Classique 70,70,Yaoundé - Douala,Yaoundé-Edea-Douala,18:45,2026-10-14
GEN-011,Classique 70,70,Douala - Yaoundé,Douala-Edea-Yaoundé,19:00,2026-10-14
GEN-003,VIP 50,50,Yaoundé - Douala,Yaoundé-Edea-Douala,19:00,2026-10-14
GEN-023,Classique 70,70,Douala - Ouest,Douala-Bafang-Bafoussam,19:00,2026-10-14
GEN-031,Premium 30,30,Ouest - Douala,Bafoussam-Bafang-Douala,19:00,2026-10-14
GEN-012,VIP 50,50,Douala - Yaoundé,Douala-Edea-Yaoundé,19:15,2026-10-14
GEN-004,Classique 70,70,Yaoundé - Douala,Yaoundé-Edea-Douala,19:15,2026-10-14
GEN-013,Premium 30,30,Douala - Yaoundé,Douala-Edea-Yaoundé,19:30,2026-10-14
GEN-005,Classique 70,70,Yaoundé - Douala,Yaoundé-Edea-Douala,19:30,2026-10-14
GEN-024,Premium 30,30,Douala - Ouest,Douala-Bafang-Bafoussam,19:30,2026-10-14
GEN-032,VIP 50,50,Ouest - Douala,Bafoussam-Bafang-Douala,19:30,2026-10-14
GEN-014,Classique 70,70,Douala - Yaoundé,Douala-Edea-Yaoundé,19:45,2026-10-14
GEN-006,Classique 70,70,Yaoundé - Douala,Yaoundé-Edea-Douala,19:45,2026-10-14
GEN-015,VIP 50,50,Douala - Yaoundé,Douala-Edea-Yaoundé,20:00,2026-10-14
GEN-007,Classique 70,70,Yaoundé - Douala,Yaoundé-Edea-Douala,20:00,2026-10-14
GEN-016,VIP 50,50,Douala - Yaoundé,Douala-Edea-Yaoundé,20:15,2026-10-14
GEN-008,VIP 50,50,Yaoundé - Douala,Yaoundé-Edea-Douala,20:15,2026-10-14
GEN-001,VIP 50,50,Douala - Yaoundé,Douala-Edea-Yaoundé,05:00,2026-10-15
GEN-009,Classique 70,70,Yaoundé - Douala,Yaoundé-Edea-Douala,05:00,2026-10-15
GEN-025,VIP 50,50,Douala - Ouest,Douala-Bafang-Bafoussam,05:00,2026-10-15
GEN-017,VIP 50,50,Ouest - Douala,Bafoussam-Bafang-Douala,05:00,2026-10-15
GEN-002,Classique 70,70,Douala - Yaoundé,Douala-Edea-Yaoundé,05:15,2026-10-15
GEN-010,Premium 30,30,Yaoundé - Douala,Yaoundé-Edea-Douala,05:15,2026-10-15
GEN-003,VIP 50,50,Douala - Yaoundé,Douala-Edea-Yaoundé,05:30,2026-10-15
GEN-011,Classique 70,70,Yaoundé - Douala,Yaoundé-Edea-Douala,05:30,2026-10-15
GEN-026,VIP 50,50,Douala - Ouest,Douala-Bafang-Bafoussam,05:30,2026-10-15
GEN-018,Premium 30,30,Ouest - Douala,Bafoussam-Bafang-Douala,05:30,2026-10-15
GEN-004,Classique 70,70,Douala - Yaoundé,Douala-Edea-Yaoundé,05:45,2026-10-15
GEN-012,VIP 50,50,Yaoundé - Douala,Yaoundé-Edea-Douala,05:45,2026-10-15
GEN-005,Classique 70,70,Douala - Yaoundé,Douala-Edea-Yaoundé,06:00,2026-10-15
GEN-013,Premium 30,30,Yaoundé - Douala,Yaoundé-Edea-Douala,06:00,2026-10-15
GEN-027,Classique 70,70,Douala - Ouest,Douala-Bafang-Bafoussam,06:00,2026-10-15
GEN-019,Classique 70,70,Ouest - Douala,Bafoussam-Bafang-Douala,06:00,2026-10-15
GEN-006,Classique 70,70,Douala - Yaoundé,Douala-Edea-Yaoundé,06:15,2026-10-15
GEN-014,Classique 70,70,Yaoundé - Douala,Yaoundé-Edea-Douala,06:15,2026-10-15
GEN-007,Classique 70,70,Douala - Yaoundé,Douala-Edea-Yaoundé,06:30,2026-10-15
GEN-015,VIP 50,50,Yaoundé - Douala,Yaoundé-Edea-Douala,06:30,2026-10-15
GEN-028,Premium 30,30,Douala - Ouest,Douala-Bafang-Bafoussam,06:30,2026-10-15
GEN-020,Premium 30,30,Ouest - Douala,Bafoussam-Bafang-Douala,06:30,2026-10-15
GEN-008,VIP 50,50,Douala - Yaoundé,Douala-Edea-Yaoundé,06:45,2026-10-15
GEN-016,VIP 50,50,Yaoundé - Douala,Yaoundé-Edea-Douala,06:45,2026-10-15
GEN-029,Classique 70,70,Douala - Ouest,Douala-Bafang-Bafoussam,07:00,2026-10-15
GEN-021,Classique 70,70,Ouest - Douala,Bafoussam-Bafang-Douala,07:00,2026-10-15
GEN-030,VIP 50,50,Douala - Ouest,Douala-Bafang-Bafoussam,07:30,2026-10-15
GEN-022,VIP 50,50,Ouest - Douala,Bafoussam-Bafang-Douala,07:30,2026-10-15
GEN-031,Premium 30,30,Douala - Ouest,Douala-Bafang-Bafoussam,08:00,2026-10-15
GEN-023,Classique 70,70,Ouest - Douala,Bafoussam-Bafang-Douala,08:00,2026-10-15
GEN-032,VIP 50,50,Douala - Ouest,Douala-Bafang-Bafoussam,08:30,2026-10-15
GEN-024,Premium 30,30,Ouest - Douala,Bafoussam-Bafang-Douala,08:30,2026-10-15
GEN-009,Classique 70,70,Douala - Yaoundé,Douala-Edea-Yaoundé,09:30,2026-10-15
GEN-001,VIP 50,50,Yaoundé - Douala,Yaoundé-Edea-Douala,09:30,2026-10-15
GEN-010,Premium 30,30,Douala - Yaoundé,Douala-Edea-Yaoundé,09:45,2026-10-15
GEN-002,Classique 70,70,Yaoundé - Douala,Yaoundé-Edea-Douala,09:45,2026-10-15
GEN-011,Classique 70,70,Douala - Yaoundé,Douala-Edea-Yaoundé,10:00,2026-10-15
GEN-003,VIP 50,50,Yaoundé - Douala,Yaoundé-Edea-Douala,10:00,2026-10-15
GEN-012,VIP 50,50,Douala - Yaoundé,Douala-Edea-Yaoundé,10:15,2026-10-15
GEN-004,Classique 70,70,Yaoundé - Douala,Yaoundé-Edea-Douala,10:15,2026-10-15
GEN-013,Premium 30,30,Douala - Yaoundé,Douala-Edea-Yaoundé,10:30,2026-10-15
GEN-005,Classique 70,70,Yaoundé - Douala,Yaoundé-Edea-Douala,10:30,2026-10-15
GEN-017,VIP 50,50,Douala - Ouest,Douala-Bafang-Bafoussam,10:30,2026-10-15
GEN-025,VIP 50,50,Ouest - Douala,Bafoussam-Bafang-Douala,10:30,2026-10-15
GEN-014,Classique 70,70,Douala - Yaoundé,Douala-Edea-Yaoundé,10:45,2026-10-15
GEN-006,Classique 70,70,Yaoundé - Douala,Yaoundé-Edea-Douala,10:45,2026-10-15
GEN-015,VIP 50,50,Douala - Yaoundé,Douala-Edea-Yaoundé,11:00,2026-10-15
GEN-007,Classique 70,70,Yaoundé - Douala,Yaoundé-Edea-Douala,11:00,2026-10-15
GEN-018,Premium 30,30,Douala - Ouest,Douala-Bafang-Bafoussam,11:00,2026-10-15
GEN-026,VIP 50,50,Ouest - Douala,Bafoussam-Bafang-Douala,11:00,2026-10-15
GEN-016,VIP 50,50,Douala - Yaoundé,Douala-Edea-Yaoundé,11:15,2026-10-15
GEN-008,VIP 50,50,Yaoundé - Douala,Yaoundé-Edea-Douala,11:15,2026-10-15
GEN-019,Classique 70,70,Douala - Ouest,Douala-Bafang-Bafoussam,11:30,2026-10-15
GEN-027,Classique 70,70,Ouest - Douala,Bafoussam-Bafang-Douala,11:30,2026-10-15
GEN-020,Premium 30,30,Douala - Ouest,Douala-Bafang-Bafoussam,12:00,2026-10-15
GEN-028,Premium 30,30,Ouest - Douala,Bafoussam-Bafang-Douala,12:00,2026-10-15
GEN-021,Classique 70,70,Douala - Ouest,Douala-Bafang-Bafoussam,12:30,2026-10-15
GEN-029,Classique 70,70,Ouest - Douala,Bafoussam-Bafang-Douala,12:30,2026-10-15
GEN-022,VIP 50,50,Douala - Ouest,Douala-Bafang-Bafoussam,13:00,2026-10-15
GEN-030,VIP 50,50,Ouest - Douala,Bafoussam-Bafang-Douala,13:00,2026-10-15
GEN-023,Classique 70,70,Douala - Ouest,Douala-Bafang-Bafoussam,13:30,2026-10-15
GEN-031,Premium 30,30,Ouest - Douala,Bafoussam-Bafang-Douala,13:30,2026-10-15
GEN-001,VIP 50,50,Douala - Yaoundé,Douala-Edea-Yaoundé,14:00,2026-10-15
GEN-009,Classique 70,70,Yaoundé - Douala,Yaoundé-Edea-Douala,14:00,2026-10-15
GEN-024,Premium 30,30,Douala - Ouest,Douala-Bafang-Bafoussam,14:00,2026-10-15
GEN-032,VIP 50,50,Ouest - Douala,Bafoussam-Bafang-Douala,14:00,2026-10-15
GEN-002,Classique 70,70,Douala - Yaoundé,Douala-Edea-Yaoundé,14:15,2026-10-15
GEN-010,Premium 30,30,Yaoundé - Douala,Yaoundé-Edea-Douala,14:15,2026-10-15
GEN-003,VIP 50,50,Douala - Yaoundé,Douala-Edea-Yaoundé,14:30,2026-10-15
GEN-011,Classique 70,70,Yaoundé - Douala,Yaoundé-Edea-Douala,14:30,2026-10-15
GEN-004,Classique 70,70,Douala - Yaoundé,Douala-Edea-Yaoundé,14:45,2026-10-15
GEN-012,VIP 50,50,Yaoundé - Douala,Yaoundé-Edea-Douala,14:45,2026-10-15
GEN-005,Classique 70,70,Douala - Yaoundé,Douala-Edea-Yaoundé,15:00,2026-10-15
GEN-013,Premium 30,30,Yaoundé - Douala,Yaoundé-Edea-Douala,15:00,2026-10-15
GEN-006,Classique 70,70,Douala - Yaoundé,Douala-Edea-Yaoundé,15:15,2026-10-15
GEN-014,Classique 70,70,Yaoundé - Douala,Yaoundé-Edea-Douala,15:15,2026-10-15
GEN-007,Classique 70,70,Douala - Yaoundé,Douala-Edea-Yaoundé,15:30,2026-10-15
GEN-015,VIP 50,50,Yaoundé - Douala,Yaoundé-Edea-Douala,15:30,2026-10-15
GEN-008,VIP 50,50,Douala - Yaoundé,Douala-Edea-Yaoundé,15:45,2026-10-15
GEN-016,VIP 50,50,Yaoundé - Douala,Yaoundé-Edea-Douala,15:45,2026-10-15
GEN-025,VIP 50,50,Douala - Ouest,Douala-Bafang-Bafoussam,16:00,2026-10-15
GEN-017,VIP 50,50,Ouest - Douala,Bafoussam-Bafang-Douala,16:00,2026-10-15
GEN-026,VIP 50,50,Douala - Ouest,Douala-Bafang-Bafoussam,16:30,2026-10-15
GEN-018,Premium 30,30,Ouest - Douala,Bafoussam-Bafang-Douala,16:30,2026-10-15
GEN-027,Classique 70,70,Douala - Ouest,Douala-Bafang-Bafoussam,17:00,2026-10-15
GEN-019,Classique 70,70,Ouest - Douala,Bafoussam-Bafang-Douala,17:00,2026-10-15
GEN-028,Premium 30,30,Douala - Ouest,Douala-Bafang-Bafoussam,17:30,2026-10-15
GEN-020,Premium 30,30,Ouest - Douala,Bafoussam-Bafang-Douala,17:30,2026-10-15
GEN-029,Classique 70,70,Douala - Ouest,Douala-Bafang-Bafoussam,18:00,2026-10-15
GEN-021,Classique 70,70,Ouest - Douala,Bafoussam-Bafang-Douala,18:00,2026-10-15
GEN-009,Classique 70,70,Douala - Yaoundé,Douala-Edea-Yaoundé,18:30,2026-10-15
GEN-001,VIP 50,50,Yaoundé - Douala,Yaoundé-Edea-Douala,18:30,2026-10-15
GEN-030,VIP 50,50,Douala - Ouest,Douala-Bafang-Bafoussam,18:30,2026-10-15
GEN-022,VIP 50,50,Ouest - Douala,Bafoussam-Bafang-Douala,18:30,2026-10-15
GEN-010,Premium 30,30,Douala - Yaoundé,Douala-Edea-Yaoundé,18:45,2026-10-15
GEN-002,Classique 70,70,Yaoundé - Douala,Yaoundé-Edea-Douala,18:45,2026-10-15
GEN-011,Classique 70,70,Douala - Yaoundé,Douala-Edea-Yaoundé,19:00,2026-10-15
GEN-003,VIP 50,50,Yaoundé - Douala,Yaoundé-Edea-Douala,19:00,2026-10-15
GEN-031,Premium 30,30,Douala - Ouest,Douala-Bafang-Bafoussam,19:00,2026-10-15
GEN-023,Classique 70,70,Ouest - Douala,Bafoussam-Bafang-Douala,19:00,2026-10-15
GEN-012,VIP 50,50,Douala - Yaoundé,Douala-Edea-Yaoundé,19:15,2026-10-15
GEN-004,Classique 70,70,Yaoundé - Douala,Yaoundé-Edea-Douala,19:15,2026-10-15
GEN-013,Premium 30,30,Douala - Yaoundé,Douala-Edea-Yaoundé,19:30,2026-10-15
GEN-005,Classique 70,70,Yaoundé - Douala,Yaoundé-Edea-Douala,19:30,2026-10-15
GEN-032,VIP 50,50,Douala - Ouest,Douala-Bafang-Bafoussam,19:30,2026-10-15
GEN-024,Premium 30,30,Ouest - Douala,Bafoussam-Bafang-Douala,19:30,2026-10-15
GEN-014,Classique 70,70,Douala - Yaoundé,Douala-Edea-Yaoundé,19:45,2026-10-15
GEN-006,Classique 70,70,Yaoundé - Douala,Yaoundé-Edea-Douala,19:45,2026-10-15
GEN-015,VIP 50,50,Douala - Yaoundé,Douala-Edea-Yaoundé,20:00,2026-10-15
GEN-007,Classique 70,70,Yaoundé - Douala,Yaoundé-Edea-Douala,20:00,2026-10-15
GEN-016,VIP 50,50,Douala - Yaoundé,Douala-Edea-Yaoundé,20:15,2026-10-15
GEN-008,VIP 50,50,Yaoundé - Douala,Yaoundé-Edea-Douala,20:15,2026-10-15
GEN-001,VIP 50,50,Douala - Yaoundé,Douala-Edea-Yaoundé,05:00,2026-10-16
GEN-009,Classique 70,70,Yaoundé - Douala,Yaoundé-Edea-Douala,05:00,2026-10-16
GEN-017,VIP 50,50,Douala - Ouest,Douala-Bafang-Bafoussam,05:00,2026-10-16
GEN-025,VIP 50,50,Ouest - Douala,Bafoussam-Bafang-Douala,05:00,2026-10-16
GEN-002,Classique 70,70,Douala - Yaoundé,Douala-Edea-Yaoundé,05:15,2026-10-16
GEN-010,Premium 30,30,Yaoundé - Douala,Yaoundé-Edea-Douala,05:15,2026-10-16
GEN-003,VIP 50,50,Douala - Yaoundé,Douala-Edea-Yaoundé,05:30,2026-10-16
GEN-011,Classique 70,70,Yaoundé - Douala,Yaoundé-Edea-Douala,05:30,2026-10-16
GEN-018,Premium 30,30,Douala - Ouest,Douala-Bafang-Bafoussam,05:30,2026-10-16
GEN-026,VIP 50,50,Ouest - Douala,Bafoussam-Bafang-Douala,05:30,2026-10-16
GEN-004,Classique 70,70,Douala - Yaoundé,Douala-Edea-Yaoundé,05:45,2026-10-16
GEN-012,VIP 50,50,Yaoundé - Douala,Yaoundé-Edea-Douala,05:45,2026-10-16
GEN-005,Classique 70,70,Douala - Yaoundé,Douala-Edea-Yaoundé,06:00,2026-10-16
GEN-013,Premium 30,30,Yaoundé - Douala,Yaoundé-Edea-Douala,06:00,2026-10-16
GEN-019,Classique 70,70,Douala - Ouest,Douala-Bafang-Bafoussam,06:00,2026-10-16
GEN-027,Classique 70,70,Ouest - Douala,Bafoussam-Bafang-Douala,06:00,2026-10-16
GEN-006,Classique 70,70,Douala - Yaoundé,Douala-Edea-Yaoundé,06:15,2026-10-16
GEN-014,Classique 70,70,Yaoundé - Douala,Yaoundé-Edea-Douala,06:15,2026-10-16
GEN-007,Classique 70,70,Douala - Yaoundé,Douala-Edea-Yaoundé,06:30,2026-10-16
GEN-015,VIP 50,50,Yaoundé - Douala,Yaoundé-Edea-Douala,06:30,2026-10-16
GEN-020,Premium 30,30,Douala - Ouest,Douala-Bafang-Bafoussam,06:30,2026-10-16
GEN-028,Premium 30,30,Ouest - Douala,Bafoussam-Bafang-Douala,06:30,2026-10-16
GEN-008,VIP 50,50,Douala - Yaoundé,Douala-Edea-Yaoundé,06:45,2026-10-16
GEN-016,VIP 50,50,Yaoundé - Douala,Yaoundé-Edea-Douala,06:45,2026-10-16
GEN-021,Classique 70,70,Douala - Ouest,Douala-Bafang-Bafoussam,07:00,2026-10-16
GEN-029,Classique 70,70,Ouest - Douala,Bafoussam-Bafang-Douala,07:00,2026-10-16
GEN-022,VIP 50,50,Douala - Ouest,Douala-Bafang-Bafoussam,07:30,2026-10-16
GEN-030,VIP 50,50,Ouest - Douala,Bafoussam-Bafang-Douala,07:30,2026-10-16
GEN-023,Classique 70,70,Douala - Ouest,Douala-Bafang-Bafoussam,08:00,2026-10-16
GEN-031,Premium 30,30,Ouest - Douala,Bafoussam-Bafang-Douala,08:00,2026-10-16
GEN-024,Premium 30,30,Douala - Ouest,Douala-Bafang-Bafoussam,08:30,2026-10-16
GEN-032,VIP 50,50,Ouest - Douala,Bafoussam-Bafang-Douala,08:30,2026-10-16
GEN-009,Classique 70,70,Douala - Yaoundé,Douala-Edea-Yaoundé,09:30,2026-10-16
GEN-001,VIP 50,50,Yaoundé - Douala,Yaoundé-Edea-Douala,09:30,2026-10-16
GEN-010,Premium 30,30,Douala - Yaoundé,Douala-Edea-Yaoundé,09:45,2026-10-16
GEN-002,Classique 70,70,Yaoundé - Douala,Yaoundé-Edea-Douala,09:45,2026-10-16
GEN-011,Classique 70,70,Douala - Yaoundé,Douala-Edea-Yaoundé,10:00,2026-10-16
GEN-003,VIP 50,50,Yaoundé - Douala,Yaoundé-Edea-Douala,10:00,2026-10-16
GEN-012,VIP 50,50,Douala - Yaoundé,Douala-Edea-Yaoundé,10:15,2026-10-16
GEN-004,Classique 70,70,Yaoundé - Douala,Yaoundé-Edea-Douala,10:15,2026-10-16
GEN-013,Premium 30,30,Douala - Yaoundé,Douala-Edea-Yaoundé,10:30,2026-10-16
GEN-005,Classique 70,70,Yaoundé - Douala,Yaoundé-Edea-Douala,10:30,2026-10-16
GEN-025,VIP 50,50,Douala - Ouest,Douala-Bafang-Bafoussam,10:30,2026-10-16
GEN-017,VIP 50,50,Ouest - Douala,Bafoussam-Bafang-Douala,10:30,2026-10-16
GEN-014,Classique 70,70,Douala - Yaoundé,Douala-Edea-Yaoundé,10:45,2026-10-16
GEN-006,Classique 70,70,Yaoundé - Douala,Yaoundé-Edea-Douala,10:45,2026-10-16
GEN-015,VIP 50,50,Douala - Yaoundé,Douala-Edea-Yaoundé,11:00,2026-10-16
GEN-007,Classique 70,70,Yaoundé - Douala,Yaoundé-Edea-Douala,11:00,2026-10-16
GEN-026,VIP 50,50,Douala - Ouest,Douala-Bafang-Bafoussam,11:00,2026-10-16
GEN-018,Premium 30,30,Ouest - Douala,Bafoussam-Bafang-Douala,11:00,2026-10-16
GEN-016,VIP 50,50,Douala - Yaoundé,Douala-Edea-Yaoundé,11:15,2026-10-16
GEN-008,VIP 50,50,Yaoundé - Douala,Yaoundé-Edea-Douala,11:15,2026-10-16
GEN-027,Classique 70,70,Douala - Ouest,Douala-Bafang-Bafoussam,11:30,2026-10-16
GEN-019,Classique 70,70,Ouest - Douala,Bafoussam-Bafang-Douala,11:30,2026-10-16
GEN-028,Premium 30,30,Douala - Ouest,Douala-Bafang-Bafoussam,12:00,2026-10-16
GEN-020,Premium 30,30,Ouest - Douala,Bafoussam-Bafang-Douala,12:00,2026-10-16
GEN-029,Classique 70,70,Douala - Ouest,Douala-Bafang-Bafoussam,12:30,2026-10-16
GEN-021,Classique 70,70,Ouest - Douala,Bafoussam-Bafang-Douala,12:30,2026-10-16
GEN-030,VIP 50,50,Douala - Ouest,Douala-Bafang-Bafoussam,13:00,2026-10-16
GEN-022,VIP 50,50,Ouest - Douala,Bafoussam-Bafang-Douala,13:00,2026-10-16
GEN-031,Premium 30,30,Douala - Ouest,Douala-Bafang-Bafoussam,13:30,2026-10-16
GEN-023,Classique 70,70,Ouest - Douala,Bafoussam-Bafang-Douala,13:30,2026-10-16
GEN-001,VIP 50,50,Douala - Yaoundé,Douala-Edea-Yaoundé,14:00,2026-10-16
GEN-009,Classique 70,70,Yaoundé - Douala,Yaoundé-Edea-Douala,14:00,2026-10-16
GEN-032,VIP 50,50,Douala - Ouest,Douala-Bafang-Bafoussam,14:00,2026-10-16
GEN-024,Premium 30,30,Ouest - Douala,Bafoussam-Bafang-Douala,14:00,2026-10-16
GEN-002,Classique 70,70,Douala - Yaoundé,Douala-Edea-Yaoundé,14:15,2026-10-16
GEN-010,Premium 30,30,Yaoundé - Douala,Yaoundé-Edea-Douala,14:15,2026-10-16
GEN-003,VIP 50,50,Douala - Yaoundé,Douala-Edea-Yaoundé,14:30,2026-10-16
GEN-011,Classique 70,70,Yaoundé - Douala,Yaoundé-Edea-Douala,14:30,2026-10-16
GEN-004,Classique 70,70,Douala - Yaoundé,Douala-Edea-Yaoundé,14:45,2026-10-16
GEN-012,VIP 50,50,Yaoundé - Douala,Yaoundé-Edea-Douala,14:45,2026-10-16
GEN-005,Classique 70,70,Douala - Yaoundé,Douala-Edea-Yaoundé,15:00,2026-10-16
GEN-013,Premium 30,30,Yaoundé - Douala,Yaoundé-Edea-Douala,15:00,2026-10-16
GEN-006,Classique 70,70,Douala - Yaoundé,Douala-Edea-Yaoundé,15:15,2026-10-16
GEN-014,Classique 70,70,Yaoundé - Douala,Yaoundé-Edea-Douala,15:15,2026-10-16
GEN-007,Classique 70,70,Douala - Yaoundé,Douala-Edea-Yaoundé,15:30,2026-10-16
GEN-015,VIP 50,50,Yaoundé - Douala,Yaoundé-Edea-Douala,15:30,2026-10-16
GEN-008,VIP 50,50,Douala - Yaoundé,Douala-Edea-Yaoundé,15:45,2026-10-16
GEN-016,VIP 50,50,Yaoundé - Douala,Yaoundé-Edea-Douala,15:45,2026-10-16
GEN-017,VIP 50,50,Douala - Ouest,Douala-Bafang-Bafoussam,16:00,2026-10-16
GEN-025,VIP 50,50,Ouest - Douala,Bafoussam-Bafang-Douala,16:00,2026-10-16
GEN-018,Premium 30,30,Douala - Ouest,Douala-Bafang-Bafoussam,16:30,2026-10-16
GEN-026,VIP 50,50,Ouest - Douala,Bafoussam-Bafang-Douala,16:30,2026-10-16
GEN-019,Classique 70,70,Douala - Ouest,Douala-Bafang-Bafoussam,17:00,2026-10-16
GEN-027,Classique 70,70,Ouest - Douala,Bafoussam-Bafang-Douala,17:00,2026-10-16
GEN-020,Premium 30,30,Douala - Ouest,Douala-Bafang-Bafoussam,17:30,2026-10-16
GEN-028,Premium 30,30,Ouest - Douala,Bafoussam-Bafang-Douala,17:30,2026-10-16
GEN-021,Classique 70,70,Douala - Ouest,Douala-Bafang-Bafoussam,18:00,2026-10-16
GEN-029,Classique 70,70,Ouest - Douala,Bafoussam-Bafang-Douala,18:00,2026-10-16
GEN-009,Classique 70,70,Douala - Yaoundé,Douala-Edea-Yaoundé,18:30,2026-10-16
GEN-001,VIP 50,50,Yaoundé - Douala,Yaoundé-Edea-Douala,18:30,2026-10-16
GEN-022,VIP 50,50,Douala - Ouest,Douala-Bafang-Bafoussam,18:30,2026-10-16
GEN-030,VIP 50,50,Ouest - Douala,Bafoussam-Bafang-Douala,18:30,2026-10-16
GEN-010,Premium 30,30,Douala - Yaoundé,Douala-Edea-Yaoundé,18:45,2026-10-16
GEN-002,Classique 70,70,Yaoundé - Douala,Yaoundé-Edea-Douala,18:45,2026-10-16
GEN-011,Classique 70,70,Douala - Yaoundé,Douala-Edea-Yaoundé,19:00,2026-10-16
GEN-003,VIP 50,50,Yaoundé - Douala,Yaoundé-Edea-Douala,19:00,2026-10-16
GEN-023,Classique 70,70,Douala - Ouest,Douala-Bafang-Bafoussam,19:00,2026-10-16
GEN-031,Premium 30,30,Ouest - Douala,Bafoussam-Bafang-Douala,19:00,2026-10-16
GEN-012,VIP 50,50,Douala - Yaoundé,Douala-Edea-Yaoundé,19:15,2026-10-16
GEN-004,Classique 70,70,Yaoundé - Douala,Yaoundé-Edea-Douala,19:15,2026-10-16
GEN-013,Premium 30,30,Douala - Yaoundé,Douala-Edea-Yaoundé,19:30,2026-10-16
GEN-005,Classique 70,70,Yaoundé - Douala,Yaoundé-Edea-Douala,19:30,2026-10-16
GEN-024,Premium 30,30,Douala - Ouest,Douala-Bafang-Bafoussam,19:30,2026-10-16
GEN-032,VIP 50,50,Ouest - Douala,Bafoussam-Bafang-Douala,19:30,2026-10-16
GEN-014,Classique 70,70,Douala - Yaoundé,Douala-Edea-Yaoundé,19:45,2026-10-16
GEN-006,Classique 70,70,Yaoundé - Douala,Yaoundé-Edea-Douala,19:45,2026-10-16
GEN-015,VIP 50,50,Douala - Yaoundé,Douala-Edea-Yaoundé,20:00,2026-10-16
GEN-007,Classique 70,70,Yaoundé - Douala,Yaoundé-Edea-Douala,20:00,2026-10-16
GEN-016,VIP 50,50,Douala - Yaoundé,Douala-Edea-Yaoundé,20:15,2026-10-16
GEN-008,VIP 50,50,Yaoundé - Douala,Yaoundé-Edea-Douala,20:15,2026-10-16
GEN-001,VIP 50,50,Douala - Yaoundé,Douala-Edea-Yaoundé,05:00,2026-10-17
GEN-009,Classique 70,70,Yaoundé - Douala,Yaoundé-Edea-Douala,05:00,2026-10-17
GEN-025,VIP 50,50,Douala - Ouest,Douala-Bafang-Bafoussam,05:00,2026-10-17
GEN-017,VIP 50,50,Ouest - Douala,Bafoussam-Bafang-Douala,05:00,2026-10-17
GEN-002,Classique 70,70,Douala - Yaoundé,Douala-Edea-Yaoundé,05:15,2026-10-17
GEN-010,Premium 30,30,Yaoundé - Douala,Yaoundé-Edea-Douala,05:15,2026-10-17
GEN-003,VIP 50,50,Douala - Yaoundé,Douala-Edea-Yaoundé,05:30,2026-10-17
GEN-011,Classique 70,70,Yaoundé - Douala,Yaoundé-Edea-Douala,05:30,2026-10-17
GEN-026,VIP 50,50,Douala - Ouest,Douala-Bafang-Bafoussam,05:30,2026-10-17
GEN-018,Premium 30,30,Ouest - Douala,Bafoussam-Bafang-Douala,05:30,2026-10-17
GEN-004,Classique 70,70,Douala - Yaoundé,Douala-Edea-Yaoundé,05:45,2026-10-17
GEN-012,VIP 50,50,Yaoundé - Douala,Yaoundé-Edea-Douala,05:45,2026-10-17
GEN-005,Classique 70,70,Douala - Yaoundé,Douala-Edea-Yaoundé,06:00,2026-10-17
GEN-013,Premium 30,30,Yaoundé - Douala,Yaoundé-Edea-Douala,06:00,2026-10-17
GEN-027,Classique 70,70,Douala - Ouest,Douala-Bafang-Bafoussam,06:00,2026-10-17
GEN-019,Classique 70,70,Ouest - Douala,Bafoussam-Bafang-Douala,06:00,2026-10-17
GEN-006,Classique 70,70,Douala - Yaoundé,Douala-Edea-Yaoundé,06:15,2026-10-17
GEN-014,Classique 70,70,Yaoundé - Douala,Yaoundé-Edea-Douala,06:15,2026-10-17
GEN-007,Classique 70,70,Douala - Yaoundé,Douala-Edea-Yaoundé,06:30,2026-10-17
GEN-015,VIP 50,50,Yaoundé - Douala,Yaoundé-Edea-Douala,06:30,2026-10-17
GEN-028,Premium 30,30,Douala - Ouest,Douala-Bafang-Bafoussam,06:30,2026-10-17
GEN-020,Premium 30,30,Ouest - Douala,Bafoussam-Bafang-Douala,06:30,2026-10-17
GEN-008,VIP 50,50,Douala - Yaoundé,Douala-Edea-Yaoundé,06:45,2026-10-17
GEN-016,VIP 50,50,Yaoundé - Douala,Yaoundé-Edea-Douala,06:45,2026-10-17
GEN-029,Classique 70,70,Douala - Ouest,Douala-Bafang-Bafoussam,07:00,2026-10-17
GEN-021,Classique 70,70,Ouest - Douala,Bafoussam-Bafang-Douala,07:00,2026-10-17
GEN-030,VIP 50,50,Douala - Ouest,Douala-Bafang-Bafoussam,07:30,2026-10-17
GEN-022,VIP 50,50,Ouest - Douala,Bafoussam-Bafang-Douala,07:30,2026-10-17
GEN-031,Premium 30,30,Douala - Ouest,Douala-Bafang-Bafoussam,08:00,2026-10-17
GEN-023,Classique 70,70,Ouest - Douala,Bafoussam-Bafang-Douala,08:00,2026-10-17
GEN-032,VIP 50,50,Douala - Ouest,Douala-Bafang-Bafoussam,08:30,2026-10-17
GEN-024,Premium 30,30,Ouest - Douala,Bafoussam-Bafang-Douala,08:30,2026-10-17
GEN-009,Classique 70,70,Douala - Yaoundé,Douala-Edea-Yaoundé,09:30,2026-10-17
GEN-001,VIP 50,50,Yaoundé - Douala,Yaoundé-Edea-Douala,09:30,2026-10-17
GEN-010,Premium 30,30,Douala - Yaoundé,Douala-Edea-Yaoundé,09:45,2026-10-17
GEN-002,Classique 70,70,Yaoundé - Douala,Yaoundé-Edea-Douala,09:45,2026-10-17
GEN-011,Classique 70,70,Douala - Yaoundé,Douala-Edea-Yaoundé,10:00,2026-10-17
GEN-003,VIP 50,50,Yaoundé - Douala,Yaoundé-Edea-Douala,10:00,2026-10-17
GEN-012,VIP 50,50,Douala - Yaoundé,Douala-Edea-Yaoundé,10:15,2026-10-17
GEN-004,Classique 70,70,Yaoundé - Douala,Yaoundé-Edea-Douala,10:15,2026-10-17
GEN-013,Premium 30,30,Douala - Yaoundé,Douala-Edea-Yaoundé,10:30,2026-10-17
GEN-005,Classique 70,70,Yaoundé - Douala,Yaoundé-Edea-Douala,10:30,2026-10-17
GEN-017,VIP 50,50,Douala - Ouest,Douala-Bafang-Bafoussam,10:30,2026-10-17
GEN-025,VIP 50,50,Ouest - Douala,Bafoussam-Bafang-Douala,10:30,2026-10-17
GEN-014,Classique 70,70,Douala - Yaoundé,Douala-Edea-Yaoundé,10:45,2026-10-17
GEN-006,Classique 70,70,Yaoundé - Douala,Yaoundé-Edea-Douala,10:45,2026-10-17
GEN-015,VIP 50,50,Douala - Yaoundé,Douala-Edea-Yaoundé,11:00,2026-10-17
GEN-007,Classique 70,70,Yaoundé - Douala,Yaoundé-Edea-Douala,11:00,2026-10-17
GEN-018,Premium 30,30,Douala - Ouest,Douala-Bafang-Bafoussam,11:00,2026-10-17
GEN-026,VIP 50,50,Ouest - Douala,Bafoussam-Bafang-Douala,11:00,2026-10-17
GEN-016,VIP 50,50,Douala - Yaoundé,Douala-Edea-Yaoundé,11:15,2026-10-17
GEN-008,VIP 50,50,Yaoundé - Douala,Yaoundé-Edea-Douala,11:15,2026-10-17
GEN-019,Classique 70,70,Douala - Ouest,Douala-Bafang-Bafoussam,11:30,2026-10-17
GEN-027,Classique 70,70,Ouest - Douala,Bafoussam-Bafang-Douala,11:30,2026-10-17
GEN-020,Premium 30,30,Douala - Ouest,Douala-Bafang-Bafoussam,12:00,2026-10-17
GEN-028,Premium 30,30,Ouest - Douala,Bafoussam-Bafang-Douala,12:00,2026-10-17
GEN-021,Classique 70,70,Douala - Ouest,Douala-Bafang-Bafoussam,12:30,2026-10-17
GEN-029,Classique 70,70,Ouest - Douala,Bafoussam-Bafang-Douala,12:30,2026-10-17
GEN-022,VIP 50,50,Douala - Ouest,Douala-Bafang-Bafoussam,13:00,2026-10-17
GEN-030,VIP 50,50,Ouest - Douala,Bafoussam-Bafang-Douala,13:00,2026-10-17
GEN-023,Classique 70,70,Douala - Ouest,Douala-Bafang-Bafoussam,13:30,2026-10-17
GEN-031,Premium 30,30,Ouest - Douala,Bafoussam-Bafang-Douala,13:30,2026-10-17
GEN-001,VIP 50,50,Douala - Yaoundé,Douala-Edea-Yaoundé,14:00,2026-10-17
GEN-009,Classique 70,70,Yaoundé - Douala,Yaoundé-Edea-Douala,14:00,2026-10-17
GEN-024,Premium 30,30,Douala - Ouest,Douala-Bafang-Bafoussam,14:00,2026-10-17
GEN-032,VIP 50,50,Ouest - Douala,Bafoussam-Bafang-Douala,14:00,2026-10-17
GEN-002,Classique 70,70,Douala - Yaoundé,Douala-Edea-Yaoundé,14:15,2026-10-17
GEN-010,Premium 30,30,Yaoundé - Douala,Yaoundé-Edea-Douala,14:15,2026-10-17
GEN-003,VIP 50,50,Douala - Yaoundé,Douala-Edea-Yaoundé,14:30,2026-10-17
GEN-011,Classique 70,70,Yaoundé - Douala,Yaoundé-Edea-Douala,14:30,2026-10-17
GEN-004,Classique 70,70,Douala - Yaoundé,Douala-Edea-Yaoundé,14:45,2026-10-17
GEN-012,VIP 50,50,Yaoundé - Douala,Yaoundé-Edea-Douala,14:45,2026-10-17
GEN-005,Classique 70,70,Douala - Yaoundé,Douala-Edea-Yaoundé,15:00,2026-10-17
GEN-013,Premium 30,30,Yaoundé - Douala,Yaoundé-Edea-Douala,15:00,2026-10-17
GEN-006,Classique 70,70,Douala - Yaoundé,Douala-Edea-Yaoundé,15:15,2026-10-17
GEN-014,Classique 70,70,Yaoundé - Douala,Yaoundé-Edea-Douala,15:15,2026-10-17
GEN-007,Classique 70,70,Douala - Yaoundé,Douala-Edea-Yaoundé,15:30,2026-10-17
GEN-015,VIP 50,50,Yaoundé - Douala,Yaoundé-Edea-Douala,15:30,2026-10-17
GEN-008,VIP 50,50,Douala - Yaoundé,Douala-Edea-Yaoundé,15:45,2026-10-17
GEN-016,VIP 50,50,Yaoundé - Douala,Yaoundé-Edea-Douala,15:45,2026-10-17
GEN-025,VIP 50,50,Douala - Ouest,Douala-Bafang-Bafoussam,16:00,2026-10-17
GEN-017,VIP 50,50,Ouest - Douala,Bafoussam-Bafang-Douala,16:00,2026-10-17
GEN-026,VIP 50,50,Douala - Ouest,Douala-Bafang-Bafoussam,16:30,2026-10-17
GEN-018,Premium 30,30,Ouest - Douala,Bafoussam-Bafang-Douala,16:30,2026-10-17
GEN-027,Classique 70,70,Douala - Ouest,Douala-Bafang-Bafoussam,17:00,2026-10-17
GEN-019,Classique 70,70,Ouest - Douala,Bafoussam-Bafang-Douala,17:00,2026-10-17
GEN-028,Premium 30,30,Douala - Ouest,Douala-Bafang-Bafoussam,17:30,2026-10-17
GEN-020,Premium 30,30,Ouest - Douala,Bafoussam-Bafang-Douala,17:30,2026-10-17
GEN-029,Classique 70,70,Douala - Ouest,Douala-Bafang-Bafoussam,18:00,2026-10-17
GEN-021,Classique 70,70,Ouest - Douala,Bafoussam-Bafang-Douala,18:00,2026-10-17
GEN-009,Classique 70,70,Douala - Yaoundé,Douala-Edea-Yaoundé,18:30,2026-10-17
GEN-001,VIP 50,50,Yaoundé - Douala,Yaoundé-Edea-Douala,18:30,2026-10-17
GEN-030,VIP 50,50,Douala - Ouest,Douala-Bafang-Bafoussam,18:30,2026-10-17
GEN-022,VIP 50,50,Ouest - Douala,Bafoussam-Bafang-Douala,18:30,2026-10-17
GEN-010,Premium 30,30,Douala - Yaoundé,Douala-Edea-Yaoundé,18:45,2026-10-17
GEN-002,Classique 70,70,Yaoundé - Douala,Yaoundé-Edea-Douala,18:45,2026-10-17
GEN-011,Classique 70,70,Douala - Yaoundé,Douala-Edea-Yaoundé,19:00,2026-10-17
GEN-003,VIP 50,50,Yaoundé - Douala,Yaoundé-Edea-Douala,19:00,2026-10-17
GEN-031,Premium 30,30,Douala - Ouest,Douala-Bafang-Bafoussam,19:00,2026-10-17
GEN-023,Classique 70,70,Ouest - Douala,Bafoussam-Bafang-Douala,19:00,2026-10-17
GEN-012,VIP 50,50,Douala - Yaoundé,Douala-Edea-Yaoundé,19:15,2026-10-17
GEN-004,Classique 70,70,Yaoundé - Douala,Yaoundé-Edea-Douala,19:15,2026-10-17
GEN-013,Premium 30,30,Douala - Yaoundé,Douala-Edea-Yaoundé,19:30,2026-10-17
GEN-005,Classique 70,70,Yaoundé - Douala,Yaoundé-Edea-Douala,19:30,2026-10-17
GEN-032,VIP 50,50,Douala - Ouest,Douala-Bafang-Bafoussam,19:30,2026-10-17
GEN-024,Premium 30,30,Ouest - Douala,Bafoussam-Bafang-Douala,19:30,2026-10-17
GEN-014,Classique 70,70,Douala - Yaoundé,Douala-Edea-Yaoundé,19:45,2026-10-17
GEN-006,Classique 70,70,Yaoundé - Douala,Yaoundé-Edea-Douala,19:45,2026-10-17
GEN-015,VIP 50,50,Douala - Yaoundé,Douala-Edea-Yaoundé,20:00,2026-10-17
GEN-007,Classique 70,70,Yaoundé - Douala,Yaoundé-Edea-Douala,20:00,2026-10-17
GEN-016,VIP 50,50,Douala - Yaoundé,Douala-Edea-Yaoundé,20:15,2026-10-17
GEN-008,VIP 50,50,Yaoundé - Douala,Yaoundé-Edea-Douala,20:15,2026-10-17
GEN-001,VIP 50,50,Douala - Yaoundé,Douala-Edea-Yaoundé,05:00,2026-10-18
GEN-009,Classique 70,70,Yaoundé - Douala,Yaoundé-Edea-Douala,05:00,2026-10-18
GEN-017,VIP 50,50,Douala - Ouest,Douala-Bafang-Bafoussam,05:00,2026-10-18
GEN-025,VIP 50,50,Ouest - Douala,Bafoussam-Bafang-Douala,05:00,2026-10-18
GEN-002,Classique 70,70,Douala - Yaoundé,Douala-Edea-Yaoundé,05:15,2026-10-18
GEN-010,Premium 30,30,Yaoundé - Douala,Yaoundé-Edea-Douala,05:15,2026-10-18
GEN-003,VIP 50,50,Douala - Yaoundé,Douala-Edea-Yaoundé,05:30,2026-10-18
GEN-011,Classique 70,70,Yaoundé - Douala,Yaoundé-Edea-Douala,05:30,2026-10-18
GEN-018,Premium 30,30,Douala - Ouest,Douala-Bafang-Bafoussam,05:30,2026-10-18
GEN-026,VIP 50,50,Ouest - Douala,Bafoussam-Bafang-Douala,05:30,2026-10-18
GEN-004,Classique 70,70,Douala - Yaoundé,Douala-Edea-Yaoundé,05:45,2026-10-18
GEN-012,VIP 50,50,Yaoundé - Douala,Yaoundé-Edea-Douala,05:45,2026-10-18
GEN-005,Classique 70,70,Douala - Yaoundé,Douala-Edea-Yaoundé,06:00,2026-10-18
GEN-013,Premium 30,30,Yaoundé - Douala,Yaoundé-Edea-Douala,06:00,2026-10-18
GEN-019,Classique 70,70,Douala - Ouest,Douala-Bafang-Bafoussam,06:00,2026-10-18
GEN-027,Classique 70,70,Ouest - Douala,Bafoussam-Bafang-Douala,06:00,2026-10-18
GEN-006,Classique 70,70,Douala - Yaoundé,Douala-Edea-Yaoundé,06:15,2026-10-18
GEN-014,Classique 70,70,Yaoundé - Douala,Yaoundé-Edea-Douala,06:15,2026-10-18
GEN-007,Classique 70,70,Douala - Yaoundé,Douala-Edea-Yaoundé,06:30,2026-10-18
GEN-015,VIP 50,50,Yaoundé - Douala,Yaoundé-Edea-Douala,06:30,2026-10-18
GEN-020,Premium 30,30,Douala - Ouest,Douala-Bafang-Bafoussam,06:30,2026-10-18
GEN-028,Premium 30,30,Ouest - Douala,Bafoussam-Bafang-Douala,06:30,2026-10-18
GEN-008,VIP 50,50,Douala - Yaoundé,Douala-Edea-Yaoundé,06:45,2026-10-18
GEN-016,VIP 50,50,Yaoundé - Douala,Yaoundé-Edea-Douala,06:45,2026-10-18
GEN-021,Classique 70,70,Douala - Ouest,Douala-Bafang-Bafoussam,07:00,2026-10-18
GEN-029,Classique 70,70,Ouest - Douala,Bafoussam-Bafang-Douala,07:00,2026-10-18
GEN-022,VIP 50,50,Douala - Ouest,Douala-Bafang-Bafoussam,07:30,2026-10-18
GEN-030,VIP 50,50,Ouest - Douala,Bafoussam-Bafang-Douala,07:30,2026-10-18
GEN-023,Classique 70,70,Douala - Ouest,Douala-Bafang-Bafoussam,08:00,2026-10-18
GEN-031,Premium 30,30,Ouest - Douala,Bafoussam-Bafang-Douala,08:00,2026-10-18
GEN-024,Premium 30,30,Douala - Ouest,Douala-Bafang-Bafoussam,08:30,2026-10-18
GEN-032,VIP 50,50,Ouest - Douala,Bafoussam-Bafang-Douala,08:30,2026-10-18
GEN-009,Classique 70,70,Douala - Yaoundé,Douala-Edea-Yaoundé,09:30,2026-10-18
GEN-001,VIP 50,50,Yaoundé - Douala,Yaoundé-Edea-Douala,09:30,2026-10-18
GEN-010,Premium 30,30,Douala - Yaoundé,Douala-Edea-Yaoundé,09:45,2026-10-18
GEN-002,Classique 70,70,Yaoundé - Douala,Yaoundé-Edea-Douala,09:45,2026-10-18
GEN-011,Classique 70,70,Douala - Yaoundé,Douala-Edea-Yaoundé,10:00,2026-10-18
GEN-003,VIP 50,50,Yaoundé - Douala,Yaoundé-Edea-Douala,10:00,2026-10-18
GEN-012,VIP 50,50,Douala - Yaoundé,Douala-Edea-Yaoundé,10:15,2026-10-18
GEN-004,Classique 70,70,Yaoundé - Douala,Yaoundé-Edea-Douala,10:15,2026-10-18
GEN-013,Premium 30,30,Douala - Yaoundé,Douala-Edea-Yaoundé,10:30,2026-10-18
GEN-005,Classique 70,70,Yaoundé - Douala,Yaoundé-Edea-Douala,10:30,2026-10-18
GEN-025,VIP 50,50,Douala - Ouest,Douala-Bafang-Bafoussam,10:30,2026-10-18
GEN-017,VIP 50,50,Ouest - Douala,Bafoussam-Bafang-Douala,10:30,2026-10-18
GEN-014,Classique 70,70,Douala - Yaoundé,Douala-Edea-Yaoundé,10:45,2026-10-18
GEN-006,Classique 70,70,Yaoundé - Douala,Yaoundé-Edea-Douala,10:45,2026-10-18
GEN-015,VIP 50,50,Douala - Yaoundé,Douala-Edea-Yaoundé,11:00,2026-10-18
GEN-007,Classique 70,70,Yaoundé - Douala,Yaoundé-Edea-Douala,11:00,2026-10-18
GEN-026,VIP 50,50,Douala - Ouest,Douala-Bafang-Bafoussam,11:00,2026-10-18
GEN-018,Premium 30,30,Ouest - Douala,Bafoussam-Bafang-Douala,11:00,2026-10-18
GEN-016,VIP 50,50,Douala - Yaoundé,Douala-Edea-Yaoundé,11:15,2026-10-18
GEN-008,VIP 50,50,Yaoundé - Douala,Yaoundé-Edea-Douala,11:15,2026-10-18
GEN-027,Classique 70,70,Douala - Ouest,Douala-Bafang-Bafoussam,11:30,2026-10-18
GEN-019,Classique 70,70,Ouest - Douala,Bafoussam-Bafang-Douala,11:30,2026-10-18
GEN-028,Premium 30,30,Douala - Ouest,Douala-Bafang-Bafoussam,12:00,2026-10-18
GEN-020,Premium 30,30,Ouest - Douala,Bafoussam-Bafang-Douala,12:00,2026-10-18
GEN-029,Classique 70,70,Douala - Ouest,Douala-Bafang-Bafoussam,12:30,2026-10-18
GEN-021,Classique 70,70,Ouest - Douala,Bafoussam-Bafang-Douala,12:30,2026-10-18
GEN-030,VIP 50,50,Douala - Ouest,Douala-Bafang-Bafoussam,13:00,2026-10-18
GEN-022,VIP 50,50,Ouest - Douala,Bafoussam-Bafang-Douala,13:00,2026-10-18
GEN-031,Premium 30,30,Douala - Ouest,Douala-Bafang-Bafoussam,13:30,2026-10-18
GEN-023,Classique 70,70,Ouest - Douala,Bafoussam-Bafang-Douala,13:30,2026-10-18
GEN-001,VIP 50,50,Douala - Yaoundé,Douala-Edea-Yaoundé,14:00,2026-10-18
GEN-009,Classique 70,70,Yaoundé - Douala,Yaoundé-Edea-Douala,14:00,2026-10-18
GEN-032,VIP 50,50,Douala - Ouest,Douala-Bafang-Bafoussam,14:00,2026-10-18
GEN-024,Premium 30,30,Ouest - Douala,Bafoussam-Bafang-Douala,14:00,2026-10-18
GEN-002,Classique 70,70,Douala - Yaoundé,Douala-Edea-Yaoundé,14:15,2026-10-18
GEN-010,Premium 30,30,Yaoundé - Douala,Yaoundé-Edea-Douala,14:15,2026-10-18
GEN-003,VIP 50,50,Douala - Yaoundé,Douala-Edea-Yaoundé,14:30,2026-10-18
GEN-011,Classique 70,70,Yaoundé - Douala,Yaoundé-Edea-Douala,14:30,2026-10-18
GEN-004,Classique 70,70,Douala - Yaoundé,Douala-Edea-Yaoundé,14:45,2026-10-18
GEN-012,VIP 50,50,Yaoundé - Douala,Yaoundé-Edea-Douala,14:45,2026-10-18
GEN-005,Classique 70,70,Douala - Yaoundé,Douala-Edea-Yaoundé,15:00,2026-10-18
GEN-013,Premium 30,30,Yaoundé - Douala,Yaoundé-Edea-Douala,15:00,2026-10-18
GEN-006,Classique 70,70,Douala - Yaoundé,Douala-Edea-Yaoundé,15:15,2026-10-18
GEN-014,Classique 70,70,Yaoundé - Douala,Yaoundé-Edea-Douala,15:15,2026-10-18
GEN-007,Classique 70,70,Douala - Yaoundé,Douala-Edea-Yaoundé,15:30,2026-10-18
GEN-015,VIP 50,50,Yaoundé - Douala,Yaoundé-Edea-Douala,15:30,2026-10-18
GEN-008,VIP 50,50,Douala - Yaoundé,Douala-Edea-Yaoundé,15:45,2026-10-18
GEN-016,VIP 50,50,Yaoundé - Douala,Yaoundé-Edea-Douala,15:45,2026-10-18
GEN-017,VIP 50,50,Douala - Ouest,Douala-Bafang-Bafoussam,16:00,2026-10-18
GEN-025,VIP 50,50,Ouest - Douala,Bafoussam-Bafang-Douala,16:00,2026-10-18
GEN-018,Premium 30,30,Douala - Ouest,Douala-Bafang-Bafoussam,16:30,2026-10-18
GEN-026,VIP 50,50,Ouest - Douala,Bafoussam-Bafang-Douala,16:30,2026-10-18
GEN-019,Classique 70,70,Douala - Ouest,Douala-Bafang-Bafoussam,17:00,2026-10-18
GEN-027,Classique 70,70,Ouest - Douala,Bafoussam-Bafang-Douala,17:00,2026-10-18
GEN-020,Premium 30,30,Douala - Ouest,Douala-Bafang-Bafoussam,17:30,2026-10-18
GEN-028,Premium 30,30,Ouest - Douala,Bafoussam-Bafang-Douala,17:30,2026-10-18
GEN-021,Classique 70,70,Douala - Ouest,Douala-Bafang-Bafoussam,18:00,2026-10-18
GEN-029,Classique 70,70,Ouest - Douala,Bafoussam-Bafang-Douala,18:00,2026-10-18
GEN-009,Classique 70,70,Douala - Yaoundé,Douala-Edea-Yaoundé,18:30,2026-10-18
GEN-001,VIP 50,50,Yaoundé - Douala,Yaoundé-Edea-Douala,18:30,2026-10-18
GEN-022,VIP 50,50,Douala - Ouest,Douala-Bafang-Bafoussam,18:30,2026-10-18
GEN-030,VIP 50,50,Ouest - Douala,Bafoussam-Bafang-Douala,18:30,2026-10-18
GEN-010,Premium 30,30,Douala - Yaoundé,Douala-Edea-Yaoundé,18:45,2026-10-18
GEN-002,Classique 70,70,Yaoundé - Douala,Yaoundé-Edea-Douala,18:45,2026-10-18
GEN-011,Classique 70,70,Douala - Yaoundé,Douala-Edea-Yaoundé,19:00,2026-10-18
GEN-003,VIP 50,50,Yaoundé - Douala,Yaoundé-Edea-Douala,19:00,2026-10-18
GEN-023,Classique 70,70,Douala - Ouest,Douala-Bafang-Bafoussam,19:00,2026-10-18
GEN-031,Premium 30,30,Ouest - Douala,Bafoussam-Bafang-Douala,19:00,2026-10-18
GEN-012,VIP 50,50,Douala - Yaoundé,Douala-Edea-Yaoundé,19:15,2026-10-18
GEN-004,Classique 70,70,Yaoundé - Douala,Yaoundé-Edea-Douala,19:15,2026-10-18
GEN-013,Premium 30,30,Douala - Yaoundé,Douala-Edea-Yaoundé,19:30,2026-10-18
GEN-005,Classique 70,70,Yaoundé - Douala,Yaoundé-Edea-Douala,19:30,2026-10-18
GEN-024,Premium 30,30,Douala - Ouest,Douala-Bafang-Bafoussam,19:30,2026-10-18
GEN-032,VIP 50,50,Ouest - Douala,Bafoussam-Bafang-Douala,19:30,2026-10-18
GEN-014,Classique 70,70,Douala - Yaoundé,Douala-Edea-Yaoundé,19:45,2026-10-18
GEN-006,Classique 70,70,Yaoundé - Douala,Yaoundé-Edea-Douala,19:45,2026-10-18
GEN-015,VIP 50,50,Douala - Yaoundé,Douala-Edea-Yaoundé,20:00,2026-10-18
GEN-007,Classique 70,70,Yaoundé - Douala,Yaoundé-Edea-Douala,20:00,2026-10-18
GEN-016,VIP 50,50,Douala - Yaoundé,Douala-Edea-Yaoundé,20:15,2026-10-18
GEN-008,VIP 50,50,Yaoundé - Douala,Yaoundé-Edea-Douala,20:15,2026-10-18
GEN-001,VIP 50,50,Douala - Yaoundé,Douala-Edea-Yaoundé,05:00,2026-10-19
GEN-009,Classique 70,70,Yaoundé - Douala,Yaoundé-Edea-Douala,05:00,2026-10-19
GEN-025,VIP 50,50,Douala - Ouest,Douala-Bafang-Bafoussam,05:00,2026-10-19
GEN-017,VIP 50,50,Ouest - Douala,Bafoussam-Bafang-Douala,05:00,2026-10-19
GEN-002,Classique 70,70,Douala - Yaoundé,Douala-Edea-Yaoundé,05:15,2026-10-19
GEN-010,Premium 30,30,Yaoundé - Douala,Yaoundé-Edea-Douala,05:15,2026-10-19
GEN-003,VIP 50,50,Douala - Yaoundé,Douala-Edea-Yaoundé,05:30,2026-10-19
GEN-011,Classique 70,70,Yaoundé - Douala,Yaoundé-Edea-Douala,05:30,2026-10-19
GEN-026,VIP 50,50,Douala - Ouest,Douala-Bafang-Bafoussam,05:30,2026-10-19
GEN-018,Premium 30,30,Ouest - Douala,Bafoussam-Bafang-Douala,05:30,2026-10-19
GEN-004,Classique 70,70,Douala - Yaoundé,Douala-Edea-Yaoundé,05:45,2026-10-19
GEN-012,VIP 50,50,Yaoundé - Douala,Yaoundé-Edea-Douala,05:45,2026-10-19
GEN-005,Classique 70,70,Douala - Yaoundé,Douala-Edea-Yaoundé,06:00,2026-10-19
GEN-013,Premium 30,30,Yaoundé - Douala,Yaoundé-Edea-Douala,06:00,2026-10-19
GEN-027,Classique 70,70,Douala - Ouest,Douala-Bafang-Bafoussam,06:00,2026-10-19
GEN-019,Classique 70,70,Ouest - Douala,Bafoussam-Bafang-Douala,06:00,2026-10-19
GEN-006,Classique 70,70,Douala - Yaoundé,Douala-Edea-Yaoundé,06:15,2026-10-19
GEN-014,Classique 70,70,Yaoundé - Douala,Yaoundé-Edea-Douala,06:15,2026-10-19
GEN-007,Classique 70,70,Douala - Yaoundé,Douala-Edea-Yaoundé,06:30,2026-10-19
GEN-015,VIP 50,50,Yaoundé - Douala,Yaoundé-Edea-Douala,06:30,2026-10-19
GEN-028,Premium 30,30,Douala - Ouest,Douala-Bafang-Bafoussam,06:30,2026-10-19
GEN-020,Premium 30,30,Ouest - Douala,Bafoussam-Bafang-Douala,06:30,2026-10-19
GEN-008,VIP 50,50,Douala - Yaoundé,Douala-Edea-Yaoundé,06:45,2026-10-19
GEN-016,VIP 50,50,Yaoundé - Douala,Yaoundé-Edea-Douala,06:45,2026-10-19
GEN-029,Classique 70,70,Douala - Ouest,Douala-Bafang-Bafoussam,07:00,2026-10-19
GEN-021,Classique 70,70,Ouest - Douala,Bafoussam-Bafang-Douala,07:00,2026-10-19
GEN-030,VIP 50,50,Douala - Ouest,Douala-Bafang-Bafoussam,07:30,2026-10-19
GEN-022,VIP 50,50,Ouest - Douala,Bafoussam-Bafang-Douala,07:30,2026-10-19
GEN-031,Premium 30,30,Douala - Ouest,Douala-Bafang-Bafoussam,08:00,2026-10-19
GEN-023,Classique 70,70,Ouest - Douala,Bafoussam-Bafang-Douala,08:00,2026-10-19
GEN-032,VIP 50,50,Douala - Ouest,Douala-Bafang-Bafoussam,08:30,2026-10-19
GEN-024,Premium 30,30,Ouest - Douala,Bafoussam-Bafang-Douala,08:30,2026-10-19
GEN-009,Classique 70,70,Douala - Yaoundé,Douala-Edea-Yaoundé,09:30,2026-10-19
GEN-001,VIP 50,50,Yaoundé - Douala,Yaoundé-Edea-Douala,09:30,2026-10-19
GEN-010,Premium 30,30,Douala - Yaoundé,Douala-Edea-Yaoundé,09:45,2026-10-19
GEN-002,Classique 70,70,Yaoundé - Douala,Yaoundé-Edea-Douala,09:45,2026-10-19
GEN-011,Classique 70,70,Douala - Yaoundé,Douala-Edea-Yaoundé,10:00,2026-10-19
GEN-003,VIP 50,50,Yaoundé - Douala,Yaoundé-Edea-Douala,10:00,2026-10-19
GEN-012,VIP 50,50,Douala - Yaoundé,Douala-Edea-Yaoundé,10:15,2026-10-19
GEN-004,Classique 70,70,Yaoundé - Douala,Yaoundé-Edea-Douala,10:15,2026-10-19
GEN-013,Premium 30,30,Douala - Yaoundé,Douala-Edea-Yaoundé,10:30,2026-10-19
GEN-005,Classique 70,70,Yaoundé - Douala,Yaoundé-Edea-Douala,10:30,2026-10-19
GEN-017,VIP 50,50,Douala - Ouest,Douala-Bafang-Bafoussam,10:30,2026-10-19
GEN-025,VIP 50,50,Ouest - Douala,Bafoussam-Bafang-Douala,10:30,2026-10-19
GEN-014,Classique 70,70,Douala - Yaoundé,Douala-Edea-Yaoundé,10:45,2026-10-19
GEN-006,Classique 70,70,Yaoundé - Douala,Yaoundé-Edea-Douala,10:45,2026-10-19
GEN-015,VIP 50,50,Douala - Yaoundé,Douala-Edea-Yaoundé,11:00,2026-10-19
GEN-007,Classique 70,70,Yaoundé - Douala,Yaoundé-Edea-Douala,11:00,2026-10-19
GEN-018,Premium 30,30,Douala - Ouest,Douala-Bafang-Bafoussam,11:00,2026-10-19
GEN-026,VIP 50,50,Ouest - Douala,Bafoussam-Bafang-Douala,11:00,2026-10-19
GEN-016,VIP 50,50,Douala - Yaoundé,Douala-Edea-Yaoundé,11:15,2026-10-19
GEN-008,VIP 50,50,Yaoundé - Douala,Yaoundé-Edea-Douala,11:15,2026-10-19
GEN-019,Classique 70,70,Douala - Ouest,Douala-Bafang-Bafoussam,11:30,2026-10-19
GEN-027,Classique 70,70,Ouest - Douala,Bafoussam-Bafang-Douala,11:30,2026-10-19
GEN-020,Premium 30,30,Douala - Ouest,Douala-Bafang-Bafoussam,12:00,2026-10-19
GEN-028,Premium 30,30,Ouest - Douala,Bafoussam-Bafang-Douala,12:00,2026-10-19
GEN-021,Classique 70,70,Douala - Ouest,Douala-Bafang-Bafoussam,12:30,2026-10-19
GEN-029,Classique 70,70,Ouest - Douala,Bafoussam-Bafang-Douala,12:30,2026-10-19
GEN-022,VIP 50,50,Douala - Ouest,Douala-Bafang-Bafoussam,13:00,2026-10-19
GEN-030,VIP 50,50,Ouest - Douala,Bafoussam-Bafang-Douala,13:00,2026-10-19
GEN-023,Classique 70,70,Douala - Ouest,Douala-Bafang-Bafoussam,13:30,2026-10-19
GEN-031,Premium 30,30,Ouest - Douala,Bafoussam-Bafang-Douala,13:30,2026-10-19
GEN-001,VIP 50,50,Douala - Yaoundé,Douala-Edea-Yaoundé,14:00,2026-10-19
GEN-009,Classique 70,70,Yaoundé - Douala,Yaoundé-Edea-Douala,14:00,2026-10-19
GEN-024,Premium 30,30,Douala - Ouest,Douala-Bafang-Bafoussam,14:00,2026-10-19
GEN-032,VIP 50,50,Ouest - Douala,Bafoussam-Bafang-Douala,14:00,2026-10-19
GEN-002,Classique 70,70,Douala - Yaoundé,Douala-Edea-Yaoundé,14:15,2026-10-19
GEN-010,Premium 30,30,Yaoundé - Douala,Yaoundé-Edea-Douala,14:15,2026-10-19
GEN-003,VIP 50,50,Douala - Yaoundé,Douala-Edea-Yaoundé,14:30,2026-10-19
GEN-011,Classique 70,70,Yaoundé - Douala,Yaoundé-Edea-Douala,14:30,2026-10-19
GEN-004,Classique 70,70,Douala - Yaoundé,Douala-Edea-Yaoundé,14:45,2026-10-19
GEN-012,VIP 50,50,Yaoundé - Douala,Yaoundé-Edea-Douala,14:45,2026-10-19
GEN-005,Classique 70,70,Douala - Yaoundé,Douala-Edea-Yaoundé,15:00,2026-10-19
GEN-013,Premium 30,30,Yaoundé - Douala,Yaoundé-Edea-Douala,15:00,2026-10-19
GEN-006,Classique 70,70,Douala - Yaoundé,Douala-Edea-Yaoundé,15:15,2026-10-19
GEN-014,Classique 70,70,Yaoundé - Douala,Yaoundé-Edea-Douala,15:15,2026-10-19
GEN-007,Classique 70,70,Douala - Yaoundé,Douala-Edea-Yaoundé,15:30,2026-10-19
GEN-015,VIP 50,50,Yaoundé - Douala,Yaoundé-Edea-Douala,15:30,2026-10-19
GEN-008,VIP 50,50,Douala - Yaoundé,Douala-Edea-Yaoundé,15:45,2026-10-19
GEN-016,VIP 50,50,Yaoundé - Douala,Yaoundé-Edea-Douala,15:45,2026-10-19
GEN-025,VIP 50,50,Douala - Ouest,Douala-Bafang-Bafoussam,16:00,2026-10-19
GEN-017,VIP 50,50,Ouest - Douala,Bafoussam-Bafang-Douala,16:00,2026-10-19
GEN-026,VIP 50,50,Douala - Ouest,Douala-Bafang-Bafoussam,16:30,2026-10-19
GEN-018,Premium 30,30,Ouest - Douala,Bafoussam-Bafang-Douala,16:30,2026-10-19
GEN-027,Classique 70,70,Douala - Ouest,Douala-Bafang-Bafoussam,17:00,2026-10-19
GEN-019,Classique 70,70,Ouest - Douala,Bafoussam-Bafang-Douala,17:00,2026-10-19
GEN-028,Premium 30,30,Douala - Ouest,Douala-Bafang-Bafoussam,17:30,2026-10-19
GEN-020,Premium 30,30,Ouest - Douala,Bafoussam-Bafang-Douala,17:30,2026-10-19
GEN-029,Classique 70,70,Douala - Ouest,Douala-Bafang-Bafoussam,18:00,2026-10-19
GEN-021,Classique 70,70,Ouest - Douala,Bafoussam-Bafang-Douala,18:00,2026-10-19
GEN-009,Classique 70,70,Douala - Yaoundé,Douala-Edea-Yaoundé,18:30,2026-10-19
GEN-001,VIP 50,50,Yaoundé - Douala,Yaoundé-Edea-Douala,18:30,2026-10-19
GEN-030,VIP 50,50,Douala - Ouest,Douala-Bafang-Bafoussam,18:30,2026-10-19
GEN-022,VIP 50,50,Ouest - Douala,Bafoussam-Bafang-Douala,18:30,2026-10-19
GEN-010,Premium 30,30,Douala - Yaoundé,Douala-Edea-Yaoundé,18:45,2026-10-19
GEN-002,Classique 70,70,Yaoundé - Douala,Yaoundé-Edea-Douala,18:45,2026-10-19
GEN-011,Classique 70,70,Douala - Yaoundé,Douala-Edea-Yaoundé,19:00,2026-10-19
GEN-003,VIP 50,50,Yaoundé - Douala,Yaoundé-Edea-Douala,19:00,2026-10-19
GEN-031,Premium 30,30,Douala - Ouest,Douala-Bafang-Bafoussam,19:00,2026-10-19
GEN-023,Classique 70,70,Ouest - Douala,Bafoussam-Bafang-Douala,19:00,2026-10-19
GEN-012,VIP 50,50,Douala - Yaoundé,Douala-Edea-Yaoundé,19:15,2026-10-19
GEN-004,Classique 70,70,Yaoundé - Douala,Yaoundé-Edea-Douala,19:15,2026-10-19
GEN-013,Premium 30,30,Douala - Yaoundé,Douala-Edea-Yaoundé,19:30,2026-10-19
GEN-005,Classique 70,70,Yaoundé - Douala,Yaoundé-Edea-Douala,19:30,2026-10-19
GEN-032,VIP 50,50,Douala - Ouest,Douala-Bafang-Bafoussam,19:30,2026-10-19
GEN-024,Premium 30,30,Ouest - Douala,Bafoussam-Bafang-Douala,19:30,2026-10-19
GEN-014,Classique 70,70,Douala - Yaoundé,Douala-Edea-Yaoundé,19:45,2026-10-19
GEN-006,Classique 70,70,Yaoundé - Douala,Yaoundé-Edea-Douala,19:45,2026-10-19
GEN-015,VIP 50,50,Douala - Yaoundé,Douala-Edea-Yaoundé,20:00,2026-10-19
GEN-007,Classique 70,70,Yaoundé - Douala,Yaoundé-Edea-Douala,20:00,2026-10-19
GEN-016,VIP 50,50,Douala - Yaoundé,Douala-Edea-Yaoundé,20:15,2026-10-19
GEN-008,VIP 50,50,Yaoundé - Douala,Yaoundé-Edea-Douala,20:15,2026-10-19
GEN-001,VIP 50,50,Douala - Yaoundé,Douala-Edea-Yaoundé,05:00,2026-10-20
GEN-009,Classique 70,70,Yaoundé - Douala,Yaoundé-Edea-Douala,05:00,2026-10-20
GEN-017,VIP 50,50,Douala - Ouest,Douala-Bafang-Bafoussam,05:00,2026-10-20
GEN-025,VIP 50,50,Ouest - Douala,Bafoussam-Bafang-Douala,05:00,2026-10-20
GEN-002,Classique 70,70,Douala - Yaoundé,Douala-Edea-Yaoundé,05:15,2026-10-20
GEN-010,Premium 30,30,Yaoundé - Douala,Yaoundé-Edea-Douala,05:15,2026-10-20
GEN-003,VIP 50,50,Douala - Yaoundé,Douala-Edea-Yaoundé,05:30,2026-10-20
GEN-011,Classique 70,70,Yaoundé - Douala,Yaoundé-Edea-Douala,05:30,2026-10-20
GEN-018,Premium 30,30,Douala - Ouest,Douala-Bafang-Bafoussam,05:30,2026-10-20
GEN-026,VIP 50,50,Ouest - Douala,Bafoussam-Bafang-Douala,05:30,2026-10-20
GEN-004,Classique 70,70,Douala - Yaoundé,Douala-Edea-Yaoundé,05:45,2026-10-20
GEN-012,VIP 50,50,Yaoundé - Douala,Yaoundé-Edea-Douala,05:45,2026-10-20
GEN-005,Classique 70,70,Douala - Yaoundé,Douala-Edea-Yaoundé,06:00,2026-10-20
GEN-013,Premium 30,30,Yaoundé - Douala,Yaoundé-Edea-Douala,06:00,2026-10-20
GEN-019,Classique 70,70,Douala - Ouest,Douala-Bafang-Bafoussam,06:00,2026-10-20
GEN-027,Classique 70,70,Ouest - Douala,Bafoussam-Bafang-Douala,06:00,2026-10-20
GEN-006,Classique 70,70,Douala - Yaoundé,Douala-Edea-Yaoundé,06:15,2026-10-20
GEN-014,Classique 70,70,Yaoundé - Douala,Yaoundé-Edea-Douala,06:15,2026-10-20
GEN-007,Classique 70,70,Douala - Yaoundé,Douala-Edea-Yaoundé,06:30,2026-10-20
GEN-015,VIP 50,50,Yaoundé - Douala,Yaoundé-Edea-Douala,06:30,2026-10-20
GEN-020,Premium 30,30,Douala - Ouest,Douala-Bafang-Bafoussam,06:30,2026-10-20
GEN-028,Premium 30,30,Ouest - Douala,Bafoussam-Bafang-Douala,06:30,2026-10-20
GEN-008,VIP 50,50,Douala - Yaoundé,Douala-Edea-Yaoundé,06:45,2026-10-20
GEN-016,VIP 50,50,Yaoundé - Douala,Yaoundé-Edea-Douala,06:45,2026-10-20
GEN-021,Classique 70,70,Douala - Ouest,Douala-Bafang-Bafoussam,07:00,2026-10-20
GEN-029,Classique 70,70,Ouest - Douala,Bafoussam-Bafang-Douala,07:00,2026-10-20
GEN-022,VIP 50,50,Douala - Ouest,Douala-Bafang-Bafoussam,07:30,2026-10-20
GEN-030,VIP 50,50,Ouest - Douala,Bafoussam-Bafang-Douala,07:30,2026-10-20
GEN-023,Classique 70,70,Douala - Ouest,Douala-Bafang-Bafoussam,08:00,2026-10-20
GEN-031,Premium 30,30,Ouest - Douala,Bafoussam-Bafang-Douala,08:00,2026-10-20
GEN-024,Premium 30,30,Douala - Ouest,Douala-Bafang-Bafoussam,08:30,2026-10-20
GEN-032,VIP 50,50,Ouest - Douala,Bafoussam-Bafang-Douala,08:30,2026-10-20
GEN-009,Classique 70,70,Douala - Yaoundé,Douala-Edea-Yaoundé,09:30,2026-10-20
GEN-001,VIP 50,50,Yaoundé - Douala,Yaoundé-Edea-Douala,09:30,2026-10-20
GEN-010,Premium 30,30,Douala - Yaoundé,Douala-Edea-Yaoundé,09:45,2026-10-20
GEN-002,Classique 70,70,Yaoundé - Douala,Yaoundé-Edea-Douala,09:45,2026-10-20
GEN-011,Classique 70,70,Douala - Yaoundé,Douala-Edea-Yaoundé,10:00,2026-10-20
GEN-003,VIP 50,50,Yaoundé - Douala,Yaoundé-Edea-Douala,10:00,2026-10-20
GEN-012,VIP 50,50,Douala - Yaoundé,Douala-Edea-Yaoundé,10:15,2026-10-20
GEN-004,Classique 70,70,Yaoundé - Douala,Yaoundé-Edea-Douala,10:15,2026-10-20
GEN-013,Premium 30,30,Douala - Yaoundé,Douala-Edea-Yaoundé,10:30,2026-10-20
GEN-005,Classique 70,70,Yaoundé - Douala,Yaoundé-Edea-Douala,10:30,2026-10-20
GEN-025,VIP 50,50,Douala - Ouest,Douala-Bafang-Bafoussam,10:30,2026-10-20
GEN-017,VIP 50,50,Ouest - Douala,Bafoussam-Bafang-Douala,10:30,2026-10-20
GEN-014,Classique 70,70,Douala - Yaoundé,Douala-Edea-Yaoundé,10:45,2026-10-20
GEN-006,Classique 70,70,Yaoundé - Douala,Yaoundé-Edea-Douala,10:45,2026-10-20
GEN-015,VIP 50,50,Douala - Yaoundé,Douala-Edea-Yaoundé,11:00,2026-10-20
GEN-007,Classique 70,70,Yaoundé - Douala,Yaoundé-Edea-Douala,11:00,2026-10-20
GEN-026,VIP 50,50,Douala - Ouest,Douala-Bafang-Bafoussam,11:00,2026-10-20
GEN-018,Premium 30,30,Ouest - Douala,Bafoussam-Bafang-Douala,11:00,2026-10-20
GEN-016,VIP 50,50,Douala - Yaoundé,Douala-Edea-Yaoundé,11:15,2026-10-20
GEN-008,VIP 50,50,Yaoundé - Douala,Yaoundé-Edea-Douala,11:15,2026-10-20
GEN-027,Classique 70,70,Douala - Ouest,Douala-Bafang-Bafoussam,11:30,2026-10-20
GEN-019,Classique 70,70,Ouest - Douala,Bafoussam-Bafang-Douala,11:30,2026-10-20
GEN-028,Premium 30,30,Douala - Ouest,Douala-Bafang-Bafoussam,12:00,2026-10-20
GEN-020,Premium 30,30,Ouest - Douala,Bafoussam-Bafang-Douala,12:00,2026-10-20
GEN-029,Classique 70,70,Douala - Ouest,Douala-Bafang-Bafoussam,12:30,2026-10-20
GEN-021,Classique 70,70,Ouest - Douala,Bafoussam-Bafang-Douala,12:30,2026-10-20
GEN-030,VIP 50,50,Douala - Ouest,Douala-Bafang-Bafoussam,13:00,2026-10-20
GEN-022,VIP 50,50,Ouest - Douala,Bafoussam-Bafang-Douala,13:00,2026-10-20
GEN-031,Premium 30,30,Douala - Ouest,Douala-Bafang-Bafoussam,13:30,2026-10-20
GEN-023,Classique 70,70,Ouest - Douala,Bafoussam-Bafang-Douala,13:30,2026-10-20
GEN-001,VIP 50,50,Douala - Yaoundé,Douala-Edea-Yaoundé,14:00,2026-10-20
GEN-009,Classique 70,70,Yaoundé - Douala,Yaoundé-Edea-Douala,14:00,2026-10-20
GEN-032,VIP 50,50,Douala - Ouest,Douala-Bafang-Bafoussam,14:00,2026-10-20
GEN-024,Premium 30,30,Ouest - Douala,Bafoussam-Bafang-Douala,14:00,2026-10-20
GEN-002,Classique 70,70,Douala - Yaoundé,Douala-Edea-Yaoundé,14:15,2026-10-20
GEN-010,Premium 30,30,Yaoundé - Douala,Yaoundé-Edea-Douala,14:15,2026-10-20
GEN-003,VIP 50,50,Douala - Yaoundé,Douala-Edea-Yaoundé,14:30,2026-10-20
GEN-011,Classique 70,70,Yaoundé - Douala,Yaoundé-Edea-Douala,14:30,2026-10-20
GEN-004,Classique 70,70,Douala - Yaoundé,Douala-Edea-Yaoundé,14:45,2026-10-20
GEN-012,VIP 50,50,Yaoundé - Douala,Yaoundé-Edea-Douala,14:45,2026-10-20
GEN-005,Classique 70,70,Douala - Yaoundé,Douala-Edea-Yaoundé,15:00,2026-10-20
GEN-013,Premium 30,30,Yaoundé - Douala,Yaoundé-Edea-Douala,15:00,2026-10-20
GEN-006,Classique 70,70,Douala - Yaoundé,Douala-Edea-Yaoundé,15:15,2026-10-20
GEN-014,Classique 70,70,Yaoundé - Douala,Yaoundé-Edea-Douala,15:15,2026-10-20
GEN-007,Classique 70,70,Douala - Yaoundé,Douala-Edea-Yaoundé,15:30,2026-10-20
GEN-015,VIP 50,50,Yaoundé - Douala,Yaoundé-Edea-Douala,15:30,2026-10-20
GEN-008,VIP 50,50,Douala - Yaoundé,Douala-Edea-Yaoundé,15:45,2026-10-20
GEN-016,VIP 50,50,Yaoundé - Douala,Yaoundé-Edea-Douala,15:45,2026-10-20
GEN-017,VIP 50,50,Douala - Ouest,Douala-Bafang-Bafoussam,16:00,2026-10-20
GEN-025,VIP 50,50,Ouest - Douala,Bafoussam-Bafang-Douala,16:00,2026-10-20
GEN-018,Premium 30,30,Douala - Ouest,Douala-Bafang-Bafoussam,16:30,2026-10-20
GEN-026,VIP 50,50,Ouest - Douala,Bafoussam-Bafang-Douala,16:30,2026-10-20
GEN-019,Classique 70,70,Douala - Ouest,Douala-Bafang-Bafoussam,17:00,2026-10-20
GEN-027,Classique 70,70,Ouest - Douala,Bafoussam-Bafang-Douala,17:00,2026-10-20
GEN-020,Premium 30,30,Douala - Ouest,Douala-Bafang-Bafoussam,17:30,2026-10-20
GEN-028,Premium 30,30,Ouest - Douala,Bafoussam-Bafang-Douala,17:30,2026-10-20
GEN-021,Classique 70,70,Douala - Ouest,Douala-Bafang-Bafoussam,18:00,2026-10-20
GEN-029,Classique 70,70,Ouest - Douala,Bafoussam-Bafang-Douala,18:00,2026-10-20
GEN-009,Classique 70,70,Douala - Yaoundé,Douala-Edea-Yaoundé,18:30,2026-10-20
GEN-001,VIP 50,50,Yaoundé - Douala,Yaoundé-Edea-Douala,18:30,2026-10-20
GEN-022,VIP 50,50,Douala - Ouest,Douala-Bafang-Bafoussam,18:30,2026-10-20
GEN-030,VIP 50,50,Ouest - Douala,Bafoussam-Bafang-Douala,18:30,2026-10-20
GEN-010,Premium 30,30,Douala - Yaoundé,Douala-Edea-Yaoundé,18:45,2026-10-20
GEN-002,Classique 70,70,Yaoundé - Douala,Yaoundé-Edea-Douala,18:45,2026-10-20
GEN-011,Classique 70,70,Douala - Yaoundé,Douala-Edea-Yaoundé,19:00,2026-10-20
GEN-003,VIP 50,50,Yaoundé - Douala,Yaoundé-Edea-Douala,19:00,2026-10-20
GEN-023,Classique 70,70,Douala - Ouest,Douala-Bafang-Bafoussam,19:00,2026-10-20
GEN-031,Premium 30,30,Ouest - Douala,Bafoussam-Bafang-Douala,19:00,2026-10-20
GEN-012,VIP 50,50,Douala - Yaoundé,Douala-Edea-Yaoundé,19:15,2026-10-20
GEN-004,Classique 70,70,Yaoundé - Douala,Yaoundé-Edea-Douala,19:15,2026-10-20
GEN-013,Premium 30,30,Douala - Yaoundé,Douala-Edea-Yaoundé,19:30,2026-10-20
GEN-005,Classique 70,70,Yaoundé - Douala,Yaoundé-Edea-Douala,19:30,2026-10-20
GEN-024,Premium 30,30,Douala - Ouest,Douala-Bafang-Bafoussam,19:30,2026-10-20
GEN-032,VIP 50,50,Ouest - Douala,Bafoussam-Bafang-Douala,19:30,2026-10-20
GEN-014,Classique 70,70,Douala - Yaoundé,Douala-Edea-Yaoundé,19:45,2026-10-20
GEN-006,Classique 70,70,Yaoundé - Douala,Yaoundé-Edea-Douala,19:45,2026-10-20
GEN-015,VIP 50,50,Douala - Yaoundé,Douala-Edea-Yaoundé,20:00,2026-10-20
GEN-007,Classique 70,70,Yaoundé - Douala,Yaoundé-Edea-Douala,20:00,2026-10-20
GEN-016,VIP 50,50,Douala - Yaoundé,Douala-Edea-Yaoundé,20:15,2026-10-20
GEN-008,VIP 50,50,Yaoundé - Douala,Yaoundé-Edea-Douala,20:15,2026-10-20
